# https://github.com/mikedh/trimesh
v 0.00296514 -0.00412779 -0.09476499
v 0.00274742 -0.00408534 -0.09467100
v 0.00285520 -0.00411806 -0.09472200
v 0.00286114 -0.00287561 -0.09429800
v 0.00409546 -0.00462822 -0.09537700
v 0.00128871 -0.00423313 -0.09431200
v 0.00319107 -0.00502108 -0.09516701
v 0.00104209 -0.00274877 -0.09389999
v 0.00246671 -0.00613891 -0.09539100
v 0.00118957 -0.00661906 -0.09544100
v 0.00452970 -0.00531227 -0.09556498
v 0.00302348 -0.00694124 -0.09555599
v 0.00133048 -0.00772287 -0.09553900
v 0.00503120 -0.00388257 -0.09544399
v 0.00278523 -0.00783522 -0.09547100
v 0.00227894 -0.00856218 -0.09529202
v 0.00476522 -0.00666156 -0.09550600
v 0.00355077 -0.00821992 -0.09521499
v 0.00393283 -0.00873516 -0.09462900
v 0.00224796 -0.00920845 -0.09475101
v 0.00581528 -0.00715400 -0.09492901
v 0.00592806 -0.00491508 -0.09558000
v 0.00668337 -0.00553118 -0.09524700
v 0.00547389 -0.00813998 -0.09407000
v 0.00680625 -0.00669795 -0.09443901
v 0.00330489 -0.00952347 -0.09375700
v 0.00054785 -0.00986865 -0.09420900
v 0.00428261 -0.00907049 -0.09363100
v 0.00145600 -0.01006837 -0.09327301
v 0.00016573 -0.01024420 -0.09277300
v 0.00183191 -0.01047780 -0.09083801
v 0.00449452 -0.00955913 -0.09087400
v -0.00000985 -0.01095728 -0.08885099
v -0.00108220 -0.01058900 -0.09044300
v 0.00326415 -0.01042307 -0.08914900
v 0.00138952 -0.01096464 -0.08869900
v -0.00108092 -0.01103387 -0.08835199
v -0.00231515 -0.01078590 -0.08835499
v 0.00112504 -0.01148790 -0.08773701
v -0.00181878 -0.01147460 -0.08729900
v -0.00329236 -0.01077958 -0.08675100
v -0.00006857 -0.01151790 -0.08775400
v -0.00327090 -0.01117434 -0.08595900
v -0.00463031 -0.01042023 -0.08581201
v -0.00109494 -0.01297359 -0.08630301
v -0.00213010 -0.01257656 -0.08599300
v 0.00106605 -0.01215921 -0.08704401
v 0.00305494 -0.01094154 -0.08810499
v 0.00281775 -0.01157198 -0.08731001
v 0.00436098 -0.01027811 -0.08778400
v 0.00356139 -0.01128144 -0.08722400
v 0.00228384 -0.01297054 -0.08623199
v 0.00373556 -0.01262424 -0.08614100
v 0.00079238 -0.01302403 -0.08635700
v 0.00060811 -0.01335320 -0.08591600
v 0.00317521 -0.01298715 -0.08571399
v -0.00127676 -0.01317669 -0.08579799
v 0.00192878 -0.01323373 -0.08556900
v -0.00001062 -0.01331110 -0.08550300
v -0.00228290 -0.01247585 -0.08538200
v -0.00139601 -0.01244927 -0.08473000
v -0.00292586 -0.01150548 -0.08493700
v -0.00229778 -0.01166889 -0.08445700
v -0.00341056 -0.01137796 -0.08369100
v -0.00124556 -0.01183633 -0.08415100
v -0.00001865 -0.01216809 -0.08440801
v 0.00137176 -0.01273656 -0.08488401
v 0.00300584 -0.01264909 -0.08508899
v 0.00196468 -0.01199748 -0.08438700
v 0.00396557 -0.01257631 -0.08564701
v 0.00328554 -0.01159346 -0.08442701
v 0.00463770 -0.01192191 -0.08602701
v 0.00445361 -0.01177207 -0.08504200
v 0.00457679 -0.01071409 -0.08675901
v 0.00512194 -0.01112148 -0.08529400
v 0.00523585 -0.01053323 -0.08598499
v 0.00570711 -0.00977618 -0.08673800
v 0.00590353 -0.01003772 -0.08518400
v 0.00500713 -0.01080333 -0.08454500
v 0.00590868 -0.00909912 -0.08922901
v 0.00714090 -0.00880414 -0.08641699
v 0.00654001 -0.00993310 -0.08358499
v 0.00568955 -0.00842273 -0.09275900
v 0.00637769 -0.00761543 -0.09353000
v 0.00710310 -0.00752140 -0.09131601
v 0.00760220 -0.00778648 -0.08834600
v 0.00751329 -0.00638101 -0.09345701
v 0.00812429 -0.00673054 -0.08998800
v 0.00872857 -0.00737487 -0.08549000
v 0.00816131 -0.00502328 -0.09409000
v 0.00791321 -0.00882995 -0.08340000
v 0.00793787 -0.00469487 -0.09466100
v 0.00849028 -0.00495977 -0.09333000
v 0.00847791 -0.00358897 -0.09455299
v 0.00750095 -0.00376634 -0.09538999
v 0.00925427 -0.00262248 -0.09318802
v 0.00713371 -0.00225902 -0.09559900
v 0.00900245 -0.00229180 -0.09420101
v 0.00867668 -0.00104000 -0.09493400
v 0.00764529 -0.00044468 -0.09552900
v 0.00613610 -0.00257972 -0.09555401
v 0.00930757 -0.00068748 -0.09358400
v 0.00488347 -0.00266941 -0.09509599
v 0.00538611 -0.00126517 -0.09528999
v 0.00325307 -0.00097463 -0.09418100
v 0.00607533 0.00033036 -0.09554001
v 0.00511372 0.00023013 -0.09517900
v 0.00208051 -0.00132101 -0.09387800
v 0.00056580 -0.00087903 -0.09366600
v 0.00200328 -0.00010301 -0.09390600
v 0.00127877 0.00109751 -0.09395599
v 0.00330587 0.00072375 -0.09437301
v 0.00222904 0.00227154 -0.09448200
v 0.00076481 0.00284527 -0.09450499
v 0.00548734 0.00154029 -0.09551100
v 0.00430301 0.00243302 -0.09530401
v 0.00211663 0.00390317 -0.09522199
v 0.00096251 0.00505901 -0.09561401
v 0.00349854 0.00336330 -0.09539501
v 0.00274562 0.00465302 -0.09556000
v 0.00138494 0.00634085 -0.09565000
v 0.00491168 0.00313500 -0.09560100
v 0.00509648 0.00463503 -0.09562198
v 0.00662797 0.00196758 -0.09562500
v 0.00309993 0.00646024 -0.09545999
v 0.00200220 0.00699138 -0.09532902
v 0.00732411 0.00217182 -0.09546900
v 0.00364838 0.00733770 -0.09451500
v 0.00114414 0.00773909 -0.09484900
v 0.00228527 0.00802168 -0.09396601
v 0.00453780 0.00591400 -0.09531700
v 0.00626656 0.00474781 -0.09514900
v 0.00516913 0.00625220 -0.09471599
v 0.00400101 0.00758236 -0.09354101
v 0.00234888 0.00849658 -0.09184702
v 0.00515346 0.00683462 -0.09378801
v 0.00395603 0.00809575 -0.09116800
v 0.00274964 0.00906193 -0.08841400
v 0.00559138 0.00717019 -0.09130501
v 0.00484596 0.00830355 -0.08831800
v 0.00383230 0.00905321 -0.08716699
v 0.00470275 0.00874673 -0.08683700
v 0.00624066 0.00778867 -0.08708599
v 0.00488000 0.00886487 -0.08550400
v 0.00609540 0.00609259 -0.09381199
v 0.00748790 0.00590781 -0.08976400
v 0.00635251 0.00518064 -0.09477600
v 0.00715244 0.00506379 -0.09360800
v 0.00755394 0.00412856 -0.09434801
v 0.00769725 0.00301505 -0.09490299
v 0.00818932 0.00405658 -0.09269401
v 0.00849390 0.00210221 -0.09451299
v 0.00876369 0.00226688 -0.09387499
v 0.00818205 0.00039754 -0.09524299
v 0.00886724 0.00012300 -0.09450201
v 0.00911631 0.00103736 -0.09363100
v 0.00963628 0.00092637 -0.09139900
v 0.00985995 -0.00105993 -0.09077599
v 0.00944256 0.00287062 -0.08946399
v 0.00949088 -0.00307598 -0.09149700
v 0.00889061 0.00448024 -0.08848501
v 0.00884837 -0.00492492 -0.09158100
v 0.00907554 -0.00568728 -0.08852501
v 0.00968682 -0.00407061 -0.08898102
v 0.01014409 -0.00268623 -0.08850199
v 0.01001837 -0.00520645 -0.08558300
v 0.01051590 -0.00251923 -0.08711801
v 0.01027186 -0.00068073 -0.08866501
v 0.00913148 -0.00780770 -0.08251299
v 0.01017229 0.00084550 -0.08872000
v 0.00895743 -0.00869634 -0.08012199
v 0.01012189 0.00212925 -0.08753401
v 0.01096783 -0.00091966 -0.08542900
v 0.01072293 0.00078885 -0.08623899
v 0.00992692 0.00371227 -0.08602501
v 0.01080525 0.00230849 -0.08400099
v 0.01125404 0.00087302 -0.08336000
v 0.01111506 -0.00297345 -0.08350099
v 0.01148844 -0.00076042 -0.08260999
v 0.01103813 -0.00449320 -0.08190000
v 0.01179202 -0.00238954 -0.08069801
v 0.01173056 0.00015038 -0.08119301
v 0.01188688 -0.00119353 -0.08060400
v 0.01177472 0.00127558 -0.08016300
v 0.01234990 0.00050128 -0.07767401
v 0.01234078 -0.00152416 -0.07781301
v 0.01203498 -0.00349864 -0.07817699
v 0.01025581 -0.00657937 -0.08115600
v 0.01123775 -0.00590656 -0.07802900
v 0.00994153 -0.00796470 -0.07835100
v 0.01226144 -0.00337207 -0.07731901
v 0.01208865 -0.00519442 -0.07659901
v 0.01284178 -0.00286990 -0.07648300
v 0.01257425 -0.00046738 -0.07723400
v 0.01330800 -0.00236275 -0.07607399
v 0.01300132 0.00053873 -0.07644701
v 0.01327437 -0.00398780 -0.07583000
v 0.01154930 -0.00691549 -0.07635599
v 0.01409714 -0.00250761 -0.07552401
v 0.01057513 -0.00729612 -0.07752201
v 0.01374608 -0.00028908 -0.07581699
v 0.00983028 -0.00852366 -0.07733000
v 0.01465167 -0.00118841 -0.07537399
v 0.00916114 -0.00890231 -0.07836700
v 0.01020927 -0.00860849 -0.07665501
v 0.00847920 -0.01009681 -0.07712301
v 0.00798703 -0.01008670 -0.07821901
v 0.00738040 -0.01005190 -0.08053499
v 0.00677315 -0.01116513 -0.07750801
v 0.00620011 -0.01070570 -0.08120899
v 0.00493738 -0.01098556 -0.08308000
v 0.00468801 -0.01200301 -0.07865499
v 0.00383784 -0.01125974 -0.08408100
v 0.00329792 -0.01175624 -0.08228601
v 0.00183426 -0.01183892 -0.08391701
v 0.00012930 -0.01193215 -0.08391701
v 0.00154615 -0.01213378 -0.08239500
v 0.00253461 -0.01239258 -0.07983301
v 0.00075905 -0.01253949 -0.08040201
v -0.00145901 -0.01207815 -0.08255301
v 0.00269315 -0.01278687 -0.07771700
v -0.00117380 -0.01280106 -0.07872000
v -0.00316032 -0.01201432 -0.08071301
v 0.00061634 -0.01311117 -0.07751400
v -0.00505724 -0.01127757 -0.08080200
v -0.00647612 -0.00992136 -0.08317701
v -0.00225086 -0.01281753 -0.07772800
v -0.00734251 -0.01037054 -0.07849600
v -0.00783954 -0.00941215 -0.08067001
v -0.00885472 -0.00886825 -0.07870300
v -0.00446814 -0.01205234 -0.07828100
v -0.00569745 -0.01163156 -0.07751801
v -0.00816863 -0.00996990 -0.07746302
v -0.00964318 -0.00838908 -0.07741499
v -0.00989942 -0.00890062 -0.07647501
v -0.00674026 -0.01126279 -0.07692801
v -0.00808952 -0.01055644 -0.07663900
v -0.00774665 -0.01143527 -0.07606499
v -0.00552598 -0.01253541 -0.07622900
v -0.00467682 -0.01242112 -0.07693800
v -0.00347425 -0.01293049 -0.07671700
v -0.00107034 -0.01325345 -0.07704401
v -0.00100664 -0.01378673 -0.07624500
v -0.00392376 -0.01374891 -0.07575300
v 0.00196506 -0.01331974 -0.07673801
v -0.00232795 -0.01432744 -0.07560400
v 0.00452074 -0.01257622 -0.07698400
v 0.00025544 -0.01438112 -0.07575401
v 0.00600952 -0.01182523 -0.07698400
v 0.00372130 -0.01332324 -0.07624500
v 0.00520097 -0.01270635 -0.07634100
v 0.00761296 -0.01138255 -0.07632502
v 0.00589550 -0.01332490 -0.07566099
v 0.00288406 -0.01414655 -0.07570700
v 0.00054861 -0.01550501 -0.07521301
v 0.00623716 -0.01423472 -0.07525002
v -0.00372100 -0.01508321 -0.07527201
v 0.00286337 -0.01533929 -0.07523001
v -0.00522447 -0.01390836 -0.07544300
v 0.00780190 -0.01251652 -0.07547501
v -0.00645143 -0.01287805 -0.07565599
v -0.00613876 -0.01398415 -0.07531900
v -0.00854555 -0.01173059 -0.07554100
v -0.00737630 -0.01312207 -0.07532400
v -0.01035653 -0.01002869 -0.07549299
v -0.01089919 -0.00867614 -0.07584299
v -0.01223000 -0.00817968 -0.07542601
v -0.00947714 -0.01178056 -0.07526499
v -0.01187283 -0.00969793 -0.07527802
v -0.01354443 -0.00847128 -0.07527901
v -0.01363646 -0.01116549 -0.07528000
v -0.01587796 -0.00905489 -0.07526001
v -0.00824263 -0.01400365 -0.07522100
v -0.01520395 -0.01140833 -0.07515900
v -0.01694548 -0.00905911 -0.07506399
v -0.01110861 -0.01421133 -0.07523600
v -0.01358976 -0.01331024 -0.07511600
v -0.01600317 -0.01134611 -0.07485300
v -0.01743014 -0.00973768 -0.07444101
v -0.01429895 -0.01376531 -0.07471500
v -0.01651307 -0.01156204 -0.07425001
v -0.01800917 -0.00952014 -0.07385900
v -0.01549920 -0.01339380 -0.07381201
v -0.01707658 -0.01154337 -0.07289801
v -0.01821914 -0.00947990 -0.07302200
v -0.01228456 -0.01494193 -0.07500002
v -0.01736556 -0.01113391 -0.07143499
v -0.01848874 -0.00905803 -0.07108299
v -0.01086337 -0.01590369 -0.07507900
v -0.01748361 -0.01082850 -0.06829901
v -0.01838390 -0.00907211 -0.06852900
v -0.01652205 -0.01238169 -0.07049301
v -0.01781570 -0.00987820 -0.06671801
v -0.01846539 -0.00836832 -0.06625100
v -0.01770530 -0.00979470 -0.06423400
v -0.01849728 -0.00795718 -0.06356299
v -0.01689584 -0.01129418 -0.06611200
v -0.01711859 -0.01055977 -0.06332900
v -0.01725242 -0.00850514 -0.06205500
v -0.01662451 -0.01165053 -0.06397600
v -0.01680190 -0.01176643 -0.06813200
v -0.01553978 -0.01320276 -0.06494700
v -0.01613252 -0.01244166 -0.06723700
v -0.01482712 -0.01409081 -0.06948700
v -0.01434106 -0.01453505 -0.06802801
v -0.01593495 -0.01242666 -0.06332501
v -0.01454387 -0.01428601 -0.06451900
v -0.01478540 -0.01385432 -0.06330900
v -0.01561072 -0.01148879 -0.06190400
v -0.01659623 -0.00984614 -0.06197600
v -0.01736106 -0.00837972 -0.06173400
v -0.01680567 -0.00980721 -0.06169500
v -0.01866404 -0.00966042 -0.06060000
v -0.01736719 -0.01146021 -0.06084001
v -0.01447883 -0.01293502 -0.06195001
v -0.01629265 -0.01389893 -0.06042000
v -0.01820239 -0.01223007 -0.05976800
v -0.01935057 -0.01150044 -0.05907701
v -0.02057159 -0.00888982 -0.05907401
v -0.01903292 -0.01366459 -0.05804701
v -0.02261995 -0.01162706 -0.05546100
v -0.02376944 -0.00858944 -0.05556000
v -0.02090807 -0.01371600 -0.05606901
v -0.01682458 -0.01503435 -0.05919800
v -0.02008950 -0.01636872 -0.05504001
v -0.02292259 -0.01398310 -0.05391800
v -0.02404415 -0.01138645 -0.05409401
v -0.02521539 -0.00802130 -0.05416400
v -0.02542953 -0.01048878 -0.05308600
v -0.02741338 -0.00804756 -0.05203300
v -0.02534484 -0.01404888 -0.05176300
v -0.02687528 -0.01210322 -0.05126401
v -0.02837397 -0.01003416 -0.05070900
v -0.03151135 -0.00766929 -0.04876000
v -0.02935338 -0.01245925 -0.04926000
v -0.03086006 -0.01024775 -0.04868301
v -0.03308183 -0.00966207 -0.04687300
v -0.03386919 -0.00628062 -0.04691300
v -0.03193602 -0.01236027 -0.04711900
v -0.02913440 -0.01442075 -0.04874001
v -0.03551020 -0.00914079 -0.04456600
v -0.03606137 -0.00711217 -0.04442900
v -0.03754673 -0.00832088 -0.04238201
v -0.03371458 -0.01163899 -0.04564899
v -0.03632408 -0.01125267 -0.04296301
v -0.03750015 -0.01122602 -0.04148700
v -0.03324399 -0.01417225 -0.04519300
v -0.03905329 -0.00996600 -0.03980301
v -0.03865778 -0.00689979 -0.04129801
v -0.04045397 -0.00688802 -0.03870801
v -0.03479403 -0.01319925 -0.04393501
v -0.03794454 -0.01291788 -0.04021601
v -0.03587087 -0.01422613 -0.04223701
v -0.03419000 -0.01494722 -0.04380100
v -0.03106181 -0.01538098 -0.04673000
v -0.03256355 -0.01565064 -0.04514701
v -0.02904323 -0.01598469 -0.04816700
v -0.03049863 -0.01689760 -0.04638400
v -0.02727658 -0.01683128 -0.04913301
v -0.02849269 -0.01764369 -0.04769101
v -0.03177026 -0.01775380 -0.04431201
v -0.02970327 -0.01800544 -0.04625901
v -0.02620987 -0.01848993 -0.04894101
v -0.03310622 -0.01660660 -0.04379801
v -0.02488206 -0.01766519 -0.05042800
v -0.03567005 -0.01541403 -0.04163001
v -0.02285264 -0.01650816 -0.05255700
v -0.02137592 -0.01822461 -0.05268500
v -0.02436680 -0.01944826 -0.04963400
v -0.02694354 -0.01945824 -0.04751200
v -0.02095635 -0.02032013 -0.05155500
v -0.02974153 -0.01908859 -0.04509700
v -0.01908174 -0.01916693 -0.05379000
v -0.02146146 -0.02097264 -0.05057601
v -0.01795056 -0.01798387 -0.05573300
v -0.01879470 -0.02140065 -0.05221201
v -0.01677068 -0.01997736 -0.05495701
v -0.01566964 -0.01790046 -0.05778701
v -0.01524616 -0.01612477 -0.05967401
v -0.01496214 -0.01964781 -0.05670099
v -0.01485890 -0.01526363 -0.06057799
v -0.01622041 -0.02216421 -0.05334101
v -0.01332242 -0.01709779 -0.06034500
v -0.01304431 -0.01903006 -0.05876101
v -0.01451137 -0.01415314 -0.06126599
v -0.01293700 -0.01578285 -0.06125700
v -0.01242823 -0.01754796 -0.06052401
v -0.01253459 -0.02145065 -0.05658900
v -0.01100326 -0.01941192 -0.05975201
v -0.01096826 -0.01636324 -0.06191101
v -0.01035896 -0.01853386 -0.06082001
v -0.00997193 -0.01700017 -0.06192901
v -0.01206914 -0.01549399 -0.06194100
v -0.01097441 -0.01727860 -0.06343499
v -0.00839522 -0.01809204 -0.06182001
v -0.01286536 -0.01478231 -0.06196701
v -0.01360837 -0.01400413 -0.06197600
v -0.01342925 -0.01461356 -0.06238001
v -0.01323719 -0.01550986 -0.06347201
v -0.01218099 -0.01641011 -0.06354100
v -0.01210933 -0.01658936 -0.06552000
v -0.01313349 -0.01572878 -0.06678699
v -0.01068990 -0.01757319 -0.06563700
v -0.01207415 -0.01688783 -0.06801401
v -0.01299376 -0.01618787 -0.06884399
v -0.01391548 -0.01541097 -0.07098801
v -0.01165365 -0.01735856 -0.07037201
v -0.01059164 -0.01796362 -0.06868200
v -0.01537351 -0.01385780 -0.07279001
v -0.01403772 -0.01526131 -0.07270100
v -0.01399676 -0.01510596 -0.07351301
v -0.01266222 -0.01648938 -0.07308300
v -0.01369548 -0.01508719 -0.07410500
v -0.01105986 -0.01766927 -0.07272400
v -0.01204248 -0.01595072 -0.07460199
v -0.01129229 -0.01713172 -0.07395199
v -0.00978834 -0.01852296 -0.07114799
v -0.00957070 -0.01857840 -0.07297699
v -0.01029252 -0.01716935 -0.07459600
v -0.00867502 -0.01851319 -0.07427999
v -0.00966957 -0.01676132 -0.07501001
v -0.00868095 -0.01778498 -0.07484900
v -0.00861728 -0.01630414 -0.07517601
v -0.00770106 -0.01776963 -0.07505701
v -0.00658266 -0.01630956 -0.07520800
v -0.00178533 -0.01798089 -0.07519199
v -0.00414722 -0.01887185 -0.07510700
v 0.00315501 -0.01840929 -0.07515900
v -0.00057799 -0.01945154 -0.07503300
v -0.00596142 -0.01893066 -0.07488600
v -0.00452830 -0.01954442 -0.07473501
v -0.00657627 -0.01970606 -0.07383101
v -0.00794995 -0.01915448 -0.07380199
v -0.00779239 -0.01945384 -0.07305901
v -0.00118998 -0.02017927 -0.07459101
v -0.00352767 -0.02032223 -0.07405602
v -0.00556967 -0.02019852 -0.07285799
v -0.00769451 -0.01947149 -0.06978001
v -0.00660997 -0.01986992 -0.07031500
v -0.00900624 -0.01883538 -0.06866301
v -0.00760622 -0.01937099 -0.06756901
v -0.00890083 -0.01859985 -0.06567400
v -0.00936773 -0.01818982 -0.06320701
v -0.00738412 -0.01927516 -0.06583600
v -0.00869458 -0.01813444 -0.06264801
v -0.00729268 -0.01917491 -0.06325201
v -0.00699772 -0.01881017 -0.06262500
v -0.00508528 -0.01993265 -0.06334801
v -0.00721836 -0.01856985 -0.06182001
v -0.00501279 -0.02001014 -0.06689100
v -0.00518377 -0.01947368 -0.06271700
v -0.00581773 -0.01992810 -0.06912701
v -0.00393694 -0.02032666 -0.06949100
v -0.00395118 -0.02023480 -0.06387300
v -0.00279267 -0.02049734 -0.06751801
v -0.00213461 -0.02089725 -0.06998899
v -0.00317714 -0.02023093 -0.06313700
v -0.00145978 -0.02068180 -0.06640401
v -0.00120361 -0.02056457 -0.06336100
v -0.00328141 -0.01965761 -0.06199301
v -0.00195296 -0.01981412 -0.06198100
v -0.00455031 -0.01937104 -0.06189501
v -0.00241058 -0.02026517 -0.06151900
v -0.00092704 -0.01993347 -0.06197801
v -0.00600220 -0.01890901 -0.06199501
v -0.00598582 -0.01904958 -0.06176701
v -0.00617461 -0.02038497 -0.06087700
v -0.00326975 -0.02147027 -0.06056001
v -0.00832860 -0.01980852 -0.06071900
v -0.00938587 -0.02159546 -0.05828401
v -0.00664093 -0.02166014 -0.05944301
v -0.00479925 -0.02187698 -0.05979500
v -0.00845281 -0.02443149 -0.05540600
v -0.00542203 -0.02483368 -0.05597801
v -0.01180948 -0.02343035 -0.05486300
v -0.01403080 -0.02305345 -0.05389400
v -0.01270187 -0.02493639 -0.05246300
v -0.01577684 -0.02364526 -0.05197800
v -0.01824121 -0.02296313 -0.05092601
v -0.01596269 -0.02522199 -0.04980600
v -0.01070224 -0.02640115 -0.05176800
v -0.01303460 -0.02622698 -0.05060501
v -0.02066348 -0.02234558 -0.04966499
v -0.01942878 -0.02405381 -0.04839300
v -0.02438697 -0.02071400 -0.04837700
v -0.02232566 -0.02265795 -0.04759201
v -0.02546797 -0.02106991 -0.04690301
v -0.02749050 -0.02015817 -0.04610701
v -0.02326427 -0.02299065 -0.04584900
v -0.02575929 -0.02176646 -0.04529900
v -0.02820146 -0.02067115 -0.04437800
v -0.02041391 -0.02471875 -0.04625300
v -0.02468618 -0.02299545 -0.04365500
v -0.01736758 -0.02581630 -0.04768201
v -0.02295014 -0.02372475 -0.04470100
v -0.01468834 -0.02685471 -0.04840801
v -0.01896586 -0.02558653 -0.04615801
v -0.01226064 -0.02748760 -0.04938101
v -0.01637947 -0.02654425 -0.04725301
v -0.01374833 -0.02726349 -0.04841499
v -0.02076306 -0.02486821 -0.04525200
v -0.01766416 -0.02598264 -0.04551600
v -0.02308308 -0.02393557 -0.04356100
v -0.02008391 -0.02510326 -0.04436300
v -0.02167589 -0.02445684 -0.04351800
v -0.02452604 -0.02332198 -0.04180900
v -0.01973795 -0.02460047 -0.04286301
v -0.02093250 -0.02413361 -0.04145700
v -0.02561048 -0.02283885 -0.04202701
v -0.01685371 -0.02530439 -0.04416900
v -0.02785434 -0.02137362 -0.04327301
v -0.01515130 -0.02667340 -0.04629001
v -0.03054427 -0.01975382 -0.04294400
v -0.01368032 -0.02722610 -0.04733400
v -0.03147361 -0.01863148 -0.04358399
v -0.01260563 -0.02762470 -0.04837800
v -0.03353569 -0.01763885 -0.04217401
v -0.03247299 -0.01901008 -0.04145801
v -0.03590209 -0.01669521 -0.03979200
v -0.03433224 -0.01804381 -0.04020000
v -0.03177890 -0.01984463 -0.04073700
v -0.03397780 -0.01896448 -0.03877000
v -0.02998274 -0.02071895 -0.04151001
v -0.02917759 -0.02127907 -0.04110399
v -0.03239453 -0.02005370 -0.03835300
v -0.02948255 -0.02141144 -0.03893801
v -0.02661762 -0.02241678 -0.03919100
v -0.03364874 -0.01972230 -0.03510800
v -0.02366361 -0.02324809 -0.03920501
v -0.03050321 -0.02103143 -0.03632300
v -0.02671270 -0.02218522 -0.03590601
v -0.03441448 -0.01920498 -0.03638500
v -0.03354712 -0.01975675 -0.03294101
v -0.03610202 -0.01818991 -0.03602901
v -0.03554361 -0.01886040 -0.03379701
v -0.03604184 -0.01747999 -0.03812201
v -0.03777980 -0.01710837 -0.03505501
v -0.03814517 -0.01572461 -0.03724900
v -0.03852998 -0.01717886 -0.03233200
v -0.03937167 -0.01603940 -0.03367100
v -0.03703732 -0.01515956 -0.03983500
v -0.03789610 -0.01397592 -0.03961599
v -0.03893813 -0.01394316 -0.03802001
v -0.04011930 -0.01199366 -0.03739300
v -0.04048339 -0.01332743 -0.03577801
v -0.04016440 -0.01477950 -0.03437301
v -0.04033762 -0.00912969 -0.03814400
v -0.04160176 -0.00866045 -0.03615200
v -0.04237116 -0.00644468 -0.03547000
v -0.04222132 -0.00966959 -0.03461101
v -0.04371510 -0.00788072 -0.03219300
v -0.04208930 -0.01176689 -0.03378501
v -0.04338783 -0.00994032 -0.03193300
v -0.04498702 -0.00853798 -0.02855101
v -0.04169617 -0.01294191 -0.03357900
v -0.04386118 -0.01096589 -0.03011400
v -0.04270619 -0.01252405 -0.03161000
v -0.04168000 -0.01400689 -0.03194800
v -0.04466636 -0.01096632 -0.02765800
v -0.04559409 -0.00958936 -0.02562901
v -0.04397477 -0.01191170 -0.02872200
v -0.04505071 -0.01119101 -0.02584000
v -0.04610741 -0.00972888 -0.02330300
v -0.04440732 -0.01228322 -0.02644300
v -0.04537190 -0.01160219 -0.02339100
v -0.04608741 -0.01087697 -0.02112901
v -0.04264580 -0.01354370 -0.03004900
v -0.04346469 -0.01337427 -0.02741601
v -0.04426213 -0.01303143 -0.02492801
v -0.04477312 -0.01281996 -0.02268400
v -0.04559632 -0.01227933 -0.01914101
v -0.04169376 -0.01515260 -0.02871700
v -0.04467312 -0.01344687 -0.01934200
v -0.04496852 -0.01330844 -0.01560101
v -0.04368972 -0.01402725 -0.02364900
v -0.04231715 -0.01497815 -0.02656700
v -0.04292145 -0.01497368 -0.02168500
v -0.04366305 -0.01459913 -0.01735001
v -0.04048194 -0.01586796 -0.03067901
v -0.03987172 -0.01667233 -0.02892000
v -0.03725310 -0.01802504 -0.03193000
v -0.04106683 -0.01608139 -0.02584500
v -0.03803202 -0.01772048 -0.02888700
v -0.04095637 -0.01627928 -0.02341400
v -0.03984109 -0.01683308 -0.02621000
v -0.04175778 -0.01585111 -0.02083501
v -0.03941306 -0.01701477 -0.02259900
v -0.03777271 -0.01779036 -0.02573001
v -0.03592640 -0.01870009 -0.02959400
v -0.03711228 -0.01789036 -0.02161000
v -0.03211007 -0.02006690 -0.02976200
v -0.03468514 -0.01896733 -0.02663501
v -0.03091162 -0.02067556 -0.03289500
v -0.03586969 -0.01843084 -0.02451401
v -0.03301715 -0.01964710 -0.02716200
v -0.03388942 -0.01919646 -0.02387400
v -0.03553056 -0.01849440 -0.02142000
v -0.03180359 -0.01999493 -0.02505700
v -0.03037892 -0.02059532 -0.02726900
v -0.02969729 -0.02064023 -0.02275400
v -0.03243713 -0.01965757 -0.02065300
v -0.02922691 -0.02114190 -0.03079100
v -0.02714056 -0.02156036 -0.02563601
v -0.02831436 -0.02154881 -0.03357500
v -0.02691731 -0.02172031 -0.02768500
v -0.02616357 -0.02222494 -0.03467200
v -0.02541254 -0.02236231 -0.03161401
v -0.02548919 -0.02218203 -0.02932600
v -0.02468510 -0.02270368 -0.03602601
v -0.02433629 -0.02275723 -0.03332000
v -0.02277685 -0.02333443 -0.03738000
v -0.02104819 -0.02386614 -0.03816100
v -0.02240437 -0.02343714 -0.03600500
v -0.01815292 -0.02468229 -0.03921301
v -0.01970694 -0.02419213 -0.03611801
v -0.02268164 -0.02318691 -0.03284701
v -0.01725034 -0.02497959 -0.04163001
v -0.02361946 -0.02287791 -0.03126800
v -0.01610542 -0.02529720 -0.04326601
v -0.02437453 -0.02256066 -0.03048201
v -0.02332765 -0.02281492 -0.03047501
v -0.02359035 -0.02279141 -0.02908700
v -0.02228644 -0.02321560 -0.03021100
v -0.02389093 -0.02251933 -0.02758201
v -0.02515969 -0.02223498 -0.02665800
v -0.02317215 -0.02282226 -0.02677200
v -0.02498223 -0.02217777 -0.02550301
v -0.02632962 -0.02171013 -0.02185300
v -0.02385859 -0.02245593 -0.02534300
v -0.02839248 -0.02102135 -0.01971200
v -0.02437555 -0.02237880 -0.02369201
v -0.03327134 -0.01931433 -0.01838301
v -0.02451047 -0.02220529 -0.02230400
v -0.03641854 -0.01809358 -0.01806700
v -0.02342978 -0.02267162 -0.02368100
v -0.02303741 -0.02267630 -0.02130301
v -0.02265331 -0.02283608 -0.02478601
v -0.02097525 -0.02335392 -0.02303401
v -0.02469466 -0.02214014 -0.01874200
v -0.02056748 -0.02333255 -0.02133101
v -0.02160107 -0.02304699 -0.01938900
v -0.02755122 -0.02124048 -0.01733700
v -0.01762816 -0.02394253 -0.01910501
v -0.03012316 -0.02039971 -0.01572900
v -0.01825966 -0.02385372 -0.02198701
v -0.03434323 -0.01888867 -0.01500500
v -0.01873613 -0.02382963 -0.02308800
v -0.03760459 -0.01757601 -0.01523499
v -0.01867874 -0.02383009 -0.02509900
v -0.03811613 -0.01743492 -0.01883600
v -0.04026359 -0.01658204 -0.01860201
v -0.03979100 -0.01673810 -0.01526200
v -0.04184406 -0.01584707 -0.01559900
v -0.03902740 -0.01701986 -0.01262700
v -0.04345975 -0.01479841 -0.01398800
v -0.04481583 -0.01352969 -0.01288600
v -0.04191441 -0.01581830 -0.01245100
v -0.04397421 -0.01434429 -0.01182800
v -0.04467116 -0.01340642 -0.00833900
v -0.04285248 -0.01521045 -0.01139500
v -0.04005824 -0.01665617 -0.01048100
v -0.04135058 -0.01615866 -0.00835700
v -0.04284976 -0.01516054 -0.00772500
v -0.04381210 -0.01432837 -0.00817600
v -0.04388625 -0.01388625 -0.00483701
v -0.04283621 -0.01505440 -0.00604700
v -0.04172282 -0.01567149 -0.00232201
v -0.04282140 -0.01436433 -0.00124900
v -0.04157030 -0.01519957 0.00101000
v -0.04102722 -0.01625681 -0.00341301
v -0.04033980 -0.01668223 -0.00528100
v -0.04027086 -0.01637906 0.00123600
v -0.03775027 -0.01771189 -0.00589900
v -0.03935102 -0.01718341 -0.00315100
v -0.03964066 -0.01696487 -0.00008801
v -0.03627048 -0.01819010 -0.00978700
v -0.03597555 -0.01853691 -0.00229100
v -0.03704544 -0.01785572 -0.01224500
v -0.03403524 -0.01913565 -0.00587601
v -0.03354637 -0.01917912 -0.01142000
v -0.03801727 -0.01788535 0.00021299
v -0.03214475 -0.01994897 -0.00238001
v -0.03824531 -0.01767015 0.00242000
v -0.03524764 -0.01905122 0.00257299
v -0.03604102 -0.01881656 0.00446199
v -0.03899316 -0.01697247 0.00394899
v -0.03708362 -0.01824256 0.00499700
v -0.03982878 -0.01606699 0.00450399
v -0.04068427 -0.01469897 0.00549100
v -0.03733538 -0.01777611 0.00756000
v -0.03860145 -0.01648475 0.00791699
v -0.03918220 -0.01531918 0.00908700
v -0.03597935 -0.01872759 0.00756500
v -0.03772300 -0.01679028 0.01060699
v -0.03798664 -0.01573759 0.01313800
v -0.03653375 -0.01807835 0.01049600
v -0.03698195 -0.01704074 0.01331700
v -0.03734402 -0.01592562 0.01600500
v -0.03486972 -0.01916926 0.01140500
v -0.03638342 -0.01712533 0.01674700
v -0.03677999 -0.01621176 0.01859499
v -0.03605287 -0.01820209 0.01244300
v -0.03570708 -0.01802730 0.01605999
v -0.03498086 -0.01850721 0.01858500
v -0.03454551 -0.01917326 0.01503400
v -0.03533773 -0.01787121 0.02127600
v -0.03633352 -0.01632957 0.02252000
v -0.03417610 -0.01903240 0.02130000
v -0.03489036 -0.01817626 0.02445600
v -0.03608680 -0.01655705 0.02509900
v -0.03601332 -0.01669362 0.02734600
v -0.03344323 -0.01969112 0.01906300
v -0.03483730 -0.01833023 0.02903600
v -0.03627873 -0.01660486 0.03015500
v -0.03379692 -0.01924985 0.02482200
v -0.03221461 -0.02040275 0.02265400
v -0.03256703 -0.02029118 0.01723500
v -0.03164927 -0.02072420 0.02050400
v -0.03276197 -0.02026927 0.01409400
v -0.03093769 -0.02099801 0.01724800
v -0.03029372 -0.02127244 0.02372099
v -0.03354649 -0.01993952 0.01109500
v -0.02975465 -0.02140240 0.01935900
v -0.03448309 -0.01952784 0.00835999
v -0.03233540 -0.02036995 0.01093800
v -0.03352462 -0.01980866 0.00564600
v -0.03077795 -0.02097999 0.01384000
v -0.03188077 -0.02026635 0.00405300
v -0.02839332 -0.02161198 0.01499899
v -0.02929777 -0.02130628 0.01246400
v -0.02949777 -0.02107364 0.00590200
v -0.02802835 -0.02159417 0.00955000
v -0.02626408 -0.02209319 0.01239700
v -0.02585379 -0.02227061 0.01969400
v -0.02390359 -0.02265409 0.01554000
v -0.02425341 -0.02249800 0.00813900
v -0.02756441 -0.02194210 0.02142499
v -0.02662979 -0.02189776 0.00672000
v -0.02148512 -0.02312446 0.01114100
v -0.02798700 -0.02143790 0.00429100
v -0.02579112 -0.02205387 0.00505500
v -0.02959530 -0.02093230 0.00373400
v -0.02744636 -0.02164349 0.00317699
v -0.03022712 -0.02075210 0.00243000
v -0.03125434 -0.02029543 0.00121300
v -0.02268991 -0.02280969 0.00730000
v -0.02918855 -0.02099523 0.00095900
v -0.03173622 -0.02014846 -0.00010400
v -0.03023196 -0.02053060 0.00028000
v -0.02942589 -0.02082496 -0.00126700
v -0.03052428 -0.02040543 -0.00318601
v -0.03144165 -0.02008664 -0.00500401
v -0.02886593 -0.02099529 -0.00266601
v -0.02963289 -0.02061650 -0.00803300
v -0.02904271 -0.02086919 -0.00573701
v -0.02747915 -0.02142642 -0.00205900
v -0.03095366 -0.02010150 -0.01186501
v -0.02816754 -0.02110054 -0.00468101
v -0.02749175 -0.02154057 -0.00038301
v -0.02753130 -0.02122938 -0.00640401
v -0.02676900 -0.02181368 0.00105900
v -0.02608512 -0.02193776 -0.00580300
v -0.02729284 -0.02134581 -0.00753600
v -0.02550358 -0.02215962 -0.00402401
v -0.02574121 -0.02205658 -0.00203000
v -0.02535291 -0.02213993 -0.00040700
v -0.02438667 -0.02261743 -0.00270400
v -0.02450390 -0.02239711 0.00045400
v -0.02388334 -0.02251169 -0.00181701
v -0.02551981 -0.02213644 0.00240399
v -0.02288882 -0.02273829 -0.00110301
v -0.02324500 -0.02271747 0.00144500
v -0.02518111 -0.02234430 0.00423500
v -0.02389716 -0.02257752 0.00337600
v -0.02310114 -0.02285458 0.00534499
v -0.02202690 -0.02300855 0.00271799
v -0.02174759 -0.02305433 0.00495800
v -0.02093487 -0.02326134 0.00681200
v -0.02003004 -0.02337166 0.00954300
v -0.01974558 -0.02338485 0.00631599
v -0.01885741 -0.02361629 0.01359799
v -0.01967514 -0.02351578 0.00810599
v -0.01741366 -0.02381087 0.00909300
v -0.01826612 -0.02365652 0.00758599
v -0.01972239 -0.02344793 0.00315800
v -0.01829419 -0.02370218 0.00579400
v -0.01762045 -0.02377850 0.01090800
v -0.01573053 -0.02408643 0.00733200
v -0.01569216 -0.02401906 0.01006100
v -0.01649522 -0.02390958 0.00556800
v -0.01721513 -0.02384734 0.00393900
v -0.01381835 -0.02426258 0.00619300
v -0.01822729 -0.02368278 0.00254299
v -0.01448320 -0.02424978 0.00432300
v -0.01547971 -0.02405601 0.00396500
v -0.01612115 -0.02401622 0.00194700
v -0.01503546 -0.02421743 0.00293100
v -0.01279659 -0.02443013 0.00465700
v -0.01317564 -0.02451693 0.00338400
v -0.01230271 -0.02451810 0.00679100
v -0.01096948 -0.02468641 0.00385300
v -0.01310457 -0.02444932 0.00261100
v -0.01365999 -0.02430155 0.00886700
v -0.01534270 -0.02414785 0.00080199
v -0.01438520 -0.02422620 0.01057099
v -0.01691996 -0.02384553 0.00075900
v -0.01530280 -0.02410503 0.01158400
v -0.01787273 -0.02380721 0.00039900
v -0.01546148 -0.02412567 0.01317900
v -0.01908978 -0.02347528 0.00115700
v -0.01768943 -0.02372858 -0.00064000
v -0.02083507 -0.02322331 0.00160199
v -0.01946846 -0.02355354 -0.00017800
v -0.01982381 -0.02343095 0.00058100
v -0.02144008 -0.02320007 0.00009399
v -0.02140743 -0.02311290 -0.00077600
v -0.02036854 -0.02337572 -0.00161700
v -0.02285079 -0.02295324 -0.00187600
v -0.02233932 -0.02299979 -0.00284600
v -0.02355222 -0.02272720 -0.00240400
v -0.02424763 -0.02261235 -0.00381901
v -0.02293556 -0.02266413 -0.00363900
v -0.02542589 -0.02233491 -0.00501000
v -0.02424670 -0.02239004 -0.00514700
v -0.02523274 -0.02218442 -0.00615800
v -0.02294965 -0.02265381 -0.00600200
v -0.02413819 -0.02244153 -0.00654000
v -0.02453684 -0.02232881 -0.00764801
v -0.02144042 -0.02302937 -0.00526401
v -0.02321757 -0.02252487 -0.00742301
v -0.02542141 -0.02192509 -0.00808701
v -0.02283639 -0.02267364 -0.00884400
v -0.02171580 -0.02298200 -0.00883500
v -0.02097188 -0.02307725 -0.00739900
v -0.02369459 -0.02249186 -0.01016800
v -0.02281632 -0.02259308 -0.00985400
v -0.02487665 -0.02221824 -0.01023700
v -0.02376128 -0.02245703 -0.01127601
v -0.02641546 -0.02160525 -0.00988001
v -0.02514991 -0.02198927 -0.01211301
v -0.02239431 -0.02277873 -0.01114901
v -0.02791703 -0.02112974 -0.00877400
v -0.02815859 -0.02099244 -0.01152300
v -0.02894907 -0.02072535 -0.01027201
v -0.02972686 -0.02051795 -0.01206301
v -0.02972959 -0.02048855 -0.01406600
v -0.02857316 -0.02086861 -0.01307000
v -0.02859452 -0.02080632 -0.01442600
v -0.02696274 -0.02134362 -0.01504100
v -0.02635156 -0.02166714 -0.01736700
v -0.02433008 -0.02223841 -0.01551400
v -0.02479964 -0.02212383 -0.01775500
v -0.02323756 -0.02262828 -0.01765301
v -0.02308396 -0.02261961 -0.01350600
v -0.02082538 -0.02329261 -0.01730700
v -0.02238064 -0.02278235 -0.01588100
v -0.01964952 -0.02348103 -0.01607201
v -0.02161431 -0.02297837 -0.01430100
v -0.02148992 -0.02310504 -0.01228400
v -0.01914640 -0.02358052 -0.01358701
v -0.02105273 -0.02312440 -0.01148700
v -0.01951848 -0.02355621 -0.01196400
v -0.02065475 -0.02319774 -0.00982700
v -0.01972351 -0.02335077 -0.01020600
v -0.02050201 -0.02320390 -0.00850100
v -0.01853248 -0.02355975 -0.00931000
v -0.01812287 -0.02376947 -0.01220800
v -0.01878381 -0.02359647 -0.00782301
v -0.01621979 -0.02412318 -0.01317400
v -0.01750927 -0.02395931 -0.01102600
v -0.01674986 -0.02405136 -0.01663700
v -0.01672642 -0.02399612 -0.01211801
v -0.01591979 -0.02399740 -0.01123600
v -0.01663831 -0.02395748 -0.00949500
v -0.01741892 -0.02388468 -0.00798401
v -0.01534898 -0.02415496 -0.00957900
v -0.01625309 -0.02398411 -0.00693900
v -0.01478680 -0.02439685 -0.01065600
v -0.01421314 -0.02439158 -0.00796400
v -0.01410903 -0.02442273 -0.00975100
v -0.01465750 -0.02438655 -0.01218201
v -0.01297990 -0.02442945 -0.01026999
v -0.01322601 -0.02445643 -0.00917900
v -0.01462381 -0.02429439 -0.01343300
v -0.01209056 -0.02469397 -0.00891300
v -0.01507258 -0.02430487 -0.01484501
v -0.01368325 -0.02456110 -0.01300500
v -0.01363079 -0.02446821 -0.01380800
v -0.01225920 -0.02460501 -0.01258600
v -0.01191466 -0.02475560 -0.01496201
v -0.01394178 -0.02448938 -0.01651000
v -0.01459818 -0.02445410 -0.01919901
v -0.01222825 -0.02478545 -0.01889200
v -0.01455961 -0.02451936 -0.02109601
v -0.01021734 -0.02495679 -0.01639300
v -0.01452141 -0.02459315 -0.02310901
v -0.01011938 -0.02488213 -0.01387601
v -0.01261777 -0.02480479 -0.02274200
v -0.01053794 -0.02489566 -0.01211000
v -0.01743950 -0.02408670 -0.02283800
v -0.01174574 -0.02458287 -0.01154800
v -0.01137621 -0.02466694 -0.01078600
v -0.00948600 -0.02494349 -0.01127100
v -0.01141073 -0.02470987 -0.00821800
v -0.00798084 -0.02505225 -0.01244699
v -0.00867457 -0.02500764 -0.00893001
v -0.00775423 -0.02512237 -0.01116700
v -0.00856314 -0.02510600 -0.01457500
v -0.00669647 -0.02522046 -0.01243000
v -0.00794107 -0.02520167 -0.01671600
v -0.00669325 -0.02527941 -0.01391600
v -0.00565403 -0.02533161 -0.01554100
v -0.00975802 -0.02507246 -0.01895700
v -0.00545004 -0.02542689 -0.01791301
v -0.00447244 -0.02539645 -0.01416800
v -0.01027357 -0.02506111 -0.02217200
v -0.00323199 -0.02550692 -0.01672700
v -0.00489908 -0.02538808 -0.01248401
v -0.00247580 -0.02550416 -0.01350901
v -0.00457066 -0.02527980 -0.01009500
v -0.00245868 -0.02540497 -0.01215700
v -0.00258874 -0.02546057 -0.01091700
v -0.00491998 -0.02526840 -0.00858101
v -0.00079617 -0.02541430 -0.01348900
v -0.00717755 -0.02507927 -0.00964701
v -0.00013890 -0.02543474 -0.01505200
v -0.00028936 -0.02547952 -0.01256301
v 0.00136216 -0.02538424 -0.01364700
v -0.00044915 -0.02548230 -0.01633301
v 0.00126717 -0.02540584 -0.01632501
v -0.00078278 -0.02556448 -0.01935300
v -0.00295624 -0.02554575 -0.01943400
v -0.00579767 -0.02544989 -0.02105400
v -0.00243836 -0.02562326 -0.02193000
v -0.00843655 -0.02529661 -0.02252700
v -0.00638549 -0.02553715 -0.02471601
v -0.00928479 -0.02526029 -0.02453100
v -0.01101400 -0.02506512 -0.02291300
v -0.01179636 -0.02497855 -0.02458700
v -0.01355760 -0.02478717 -0.02538800
v -0.01230810 -0.02500684 -0.02648400
v -0.01035627 -0.02525849 -0.02736300
v -0.01504091 -0.02453994 -0.02533800
v -0.00876623 -0.02542066 -0.02618200
v -0.01694868 -0.02419727 -0.02503301
v -0.00681219 -0.02551355 -0.02685000
v -0.01820438 -0.02404340 -0.02603801
v -0.00903840 -0.02550393 -0.02801400
v -0.00543364 -0.02557508 -0.02582400
v -0.01064839 -0.02534525 -0.02932000
v -0.00422560 -0.02565440 -0.02429800
v -0.00558407 -0.02574263 -0.02711400
v -0.00388032 -0.02575208 -0.02624500
v -0.00271190 -0.02572768 -0.02490500
v -0.00707220 -0.02561936 -0.02883400
v -0.00423852 -0.02579232 -0.02874001
v -0.00905213 -0.02563608 -0.03099700
v -0.00536835 -0.02592545 -0.03066501
v -0.00691291 -0.02573804 -0.03098800
v -0.01039469 -0.02542578 -0.03098400
v -0.00588046 -0.02599813 -0.03278900
v -0.01168090 -0.02537194 -0.03155700
v -0.01282849 -0.02507601 -0.02886701
v -0.00779306 -0.02596628 -0.03453500
v -0.01373209 -0.02482716 -0.02737901
v -0.01538288 -0.02463921 -0.02701900
v -0.01471802 -0.02476716 -0.02872001
v -0.01622177 -0.02442218 -0.02699000
v -0.01604993 -0.02444732 -0.02561501
v -0.01316842 -0.02512183 -0.03119600
v -0.01735219 -0.02427259 -0.02792400
v -0.01747209 -0.02430426 -0.02965900
v -0.01646926 -0.02465715 -0.03171600
v -0.01362888 -0.02524686 -0.03348201
v -0.01916219 -0.02383781 -0.02764400
v -0.01901954 -0.02404176 -0.03024501
v -0.00996320 -0.02577080 -0.03475699
v -0.01370171 -0.02537238 -0.03593200
v -0.01549218 -0.02504257 -0.03515301
v -0.01889439 -0.02415898 -0.03206600
v -0.01773141 -0.02457224 -0.03470401
v -0.01394532 -0.02547538 -0.03790801
v -0.02057657 -0.02374042 -0.03152700
v -0.01696134 -0.02490020 -0.03733901
v -0.02042111 -0.02389115 -0.03405300
v -0.01523215 -0.02531807 -0.03908601
v -0.02015469 -0.02370114 -0.02955500
v -0.02143208 -0.02335012 -0.02842401
v -0.02126472 -0.02329623 -0.02661700
v -0.02016039 -0.02360964 -0.02548100
v -0.02186746 -0.02320877 -0.02586400
v -0.02024857 -0.02347444 -0.02445900
v -0.01338309 -0.02569665 -0.04174500
v -0.01177999 -0.02583829 -0.03889700
v -0.00823510 -0.02606328 -0.03684199
v -0.01155706 -0.02594270 -0.04093800
v -0.00921166 -0.02616803 -0.03936101
v -0.00639883 -0.02627239 -0.03758500
v -0.00986294 -0.02620771 -0.04251900
v -0.00623860 -0.02643491 -0.04016300
v -0.00447760 -0.02625575 -0.03557199
v -0.00383590 -0.02640754 -0.03776300
v -0.00323562 -0.02608875 -0.03340301
v -0.00293926 -0.02658065 -0.04006599
v -0.00374245 -0.02601593 -0.03158200
v -0.00224200 -0.02620742 -0.03354200
v -0.00349962 -0.02591477 -0.03003800
v -0.00124507 -0.02610588 -0.03239201
v -0.00173548 -0.02603786 -0.03118000
v -0.00294320 -0.02589892 -0.02838800
v -0.00173221 -0.02588172 -0.02898000
v -0.00135530 -0.02571037 -0.02651601
v -0.00028749 -0.02578992 -0.02703400
v -0.00038599 -0.02574811 -0.02460200
v 0.00019012 -0.02595463 -0.02979900
v 0.00025540 -0.02565752 -0.02194700
v 0.00093911 -0.02592275 -0.03052501
v 0.00174030 -0.02549152 -0.01933201
v 0.00165382 -0.02565687 -0.02380800
v 0.00305230 -0.02548461 -0.02169801
v 0.00379215 -0.02531305 -0.01755001
v 0.00078523 -0.02569665 -0.02536200
v 0.00427315 -0.02551071 -0.02541101
v 0.00072115 -0.02584761 -0.02668100
v 0.00241471 -0.02572238 -0.02716901
v 0.00079193 -0.02581139 -0.02818300
v 0.00200675 -0.02584145 -0.02926400
v 0.00495154 -0.02564006 -0.02862500
v 0.00260319 -0.02592841 -0.03108300
v 0.00065008 -0.02618138 -0.03298400
v -0.00081693 -0.02616703 -0.03399000
v 0.00280713 -0.02600846 -0.03322801
v -0.00114703 -0.02632023 -0.03587200
v 0.00124616 -0.02624103 -0.03475599
v 0.00413368 -0.02588279 -0.03178500
v -0.00157424 -0.02648978 -0.03824800
v 0.00146657 -0.02637695 -0.03710600
v 0.00387370 -0.02611138 -0.03518101
v 0.00558745 -0.02586436 -0.03309000
v 0.00736275 -0.02560544 -0.03130000
v 0.00673865 -0.02602385 -0.03684999
v 0.00390977 -0.02636678 -0.03891201
v 0.00009953 -0.02656473 -0.04017400
v -0.00141684 -0.02659245 -0.04072101
v 0.00295830 -0.02655062 -0.04197801
v -0.00406994 -0.02662107 -0.04260401
v 0.00052969 -0.02660067 -0.04156501
v -0.00208607 -0.02671793 -0.04318101
v -0.00715115 -0.02648101 -0.04308001
v -0.00394021 -0.02669678 -0.04455799
v 0.00108004 -0.02668870 -0.04389801
v -0.00690940 -0.02659993 -0.04638700
v 0.00583226 -0.02633438 -0.04126700
v -0.01004768 -0.02628464 -0.04552199
v 0.00760038 -0.02627665 -0.04288500
v -0.01233446 -0.02596469 -0.04436900
v 0.00402439 -0.02655231 -0.04419500
v -0.01381009 -0.02581198 -0.04484401
v 0.00364640 -0.02667758 -0.04628201
v -0.01496518 -0.02574100 -0.04493701
v -0.01255866 -0.02609874 -0.04563299
v -0.01235145 -0.02723830 -0.04698100
v -0.01065727 -0.02653322 -0.04638500
v -0.00803158 -0.02670479 -0.04682001
v -0.00998943 -0.02755759 -0.04740601
v -0.01044172 -0.02799352 -0.04816901
v -0.00482855 -0.02675751 -0.04693801
v -0.01004972 -0.02812190 -0.04955300
v -0.00291626 -0.02681312 -0.04704801
v -0.00960556 -0.02772814 -0.05056400
v -0.00512911 -0.02721221 -0.04746401
v -0.00912909 -0.02691790 -0.05190101
v -0.00656360 -0.02805795 -0.04804400
v -0.00588332 -0.02721798 -0.05272501
v -0.00591272 -0.02805503 -0.05161099
v -0.00664026 -0.02859684 -0.05035000
v -0.00280436 -0.02830005 -0.05190001
v -0.00863155 -0.02840231 -0.04906901
v -0.00450215 -0.02879610 -0.05064401
v -0.00643692 -0.02873203 -0.04972200
v -0.00853251 -0.02825858 -0.04837300
v -0.00511547 -0.02876172 -0.04909400
v -0.00293165 -0.02904014 -0.04999001
v -0.00442070 -0.02816147 -0.04826700
v -0.00186026 -0.02886809 -0.04920300
v -0.00210355 -0.02891148 -0.05091801
v -0.00085132 -0.02912471 -0.05009200
v -0.00233089 -0.02742009 -0.04779099
v -0.00146155 -0.02839203 -0.04859700
v -0.00111183 -0.02692832 -0.04733100
v 0.00068337 -0.02843450 -0.04861401
v 0.00056655 -0.02723554 -0.04771200
v -0.00063681 -0.02679970 -0.04694400
v 0.00159591 -0.02675559 -0.04679600
v 0.00214773 -0.02692464 -0.04738400
v 0.00447463 -0.02673800 -0.04704300
v 0.00308970 -0.02737228 -0.04782901
v 0.00333931 -0.02827888 -0.04849800
v 0.00548627 -0.02728256 -0.04763300
v 0.00690636 -0.02648612 -0.04616400
v 0.00704010 -0.02658309 -0.04683200
v 0.00912271 -0.02641659 -0.04654600
v 0.00808674 -0.02688396 -0.04715801
v 0.00993479 -0.02621052 -0.04598200
v 0.01095359 -0.02639528 -0.04644501
v 0.00785922 -0.02787809 -0.04798100
v 0.01020190 -0.02762101 -0.04759300
v 0.00537751 -0.02863672 -0.04885100
v 0.00948068 -0.02812747 -0.04822001
v 0.00704635 -0.02857487 -0.04894700
v 0.01178933 -0.02741054 -0.04733800
v 0.00636694 -0.02879598 -0.04969000
v 0.00884938 -0.02843744 -0.04936800
v 0.01188748 -0.02780635 -0.04821900
v 0.00412952 -0.02888699 -0.04934900
v 0.00569870 -0.02882955 -0.05041600
v 0.00169341 -0.02901098 -0.04951401
v 0.00304265 -0.02902639 -0.04978601
v 0.00154265 -0.02904367 -0.05049100
v 0.00030648 -0.02887962 -0.05106800
v 0.00265578 -0.02890128 -0.05087600
v 0.00058430 -0.02845546 -0.05187201
v 0.00426496 -0.02818402 -0.05185800
v -0.00052725 -0.02700482 -0.05388900
v 0.00159048 -0.02602108 -0.05517900
v -0.00296997 -0.02654806 -0.05429701
v -0.00067570 -0.02520472 -0.05625300
v -0.00274784 -0.02433818 -0.05717201
v -0.00147320 -0.02253052 -0.05960701
v 0.00082801 -0.02262194 -0.05955300
v -0.00023549 -0.02166210 -0.06065600
v 0.00013922 -0.02062833 -0.06134600
v 0.00228689 -0.02157798 -0.06059500
v 0.00017087 -0.01998560 -0.06199000
v 0.00165127 -0.01988396 -0.06196000
v 0.00164814 -0.02049534 -0.06322100
v 0.00301157 -0.02051569 -0.06131500
v 0.00079484 -0.02062960 -0.06368000
v 0.00317925 -0.01968302 -0.06194500
v -0.00024431 -0.02070779 -0.06507700
v 0.00307461 -0.01998840 -0.06268800
v -0.00026183 -0.02095891 -0.06819099
v 0.00348909 -0.02031209 -0.06334299
v 0.00447169 -0.01941251 -0.06188401
v 0.00261094 -0.02055096 -0.06534400
v 0.00526630 -0.01992579 -0.06333100
v 0.00460854 -0.02017782 -0.06534300
v 0.00241791 -0.02081122 -0.06766500
v 0.00403042 -0.02056468 -0.06800400
v 0.00053847 -0.02106722 -0.07058300
v 0.00276316 -0.02090128 -0.07008400
v 0.00518376 -0.02035571 -0.06900700
v -0.00179643 -0.02095280 -0.07215401
v 0.00218912 -0.02098678 -0.07245300
v -0.00393262 -0.02062616 -0.07285000
v -0.00156463 -0.02089041 -0.07328501
v -0.00005237 -0.02104130 -0.07265400
v -0.00057719 -0.02081635 -0.07374899
v 0.00190544 -0.02085659 -0.07353201
v 0.00036980 -0.02055347 -0.07419800
v 0.00208312 -0.02010529 -0.07459499
v 0.00363501 -0.02059021 -0.07348299
v 0.00298722 -0.01924735 -0.07500401
v 0.00373238 -0.02011769 -0.07434900
v 0.00529493 -0.01905473 -0.07493900
v 0.00570412 -0.01986177 -0.07406601
v 0.00418984 -0.02064213 -0.07254200
v 0.00599909 -0.02018035 -0.07282101
v 0.00671207 -0.01918913 -0.07445799
v 0.00727400 -0.01954933 -0.07379601
v 0.00835750 -0.01809726 -0.07481199
v 0.00656676 -0.01806499 -0.07506601
v 0.00755721 -0.01609760 -0.07519100
v 0.00838732 -0.01741790 -0.07506300
v 0.00901560 -0.01275143 -0.07521200
v 0.00934843 -0.01630279 -0.07514000
v 0.01075858 -0.01385086 -0.07520700
v 0.01051286 -0.01686876 -0.07478300
v 0.01152804 -0.01540616 -0.07504702
v 0.01086127 -0.01127741 -0.07523300
v 0.01006795 -0.01780429 -0.07425701
v 0.00975647 -0.01132339 -0.07539400
v 0.00873966 -0.01890912 -0.07372400
v 0.00870388 -0.01123617 -0.07583401
v 0.00803425 -0.01946791 -0.07286301
v 0.00990472 -0.00976872 -0.07603201
v 0.01134014 -0.00926885 -0.07548401
v 0.01213606 -0.00709177 -0.07584600
v 0.01230855 -0.00919866 -0.07527300
v 0.01307753 -0.00671140 -0.07549200
v 0.01438246 -0.00394430 -0.07533899
v 0.01409251 -0.00643936 -0.07529100
v 0.01357583 -0.01076102 -0.07523001
v 0.01397107 -0.00830198 -0.07525200
v 0.01680841 -0.00577905 -0.07526001
v 0.01295027 -0.01322008 -0.07515001
v 0.01651986 -0.00814542 -0.07520300
v 0.01555325 -0.01127231 -0.07509899
v 0.01336387 -0.01401161 -0.07499800
v 0.01469564 -0.01250957 -0.07501600
v 0.01290738 -0.01539415 -0.07457001
v 0.01487485 -0.01348732 -0.07454201
v 0.01580285 -0.01221475 -0.07461901
v 0.01249321 -0.01648504 -0.07384199
v 0.01405898 -0.01509971 -0.07388401
v 0.01547913 -0.01352764 -0.07388901
v 0.01115891 -0.01759383 -0.07344200
v 0.01419390 -0.01530907 -0.07285301
v 0.01060464 -0.01811901 -0.07251501
v 0.01265946 -0.01671531 -0.07270901
v 0.01348083 -0.01604712 -0.07094002
v 0.01229117 -0.01698918 -0.06960600
v 0.00875548 -0.01904077 -0.07104500
v 0.01475070 -0.01483168 -0.07161301
v 0.00721704 -0.01967073 -0.07075399
v 0.01047642 -0.01813955 -0.06917200
v 0.00769717 -0.01923575 -0.06931801
v 0.00938821 -0.01842287 -0.06802500
v 0.00669565 -0.01956565 -0.06639800
v 0.01132396 -0.01751723 -0.06781101
v 0.00857965 -0.01877167 -0.06572401
v 0.01240486 -0.01667785 -0.06735801
v 0.01067294 -0.01766892 -0.06566001
v 0.00851108 -0.01876429 -0.06397699
v 0.00670678 -0.01940634 -0.06323900
v 0.00567397 -0.01926994 -0.06233100
v 0.00874889 -0.01850348 -0.06311401
v 0.00564034 -0.01919049 -0.06185200
v 0.01028812 -0.01772067 -0.06321900
v 0.00888855 -0.01791855 -0.06230000
v 0.00742557 -0.01853709 -0.06188401
v 0.00471516 -0.02089662 -0.06083900
v 0.00744855 -0.02024374 -0.06077000
v 0.00344217 -0.02185327 -0.06017200
v 0.00630973 -0.02168537 -0.05966101
v 0.00328903 -0.02460954 -0.05682899
v 0.00466259 -0.02379987 -0.05757900
v 0.00460613 -0.02702195 -0.05341900
v 0.00722585 -0.02452289 -0.05596499
v 0.00650718 -0.02777458 -0.05193601
v 0.00902128 -0.02132196 -0.05899100
v 0.00805282 -0.02831008 -0.05048300
v 0.00847871 -0.02775974 -0.05123400
v 0.01088863 -0.02799942 -0.04969400
v 0.00951492 -0.02679274 -0.05213000
v 0.01019792 -0.02374536 -0.05560201
v 0.01266011 -0.02618321 -0.05120501
v 0.01260238 -0.02453025 -0.05334700
v 0.01176357 -0.02251642 -0.05619400
v 0.01367637 -0.02692420 -0.04943801
v 0.01109802 -0.01923446 -0.06009900
v 0.01655766 -0.02514997 -0.04981700
v 0.01366436 -0.02743621 -0.04856299
v 0.01650141 -0.02619616 -0.04824401
v 0.01601334 -0.02377064 -0.05200200
v 0.01345872 -0.02720661 -0.04706201
v 0.01425325 -0.02246839 -0.05472100
v 0.01230209 -0.02601060 -0.04582399
v 0.01244187 -0.01981793 -0.05868600
v 0.01416055 -0.02557623 -0.04442301
v 0.01459479 -0.02569211 -0.04523600
v 0.01557652 -0.02654772 -0.04620000
v 0.01047375 -0.02592870 -0.04209801
v 0.01628816 -0.02539842 -0.04474199
v 0.00814975 -0.02608290 -0.03982901
v 0.01040924 -0.02584266 -0.03958200
v 0.00945088 -0.02585845 -0.03795300
v 0.01212912 -0.02565799 -0.04073200
v 0.01294744 -0.02535787 -0.03744699
v 0.00912715 -0.02568953 -0.03544499
v 0.01532592 -0.02516488 -0.04099000
v 0.01122940 -0.02539232 -0.03502900
v 0.00887624 -0.02561779 -0.03388300
v 0.01459882 -0.02522451 -0.03947201
v 0.01707225 -0.02465683 -0.03814100
v 0.01476251 -0.02483121 -0.03429101
v 0.01172665 -0.02512430 -0.03213700
v 0.00948784 -0.02530815 -0.03129400
v 0.00762186 -0.02539169 -0.02917200
v 0.00972538 -0.02515803 -0.02892000
v 0.00749828 -0.02527079 -0.02704801
v 0.01134953 -0.02508372 -0.03038301
v 0.00617411 -0.02547786 -0.02661000
v 0.00608117 -0.02537432 -0.02466200
v 0.00517276 -0.02536460 -0.02262601
v 0.00777309 -0.02511477 -0.02371600
v 0.00553357 -0.02520814 -0.02064200
v 0.00637067 -0.02528862 -0.02126201
v 0.00696287 -0.02509893 -0.02204801
v 0.00710959 -0.02515252 -0.01972200
v 0.00858335 -0.02491552 -0.02186300
v 0.01046205 -0.02482760 -0.02432600
v 0.00645440 -0.02508625 -0.01898400
v 0.01030382 -0.02497771 -0.02700000
v 0.00583320 -0.02512674 -0.01749800
v 0.00765920 -0.02502732 -0.01848600
v 0.00902502 -0.02482707 -0.01892300
v 0.00860995 -0.02482470 -0.01678500
v 0.01068783 -0.02461817 -0.01983400
v 0.00995053 -0.02476582 -0.01744700
v 0.01188222 -0.02462217 -0.02293401
v 0.01168367 -0.02450639 -0.01791301
v 0.01339854 -0.02439238 -0.02388700
v 0.01330602 -0.02433138 -0.02108701
v 0.01348576 -0.02417411 -0.01802300
v 0.01142417 -0.02441905 -0.01655700
v 0.01461513 -0.02398321 -0.01926001
v 0.00984175 -0.02467402 -0.01596400
v 0.01271035 -0.02431427 -0.01677700
v 0.01071398 -0.02454888 -0.01513200
v 0.00849089 -0.02483391 -0.01471600
v 0.00699861 -0.02506847 -0.01662701
v 0.00625676 -0.02504255 -0.01528300
v 0.00941246 -0.02465909 -0.01314800
v 0.00475651 -0.02524983 -0.01556800
v 0.00727660 -0.02488447 -0.01243401
v 0.00265919 -0.02530253 -0.01583500
v 0.00603099 -0.02506513 -0.01372500
v 0.00264563 -0.02532937 -0.01443800
v 0.00488277 -0.02511874 -0.01310600
v 0.00183450 -0.02539245 -0.01121700
v 0.00463827 -0.02519312 -0.01151100
v 0.00126509 -0.02533652 -0.00976000
v 0.00312611 -0.02522371 -0.01032900
v -0.00046982 -0.02535185 -0.01023100
v 0.00327413 -0.02523331 -0.00824900
v 0.00097133 -0.02536826 -0.00856701
v -0.00168191 -0.02543051 -0.00925200
v -0.00335597 -0.02542279 -0.00876300
v -0.00097854 -0.02534232 -0.00762100
v -0.00379081 -0.02524690 -0.00765700
v 0.00141913 -0.02534215 -0.00594400
v -0.00283841 -0.02529375 -0.00654201
v -0.00494056 -0.02520427 -0.00571401
v -0.00022862 -0.02531084 -0.00576900
v -0.00279970 -0.02536124 -0.00551001
v -0.00194275 -0.02533608 -0.00504200
v -0.00327326 -0.02526887 -0.00471601
v -0.00621885 -0.02519832 -0.00702600
v -0.00421555 -0.02529800 -0.00452101
v -0.00772899 -0.02501684 -0.00671101
v -0.00502715 -0.02522400 -0.00252100
v -0.00633831 -0.02520845 -0.00511001
v -0.00948134 -0.02492483 -0.00717200
v -0.00821668 -0.02501407 -0.00461201
v -0.01011839 -0.02482606 -0.00540401
v -0.00737530 -0.02507680 -0.00310101
v -0.01196726 -0.02469525 -0.00588100
v -0.00648486 -0.02501371 -0.00210200
v -0.00906076 -0.02485023 -0.00274000
v -0.00800946 -0.02501729 -0.00151600
v -0.00530738 -0.02514199 -0.00074100
v -0.00796402 -0.02502028 0.00022500
v -0.00904431 -0.02501365 -0.00165100
v -0.01007643 -0.02477326 -0.00268400
v -0.00997461 -0.02482517 -0.00191300
v -0.01117851 -0.02465418 -0.00422100
v -0.01116954 -0.02474055 -0.00314500
v -0.01260430 -0.02456064 -0.00485300
v -0.01089895 -0.02488365 -0.00224701
v -0.01226518 -0.02450904 -0.00212200
v -0.01323928 -0.02441604 -0.00763700
v -0.01354494 -0.02453724 -0.00406200
v -0.01521855 -0.02420598 -0.00478801
v -0.01337505 -0.02453114 -0.00060101
v -0.01444940 -0.02430324 -0.00295401
v -0.01535624 -0.02418230 -0.00296301
v -0.01694792 -0.02400096 -0.00423700
v -0.01510577 -0.02423973 -0.00096101
v -0.01731231 -0.02392016 -0.00605000
v -0.01455166 -0.02423702 -0.00032701
v -0.01877026 -0.02364133 -0.00573900
v -0.01805376 -0.02374231 -0.00493000
v -0.01998895 -0.02340539 -0.00603400
v -0.01915345 -0.02363294 -0.00461100
v -0.02047153 -0.02321141 -0.00520400
v -0.02046558 -0.02322046 -0.00345700
v -0.01830558 -0.02371364 -0.00369901
v -0.02093847 -0.02316747 -0.00251400
v -0.01952723 -0.02349492 -0.00259800
v -0.01962447 -0.02358835 -0.00169800
v -0.01714035 -0.02401923 -0.00272300
v -0.01848910 -0.02368788 -0.00166500
v -0.01625098 -0.02398936 -0.00266300
v -0.01719853 -0.02397715 -0.00149700
v -0.01606494 -0.02401944 -0.00098801
v -0.01348253 -0.02435950 0.00080500
v -0.01238090 -0.02453597 -0.00009900
v -0.01172762 -0.02450692 0.00216599
v -0.01100011 -0.02467667 -0.00073101
v -0.01120390 -0.02467816 -0.00010400
v -0.01036171 -0.02471083 0.00013300
v -0.01130634 -0.02459448 0.00140400
v -0.01030136 -0.02477338 0.00268400
v -0.00935908 -0.02481595 0.00137400
v -0.00879307 -0.02487478 0.00252000
v -0.00708304 -0.02499228 0.00154699
v -0.00599980 -0.02501754 0.00054600
v -0.00650186 -0.02492067 0.00270100
v -0.00469674 -0.02519804 0.00061899
v -0.00562847 -0.02516647 0.00134700
v -0.00547651 -0.02510279 0.00329599
v -0.00392993 -0.02522913 -0.00138200
v -0.00454717 -0.02523980 0.00200999
v -0.00308983 -0.02522831 -0.00223500
v -0.00255851 -0.02520507 0.00055900
v -0.00286976 -0.02511423 0.00192500
v -0.00470735 -0.02509250 0.00271900
v -0.00331395 -0.02508321 0.00288300
v -0.00462017 -0.02520447 0.00352500
v -0.00429042 -0.02513912 0.00457399
v -0.00203140 -0.02502795 0.00332200
v -0.00306086 -0.02517543 0.00496200
v -0.00149029 -0.02517616 0.00095400
v -0.00067931 -0.02514669 0.00047600
v 0.00032946 -0.02512731 0.00142400
v -0.00134740 -0.02526180 -0.00186500
v -0.00063907 -0.02520288 -0.00186101
v -0.00110028 -0.02533736 -0.00354300
v 0.00040827 -0.02521291 -0.00110801
v 0.00011991 -0.02535992 -0.00302800
v -0.00042296 -0.02549994 -0.00506500
v 0.00061850 -0.02536515 -0.00417000
v 0.00100332 -0.02527755 -0.00464800
v 0.00199442 -0.02527674 -0.00343500
v 0.00231823 -0.02520235 -0.00436700
v 0.00317606 -0.02512650 -0.00612101
v 0.00335354 -0.02511275 -0.00340401
v 0.00401512 -0.02505137 -0.00435700
v 0.00475029 -0.02508533 -0.00591500
v 0.00483338 -0.02515319 -0.00891800
v 0.00595842 -0.02488549 -0.00390800
v 0.00692995 -0.02495894 -0.01028700
v 0.00657422 -0.02491658 -0.00685700
v 0.00676961 -0.02491695 -0.00909400
v 0.00859491 -0.02472706 -0.01101800
v 0.00853127 -0.02477717 -0.00938800
v 0.01071677 -0.02444251 -0.01173800
v 0.01084886 -0.02444100 -0.00970201
v 0.00895403 -0.02468721 -0.00772700
v 0.01013121 -0.02450140 -0.00796300
v 0.00870229 -0.02468138 -0.00626801
v 0.00824886 -0.02467468 -0.00468900
v 0.00968691 -0.02474192 -0.00624400
v 0.01033482 -0.02467690 -0.00665300
v 0.00998334 -0.02457334 -0.00466400
v 0.01084748 -0.02434699 -0.00513500
v 0.01147449 -0.02427746 -0.00673901
v 0.01164144 -0.02433203 -0.00761000
v 0.01144928 -0.02423960 -0.00573100
v 0.01316196 -0.02406165 -0.00941200
v 0.01332366 -0.02403903 -0.00655701
v 0.01217880 -0.02411798 -0.00398700
v 0.01288103 -0.02415533 -0.01203300
v 0.01542011 -0.02369916 -0.00536100
v 0.01286623 -0.02420554 -0.01438500
v 0.01475260 -0.02386666 -0.01270800
v 0.01428748 -0.02404619 -0.01522500
v 0.01436853 -0.02382965 -0.01046600
v 0.01417016 -0.02395403 -0.00746401
v 0.01496432 -0.02376968 -0.00902900
v 0.01614275 -0.02348880 -0.00620300
v 0.01564186 -0.02369117 -0.01044200
v 0.01719808 -0.02333926 -0.00857400
v 0.01685621 -0.02343314 -0.01064100
v 0.01539287 -0.02375821 -0.01381300
v 0.01689455 -0.02354502 -0.01434700
v 0.01563079 -0.02382987 -0.01603101
v 0.01849381 -0.02318639 -0.01184300
v 0.01463356 -0.02403449 -0.01752800
v 0.01789492 -0.02326134 -0.00989201
v 0.01597609 -0.02382001 -0.01986000
v 0.01938069 -0.02292950 -0.00963800
v 0.01440422 -0.02420112 -0.02215000
v 0.01737729 -0.02359784 -0.01881001
v 0.01662700 -0.02382471 -0.02246100
v 0.01725393 -0.02358132 -0.02013100
v 0.01886988 -0.02318850 -0.01724401
v 0.01866806 -0.02330055 -0.01924800
v 0.01877358 -0.02336163 -0.02203300
v 0.01942891 -0.02312813 -0.01471800
v 0.01999907 -0.02305945 -0.01816000
v 0.01979793 -0.02295234 -0.01272200
v 0.02129740 -0.02274690 -0.01724800
v 0.01938112 -0.02328166 -0.02018500
v 0.02074525 -0.02289601 -0.01901300
v 0.01990143 -0.02318965 -0.02183600
v 0.02241808 -0.02250995 -0.01402500
v 0.02218762 -0.02265873 -0.01846500
v 0.02408848 -0.02225756 -0.01810700
v 0.02267695 -0.02252966 -0.01977000
v 0.02426072 -0.02221009 -0.01949500
v 0.02152245 -0.02285655 -0.02093101
v 0.02420645 -0.02230981 -0.02098101
v 0.02130713 -0.02293897 -0.02321000
v 0.02330870 -0.02250016 -0.02206000
v 0.02610396 -0.02185508 -0.02081700
v 0.01939634 -0.02335330 -0.02489000
v 0.02726290 -0.02155614 -0.02180301
v 0.01733621 -0.02379441 -0.02456800
v 0.01575296 -0.02403599 -0.02419701
v 0.01787525 -0.02380161 -0.02678600
v 0.01438501 -0.02426684 -0.02427600
v 0.01599515 -0.02408991 -0.02685400
v 0.01539228 -0.02419468 -0.02553200
v 0.01400006 -0.02446737 -0.02599600
v 0.01444845 -0.02442196 -0.02757300
v 0.01263857 -0.02462927 -0.02607201
v 0.01170185 -0.02497798 -0.02891500
v 0.01314278 -0.02458799 -0.02815201
v 0.01255383 -0.02484425 -0.02990200
v 0.01382167 -0.02471104 -0.02913200
v 0.01529003 -0.02439462 -0.02935500
v 0.01398032 -0.02468278 -0.03032100
v 0.01282868 -0.02481099 -0.03100200
v 0.01324481 -0.02493114 -0.03195300
v 0.01399125 -0.02484386 -0.03287500
v 0.01590151 -0.02442822 -0.03182700
v 0.01754946 -0.02390883 -0.02807301
v 0.01728136 -0.02410790 -0.03003600
v 0.01733395 -0.02423995 -0.03253601
v 0.01814590 -0.02422610 -0.03507101
v 0.01900057 -0.02380453 -0.03205100
v 0.01937454 -0.02354285 -0.02876500
v 0.01977436 -0.02338666 -0.02639400
v 0.02051860 -0.02327128 -0.02800100
v 0.02123289 -0.02311387 -0.02636300
v 0.02014904 -0.02351745 -0.02992300
v 0.02111123 -0.02328275 -0.02882800
v 0.02346591 -0.02254951 -0.02471300
v 0.02298545 -0.02284964 -0.02852800
v 0.02117797 -0.02336866 -0.03086300
v 0.02055001 -0.02354534 -0.03225000
v 0.01991902 -0.02383155 -0.03432800
v 0.02136627 -0.02352138 -0.03344000
v 0.02351416 -0.02290677 -0.03215601
v 0.02209984 -0.02335693 -0.03394300
v 0.02045484 -0.02393080 -0.03745400
v 0.02309782 -0.02325801 -0.03555500
v 0.02393463 -0.02298856 -0.03405400
v 0.02054152 -0.02404907 -0.03967099
v 0.02252219 -0.02349058 -0.03787201
v 0.02507914 -0.02284646 -0.03611701
v 0.01756087 -0.02473931 -0.04083100
v 0.01841122 -0.02470157 -0.04280000
v 0.02317228 -0.02352536 -0.04067700
v 0.01831789 -0.02490095 -0.04384999
v 0.02156343 -0.02399616 -0.04188900
v 0.02000941 -0.02452717 -0.04314501
v 0.01744655 -0.02604004 -0.04557200
v 0.01928199 -0.02536559 -0.04464900
v 0.02140810 -0.02456683 -0.04353300
v 0.02270813 -0.02428868 -0.04365800
v 0.02029923 -0.02521618 -0.04499301
v 0.01861721 -0.02579280 -0.04552700
v 0.01717577 -0.02637594 -0.04674399
v 0.01941205 -0.02557615 -0.04619700
v 0.02127797 -0.02482990 -0.04527400
v 0.01488767 -0.02699839 -0.04720100
v 0.01591858 -0.02673746 -0.04771799
v 0.01761869 -0.02619242 -0.04709900
v 0.01839762 -0.02547580 -0.04760600
v 0.02063427 -0.02478262 -0.04644600
v 0.02005429 -0.02383791 -0.04864500
v 0.02313692 -0.02374174 -0.04516399
v 0.01883137 -0.02268546 -0.05117401
v 0.02387426 -0.02242953 -0.04685700
v 0.01668307 -0.02223635 -0.05331800
v 0.02319075 -0.02408072 -0.04398001
v 0.02549230 -0.02260250 -0.04432901
v 0.02442122 -0.02358510 -0.04241699
v 0.02577744 -0.02284955 -0.04304301
v 0.02589243 -0.02283970 -0.03985399
v 0.02695337 -0.02249265 -0.04069500
v 0.02606462 -0.02259014 -0.03756101
v 0.02809551 -0.02204645 -0.03802700
v 0.02773409 -0.02199190 -0.03512400
v 0.02825920 -0.02191930 -0.04119200
v 0.02997636 -0.02140322 -0.03912000
v 0.02845822 -0.02148884 -0.04276200
v 0.03019481 -0.02097558 -0.04122299
v 0.02778669 -0.02110276 -0.04472601
v 0.03017704 -0.02028037 -0.04318600
v 0.02572722 -0.02116610 -0.04701799
v 0.03191620 -0.02020383 -0.04037001
v 0.02458391 -0.02101105 -0.04830600
v 0.02900487 -0.01967635 -0.04575199
v 0.02100697 -0.02165241 -0.05063101
v 0.02665009 -0.01989027 -0.04773801
v 0.02353043 -0.02032705 -0.04993401
v 0.01914059 -0.02120456 -0.05251900
v 0.02202369 -0.02002750 -0.05137900
v 0.01659152 -0.02037132 -0.05514600
v 0.01936203 -0.01966684 -0.05362400
v 0.02447082 -0.01906626 -0.05025600
v 0.02151867 -0.01809234 -0.05307900
v 0.01781135 -0.01881307 -0.05557899
v 0.01510181 -0.01930226 -0.05730000
v 0.01950320 -0.01743780 -0.05523500
v 0.01550111 -0.01623223 -0.05981601
v 0.01316306 -0.01748420 -0.06045300
v 0.01780337 -0.01541264 -0.05846701
v 0.01413333 -0.01632192 -0.06068101
v 0.01602166 -0.01450426 -0.06063800
v 0.01934292 -0.01343388 -0.05841301
v 0.01808404 -0.01255297 -0.06019100
v 0.02173542 -0.01584650 -0.05437301
v 0.01961645 -0.01109264 -0.05957500
v 0.02329627 -0.01675565 -0.05248000
v 0.02212764 -0.01319497 -0.05568900
v 0.02375409 -0.01416455 -0.05352601
v 0.02592166 -0.01748331 -0.05014400
v 0.02306883 -0.01110563 -0.05581900
v 0.02565120 -0.01537178 -0.05135800
v 0.02465541 -0.01140647 -0.05402301
v 0.02679787 -0.01854399 -0.04884700
v 0.02627178 -0.01242283 -0.05208899
v 0.02869992 -0.01901785 -0.04676800
v 0.02818989 -0.01662103 -0.04894800
v 0.02860380 -0.01784180 -0.04787399
v 0.03068829 -0.01791402 -0.04585800
v 0.02823902 -0.01389991 -0.04998600
v 0.03043969 -0.01672865 -0.04700800
v 0.03051768 -0.01547768 -0.04761600
v 0.03186146 -0.01854128 -0.04387500
v 0.03221145 -0.01685172 -0.04517900
v 0.03232537 -0.01573876 -0.04581701
v 0.03250281 -0.01934909 -0.04152101
v 0.03440631 -0.01671766 -0.04270801
v 0.03408198 -0.01774022 -0.04194600
v 0.03411009 -0.01565983 -0.04399600
v 0.03438829 -0.01841343 -0.04022800
v 0.03604958 -0.01700780 -0.03998800
v 0.03445096 -0.01891585 -0.03889600
v 0.03641860 -0.01763049 -0.03809401
v 0.03264192 -0.02023703 -0.03848801
v 0.03591510 -0.01863240 -0.03628600
v 0.03282016 -0.02032899 -0.03663600
v 0.03449190 -0.01951552 -0.03624601
v 0.03103270 -0.02101837 -0.03598400
v 0.03604168 -0.01897402 -0.03301201
v 0.03375192 -0.01995101 -0.03277100
v 0.03059093 -0.02104052 -0.03414201
v 0.02919594 -0.02146304 -0.03291301
v 0.03190811 -0.02048394 -0.03124100
v 0.02988788 -0.02122009 -0.03133101
v 0.02761829 -0.02199597 -0.03339901
v 0.02767920 -0.02183714 -0.03088100
v 0.02589241 -0.02249423 -0.03417101
v 0.02560813 -0.02245503 -0.03211600
v 0.02599921 -0.02216585 -0.02897100
v 0.02952054 -0.02119996 -0.02834600
v 0.02768639 -0.02171527 -0.02788700
v 0.02503320 -0.02236091 -0.02735201
v 0.02704404 -0.02175439 -0.02576600
v 0.02468473 -0.02229121 -0.02539600
v 0.02569198 -0.02206043 -0.02399800
v 0.02952542 -0.02109122 -0.02543301
v 0.02946914 -0.02099346 -0.02231800
v 0.03340541 -0.01984086 -0.02617201
v 0.02890548 -0.02119526 -0.02111900
v 0.03171499 -0.02034004 -0.02388600
v 0.03163900 -0.02031430 -0.02077600
v 0.02733181 -0.02147568 -0.01989800
v 0.02929632 -0.02098855 -0.01963201
v 0.02683506 -0.02162223 -0.01896001
v 0.02968874 -0.02085745 -0.01745800
v 0.02736365 -0.02145442 -0.01630200
v 0.02485317 -0.02201725 -0.01497700
v 0.03086959 -0.02047874 -0.01519700
v 0.02856412 -0.02113184 -0.01452200
v 0.02520583 -0.02189535 -0.01207101
v 0.03318711 -0.01974602 -0.01754300
v 0.03113367 -0.02037357 -0.01272700
v 0.03340282 -0.01969853 -0.02036600
v 0.03217443 -0.02007662 -0.01412300
v 0.03392001 -0.01957804 -0.02349200
v 0.03535538 -0.01906293 -0.02151401
v 0.03584851 -0.01893005 -0.02453200
v 0.03572254 -0.01887875 -0.01886300
v 0.03438973 -0.01932115 -0.01462501
v 0.03582230 -0.01883310 -0.01588100
v 0.03323940 -0.01971498 -0.01153100
v 0.03693604 -0.01841287 -0.01299001
v 0.03863233 -0.01774888 -0.01661500
v 0.03753647 -0.01821146 -0.01919001
v 0.03851244 -0.01782400 -0.02029500
v 0.03930737 -0.01747919 -0.01838201
v 0.03760325 -0.01819744 -0.02218800
v 0.04088101 -0.01673816 -0.01931300
v 0.04057435 -0.01683612 -0.01729600
v 0.03985859 -0.01725038 -0.01467200
v 0.04126409 -0.01656508 -0.01584900
v 0.04008260 -0.01709887 -0.02172800
v 0.04241025 -0.01595328 -0.01747701
v 0.03837468 -0.01785678 -0.02417900
v 0.04227562 -0.01594285 -0.02107500
v 0.03869196 -0.01779266 -0.02558801
v 0.04144018 -0.01637801 -0.02388200
v 0.04396447 -0.01483573 -0.01853801
v 0.04322959 -0.01511585 -0.02290800
v 0.04147013 -0.01626905 -0.02565300
v 0.03564850 -0.01903526 -0.02691501
v 0.04019622 -0.01692331 -0.02769601
v 0.03370866 -0.01978164 -0.02813701
v 0.03869343 -0.01772266 -0.02918501
v 0.03247478 -0.02028016 -0.02953501
v 0.03366433 -0.01976065 -0.02921900
v 0.03539859 -0.01925292 -0.03042100
v 0.03730946 -0.01840842 -0.02807900
v 0.03842205 -0.01773240 -0.03168301
v 0.04056869 -0.01656539 -0.02925401
v 0.03680727 -0.01838863 -0.03460501
v 0.03924117 -0.01702090 -0.03251801
v 0.03852046 -0.01695288 -0.03496799
v 0.04120117 -0.01576380 -0.03037500
v 0.03857806 -0.01595724 -0.03707000
v 0.04094325 -0.01499707 -0.03339901
v 0.04258197 -0.01514948 -0.02730201
v 0.04273826 -0.01409796 -0.03019200
v 0.04352977 -0.01447522 -0.02541600
v 0.04389047 -0.01364082 -0.02714400
v 0.04472167 -0.01391434 -0.02088700
v 0.04496391 -0.01314916 -0.02359700
v 0.04421292 -0.01268156 -0.02818801
v 0.04504755 -0.01382996 -0.01736000
v 0.04524212 -0.01215591 -0.02529799
v 0.04578129 -0.01276935 -0.01959800
v 0.04615016 -0.01152669 -0.02226100
v 0.04497430 -0.01152512 -0.02758600
v 0.04599912 -0.01056959 -0.02494901
v 0.04692523 -0.01083451 -0.01887100
v 0.04378798 -0.01210357 -0.03057301
v 0.04687315 -0.01012799 -0.02123800
v 0.04236160 -0.01339598 -0.03259101
v 0.04132527 -0.01356988 -0.03478100
v 0.04221550 -0.01230953 -0.03418801
v 0.03983258 -0.01391291 -0.03733800
v 0.04117846 -0.01269496 -0.03596900
v 0.03736820 -0.01538828 -0.03994400
v 0.03894886 -0.01371704 -0.03893600
v 0.03648935 -0.01508368 -0.04149700
v 0.03976017 -0.01226893 -0.03858001
v 0.03767067 -0.01298654 -0.04119701
v 0.03507780 -0.01432699 -0.04370501
v 0.04153944 -0.01023984 -0.03652500
v 0.03309682 -0.01305374 -0.04626599
v 0.03476398 -0.01284995 -0.04464999
v 0.03076635 -0.01346375 -0.04817901
v 0.03589564 -0.01078279 -0.04415501
v 0.02936651 -0.01149965 -0.04990300
v 0.03210246 -0.01029816 -0.04802300
v 0.03414554 -0.00914476 -0.04644000
v 0.02914179 -0.00800069 -0.05099801
v 0.03211325 -0.00750101 -0.04867701
v 0.02750838 -0.00839371 -0.05231201
v 0.02620046 -0.00923559 -0.05329401
v 0.02759649 -0.00562939 -0.05289201
v 0.02441332 -0.00941236 -0.05510100
v 0.02540472 -0.00638833 -0.05500700
v 0.02099549 -0.00924891 -0.05905299
v 0.02172109 -0.00648251 -0.05928900
v 0.02971438 -0.00510851 -0.05108400
v 0.02956738 -0.00289294 -0.05146801
v 0.03215287 -0.00476391 -0.04909901
v 0.03344435 -0.00637674 -0.04772500
v 0.02708978 -0.00381084 -0.05372100
v 0.03608800 -0.00729684 -0.04489001
v 0.03465956 -0.00390290 -0.04695499
v 0.03252155 -0.00138213 -0.04907700
v 0.02943508 -0.00086287 -0.05168800
v 0.03751360 -0.00964558 -0.04261900
v 0.03899150 -0.01007193 -0.04050200
v 0.03814832 -0.00672219 -0.04259301
v 0.04030908 -0.00947859 -0.03878700
v 0.03954307 -0.00721645 -0.04062701
v 0.04137851 -0.00711017 -0.03790101
v 0.03966794 -0.00437322 -0.04104600
v 0.03762523 -0.00446105 -0.04366100
v 0.04140625 -0.00367166 -0.03853601
v 0.03601100 -0.00193990 -0.04575601
v 0.03864371 -0.00186460 -0.04269000
v 0.03492822 -0.00128909 -0.04689201
v 0.03734964 -0.00136093 -0.04427999
v 0.03576687 0.00000076 -0.04599501
v 0.03350378 0.00258006 -0.04803400
v 0.03019679 0.00212937 -0.05086001
v 0.03511605 0.00467895 -0.04625500
v 0.03713675 0.00266750 -0.04429400
v 0.03896099 0.00032119 -0.04220901
v 0.03794583 0.00407963 -0.04320101
v 0.04024869 -0.00122377 -0.04058600
v 0.03988833 0.00333764 -0.04070500
v 0.04261913 -0.00124681 -0.03680400
v 0.04124499 0.00095190 -0.03891400
v 0.04292597 -0.00362582 -0.03593200
v 0.04255876 0.00241921 -0.03658400
v 0.04315276 -0.00722994 -0.03466499
v 0.04379684 -0.00121331 -0.03455200
v 0.04388218 -0.00515065 -0.03373001
v 0.04295347 -0.00959075 -0.03413601
v 0.04488066 -0.00481512 -0.03158500
v 0.04328109 -0.01129634 -0.03251400
v 0.04466594 -0.00764737 -0.03119201
v 0.04436626 -0.00998621 -0.03070101
v 0.04482985 -0.01065230 -0.02899700
v 0.04573238 -0.00812938 -0.02792500
v 0.04565090 -0.00996442 -0.02698001
v 0.04631768 -0.00882867 -0.02549500
v 0.04600283 -0.00535012 -0.02836900
v 0.04675591 -0.00596636 -0.02550501
v 0.04679378 -0.00886129 -0.02349000
v 0.04690482 -0.00312790 -0.02605201
v 0.04732510 -0.00573105 -0.02303700
v 0.04737687 -0.00789967 -0.02091600
v 0.04758713 -0.00855600 -0.01808600
v 0.04776564 -0.00531512 -0.02028200
v 0.04775774 -0.00716618 -0.01839101
v 0.04738215 -0.01007030 -0.01559200
v 0.04772345 -0.00833467 -0.01646701
v 0.04796934 -0.00502462 -0.01721300
v 0.04794498 -0.00659711 -0.01586300
v 0.04754777 -0.00951376 -0.01393201
v 0.04783081 -0.00786422 -0.01390600
v 0.04721589 -0.01055159 -0.01231700
v 0.04767257 -0.00858250 -0.01136801
v 0.04796369 -0.00593368 -0.01142500
v 0.04683156 -0.01150306 -0.01533000
v 0.04796920 -0.00403705 -0.01350600
v 0.04624419 -0.01243895 -0.01660800
v 0.04617393 -0.01262749 -0.01284301
v 0.04530029 -0.01370802 -0.01444000
v 0.04390795 -0.01497143 -0.01611701
v 0.04662122 -0.01180920 -0.01140201
v 0.04259415 -0.01589881 -0.01382401
v 0.04391104 -0.01499230 -0.01312100
v 0.04499737 -0.01405310 -0.01104100
v 0.04146893 -0.01645105 -0.01268600
v 0.04220617 -0.01617301 -0.01132701
v 0.04367626 -0.01517944 -0.01066100
v 0.03965760 -0.01737582 -0.01269400
v 0.04147098 -0.01651276 -0.01022501
v 0.04017537 -0.01704156 -0.01107700
v 0.03909530 -0.01759233 -0.01002701
v 0.04202042 -0.01629840 -0.00851900
v 0.04036779 -0.01705914 -0.00921300
v 0.04395458 -0.01489997 -0.00817100
v 0.04090255 -0.01685376 -0.00649800
v 0.04482887 -0.01396636 -0.00764900
v 0.03955226 -0.01748320 -0.00746201
v 0.04172582 -0.01646775 -0.00544700
v 0.04369641 -0.01497072 -0.00574700
v 0.04598269 -0.01268645 -0.00962200
v 0.04440878 -0.01407050 -0.00449901
v 0.04648942 -0.01177933 -0.00904401
v 0.04571417 -0.01264852 -0.00625401
v 0.04723070 -0.01024283 -0.01019800
v 0.04669288 -0.01096728 -0.00758200
v 0.04754160 -0.00841501 -0.00931300
v 0.04721823 -0.00910772 -0.00746901
v 0.04769470 -0.00674398 -0.00857700
v 0.04676466 -0.00958765 -0.00525600
v 0.04724622 -0.00706856 -0.00563701
v 0.04787124 -0.00437788 -0.00873200
v 0.04596406 -0.01166823 -0.00480400
v 0.04801159 -0.00281877 -0.01056901
v 0.04485384 -0.01310136 -0.00282201
v 0.04794240 -0.00115443 -0.01250600
v 0.04361845 -0.01463996 -0.00251301
v 0.04792974 -0.00170636 -0.01527000
v 0.04268723 -0.01566673 -0.00351501
v 0.04796701 -0.00154945 -0.01867500
v 0.04116929 -0.01675515 -0.00292500
v 0.04791826 -0.00290300 -0.02012701
v 0.04772072 -0.00334277 -0.02172200
v 0.04789894 -0.00142061 -0.02111700
v 0.04748775 -0.00155242 -0.02382501
v 0.04779681 0.00167867 -0.02017800
v 0.04764756 0.00151389 -0.02199301
v 0.04783879 0.00055168 -0.01719100
v 0.04776367 0.00438257 -0.01759900
v 0.04780115 0.00175288 -0.01371501
v 0.04760727 0.00548317 -0.01983300
v 0.04769464 0.00656939 -0.01579101
v 0.04793460 0.00063920 -0.01058900
v 0.04779656 0.00470321 -0.01142900
v 0.04797253 -0.00098363 -0.00887100
v 0.04784430 0.00331848 -0.00943300
v 0.04783248 0.00009917 -0.00748000
v 0.04781020 -0.00172949 -0.00682200
v 0.04761356 -0.00436301 -0.00647600
v 0.04742168 0.00095361 -0.00464700
v 0.04737804 -0.00191324 -0.00435201
v 0.04713665 -0.00504379 -0.00406200
v 0.04659891 -0.00738042 -0.00285900
v 0.04690186 -0.00344712 -0.00242500
v 0.04704409 -0.00053738 -0.00266901
v 0.04756584 0.00444373 -0.00699900
v 0.04679627 0.00178616 -0.00210900
v 0.04767437 0.00624013 -0.01025900
v 0.04717462 0.00373962 -0.00433201
v 0.04764318 0.00758960 -0.01269700
v 0.04729512 0.00833592 -0.00816401
v 0.04731197 0.00608761 -0.00629801
v 0.04674994 0.00552879 -0.00317600
v 0.04670676 0.00809897 -0.00432301
v 0.04738156 0.00885436 -0.01072300
v 0.04666318 0.00976223 -0.00571100
v 0.04740352 0.00918507 -0.01377601
v 0.04713550 0.00991263 -0.00985900
v 0.04705766 0.01058662 -0.01192800
v 0.04751864 0.00843767 -0.01576200
v 0.04711408 0.01037148 -0.01564800
v 0.04747858 0.00741937 -0.01883301
v 0.04714127 0.00991344 -0.01789800
v 0.04707170 0.00839056 -0.02141700
v 0.04725214 0.00384034 -0.02358101
v 0.04661482 0.01022925 -0.02166201
v 0.04732096 0.00057811 -0.02422600
v 0.04675983 0.00843386 -0.02326401
v 0.04683757 0.00271268 -0.02591200
v 0.04669652 0.00540806 -0.02543800
v 0.04681734 0.00082231 -0.02644000
v 0.04654779 -0.00107956 -0.02765400
v 0.04612297 0.00408499 -0.02808801
v 0.04627451 -0.00323079 -0.02816001
v 0.04599395 0.00156725 -0.02896100
v 0.04572174 -0.00168709 -0.03005100
v 0.04494652 -0.00184472 -0.03199800
v 0.04515079 -0.00012481 -0.03148800
v 0.04395322 0.00227488 -0.03386300
v 0.04517425 0.00329596 -0.03097601
v 0.04285975 0.00464342 -0.03568501
v 0.04376227 0.00455581 -0.03390200
v 0.04550813 0.00466861 -0.02972900
v 0.04107457 0.00360109 -0.03889400
v 0.04476509 0.00625289 -0.03114400
v 0.04081841 0.00651154 -0.03876600
v 0.04212397 0.00739136 -0.03629301
v 0.04329630 0.00874815 -0.03357401
v 0.04548237 0.00702392 -0.02884001
v 0.04443393 0.00951131 -0.03061701
v 0.04192445 0.00994643 -0.03578200
v 0.04597898 0.00869036 -0.02642300
v 0.04500430 0.00978523 -0.02891001
v 0.04623710 0.00964651 -0.02460001
v 0.04515186 0.01058842 -0.02779301
v 0.04391111 0.01116397 -0.03085800
v 0.04297504 0.01097033 -0.03329500
v 0.04527357 0.01127439 -0.02633900
v 0.04085716 0.01249180 -0.03648800
v 0.04612266 0.01076406 -0.02338401
v 0.04286607 0.01179877 -0.03291600
v 0.04076764 0.01036143 -0.03764999
v 0.03949002 0.01225518 -0.03887100
v 0.03900666 0.00930447 -0.04061801
v 0.03832046 0.01233556 -0.04051499
v 0.03918407 0.00626992 -0.04120100
v 0.03758101 0.00954678 -0.04242300
v 0.03610253 0.01112601 -0.04368000
v 0.03726590 0.00798799 -0.04325601
v 0.03576358 0.00651923 -0.04526900
v 0.03486161 0.00894989 -0.04566401
v 0.03496933 0.01173739 -0.04474300
v 0.03401042 0.00707003 -0.04696200
v 0.03352134 0.00944710 -0.04688301
v 0.03316658 0.01314899 -0.04607800
v 0.03160871 0.01202538 -0.04787501
v 0.03228223 0.00405566 -0.04898001
v 0.03230600 0.00674518 -0.04855399
v 0.03145116 0.00951976 -0.04871201
v 0.02878314 0.01065117 -0.05057200
v 0.02963967 0.00693618 -0.05070801
v 0.02744113 0.00782486 -0.05239200
v 0.02705647 0.01023039 -0.05207500
v 0.02563928 0.01041587 -0.05328100
v 0.02871358 0.00461881 -0.05189400
v 0.02530716 0.00747593 -0.05462801
v 0.02369674 0.01056145 -0.05516101
v 0.02702095 0.00509721 -0.05341900
v 0.02893946 0.00177009 -0.05197900
v 0.02705225 0.00250925 -0.05380001
v 0.02752629 -0.00128783 -0.05354501
v 0.02503908 0.00552890 -0.05545800
v 0.02555358 -0.00277962 -0.05557899
v 0.02630971 -0.00109298 -0.05484300
v 0.02528393 0.00213112 -0.05583799
v 0.02348618 -0.00123395 -0.05825500
v 0.02313153 -0.00422951 -0.05831901
v 0.02260676 0.00196388 -0.05905000
v 0.02125901 -0.00466117 -0.06023500
v 0.02242634 -0.00250487 -0.05940900
v 0.02208492 -0.00064241 -0.05986201
v 0.02346344 0.00426617 -0.05766801
v 0.02121879 -0.00093744 -0.06074800
v 0.02285750 0.00781396 -0.05726999
v 0.02147234 0.00970773 -0.05798301
v 0.02014886 0.00793601 -0.06018600
v 0.01964700 0.00903660 -0.06023201
v 0.01913368 0.00802690 -0.06103201
v 0.02163515 0.00618834 -0.05920899
v 0.02141313 0.00394800 -0.06001801
v 0.02012071 0.00548953 -0.06093901
v 0.02098118 0.00211398 -0.06073000
v 0.02050168 0.00388404 -0.06090500
v 0.01896471 0.00335992 -0.06196500
v 0.01837884 0.00570093 -0.06197300
v 0.01786509 0.00674791 -0.06203700
v 0.01741398 0.00790408 -0.06207900
v 0.01761586 0.00746857 -0.06238101
v 0.01819604 0.00597408 -0.06233500
v 0.01847519 0.00707448 -0.06350400
v 0.01867304 0.00443103 -0.06225900
v 0.01924216 0.00502704 -0.06355000
v 0.01906689 0.00589122 -0.06495899
v 0.01812747 0.00810312 -0.06443001
v 0.01956510 0.00383510 -0.06353901
v 0.01920167 0.00625226 -0.06826700
v 0.01795794 0.00882472 -0.06718200
v 0.01950100 0.00456193 -0.06582800
v 0.01856831 0.00793881 -0.06926001
v 0.01776254 0.00947257 -0.06860701
v 0.01776868 0.00948191 -0.07258701
v 0.01865361 0.00764839 -0.07331301
v 0.01758996 0.00955995 -0.07364500
v 0.01948166 0.00563477 -0.07304899
v 0.01806368 0.00790423 -0.07437700
v 0.01717763 0.00941776 -0.07446001
v 0.01911649 0.00631775 -0.07364000
v 0.01973545 0.00458191 -0.06903200
v 0.01964532 0.00448220 -0.07366301
v 0.01989412 0.00244504 -0.06780399
v 0.01902280 0.00554166 -0.07433800
v 0.02001554 0.00351680 -0.07281401
v 0.01950220 0.00383790 -0.07422600
v 0.01816358 0.00575429 -0.07505499
v 0.01705786 0.00794552 -0.07518000
v 0.01617879 0.00895853 -0.07527100
v 0.01594525 0.00632763 -0.07539801
v 0.01437016 0.00926346 -0.07541500
v 0.01746594 0.00530083 -0.07529600
v 0.01335888 0.00640756 -0.07542000
v 0.01088986 0.00941540 -0.07540701
v 0.01568512 0.00364176 -0.07536301
v 0.01224148 0.00662875 -0.07558100
v 0.00986005 0.00906491 -0.07577900
v 0.01402517 0.00291237 -0.07550900
v 0.01181128 0.00588144 -0.07596701
v 0.01284540 0.00487540 -0.07568300
v 0.01017844 0.00710468 -0.07674801
v 0.00894327 0.00883483 -0.07643501
v 0.01168186 0.00499558 -0.07647600
v 0.00880341 0.00819567 -0.07732100
v 0.00793661 0.00885367 -0.07762901
v 0.00984040 0.00674083 -0.07791601
v 0.00872244 0.00769012 -0.07902500
v 0.00821912 0.00777123 -0.08087200
v 0.00691992 0.00884634 -0.08078100
v 0.00937339 0.00631116 -0.08142000
v 0.00781113 0.00728608 -0.08388199
v 0.01066353 0.00569073 -0.07751701
v 0.01037786 0.00510477 -0.08043901
v 0.00638407 0.00834919 -0.08436600
v 0.00600743 0.00915870 -0.08163200
v 0.00491863 0.00900708 -0.08377001
v 0.00722401 0.00722352 -0.08617000
v 0.00813217 0.00622531 -0.08645399
v 0.00946871 0.00532773 -0.08389099
v 0.00902832 0.00509642 -0.08640501
v 0.01055753 0.00361624 -0.08305000
v 0.01108536 0.00320642 -0.08133901
v 0.01135656 0.00402449 -0.07815800
v 0.01190005 0.00235654 -0.07832300
v 0.01182961 0.00350865 -0.07740000
v 0.01226700 0.00206933 -0.07714102
v 0.01233045 0.00327324 -0.07653502
v 0.01332459 0.00254925 -0.07587801
v 0.01421708 0.00111229 -0.07548700
v 0.01495480 0.00167041 -0.07534000
v 0.01683682 -0.00192692 -0.07531301
v 0.01711143 0.00218788 -0.07536100
v 0.01848433 0.00337480 -0.07517502
v 0.01864165 0.00015215 -0.07520601
v 0.01816495 -0.00256021 -0.07524700
v 0.01920663 0.00311600 -0.07476601
v 0.01908481 0.00128831 -0.07501400
v 0.01971651 0.00163505 -0.07446001
v 0.01972832 -0.00059700 -0.07459801
v 0.01907285 -0.00264793 -0.07502100
v 0.02000666 0.00244399 -0.07382601
v 0.02018225 0.00068994 -0.07382502
v 0.02032264 0.00144295 -0.07287901
v 0.01991928 -0.00223807 -0.07422201
v 0.02037942 -0.00088533 -0.07315701
v 0.02037845 0.00140296 -0.07209499
v 0.02004740 0.00296227 -0.07061399
v 0.02039746 -0.00067137 -0.07067101
v 0.01999892 0.00156840 -0.06944901
v 0.02013460 -0.00075316 -0.06672200
v 0.02003420 0.00177179 -0.06489000
v 0.02030357 -0.00173200 -0.06834900
v 0.01980777 0.00193960 -0.06343300
v 0.02027436 -0.00303952 -0.06895300
v 0.02003268 -0.00025363 -0.06346401
v 0.01914500 0.00191893 -0.06205101
v 0.01929442 0.00025420 -0.06204700
v 0.01996795 0.00023881 -0.06144501
v 0.01934449 -0.00089469 -0.06208800
v 0.01988766 -0.00175209 -0.06160001
v 0.02109449 -0.00303458 -0.06069801
v 0.01927117 -0.00194015 -0.06208501
v 0.02026947 -0.00602494 -0.06084801
v 0.01913373 -0.00475415 -0.06183200
v 0.01916373 -0.00299177 -0.06205600
v 0.01976966 -0.00214524 -0.06300000
v 0.01890288 -0.00490385 -0.06211401
v 0.02004889 -0.00178685 -0.06375801
v 0.01974699 -0.00367281 -0.06330801
v 0.02010061 -0.00250190 -0.06649300
v 0.01994390 -0.00399974 -0.06606199
v 0.01939443 -0.00552967 -0.06343499
v 0.01853254 -0.00655435 -0.06190701
v 0.01833791 -0.00707684 -0.06208200
v 0.01984940 -0.00791289 -0.06072400
v 0.01793445 -0.00792242 -0.06192001
v 0.01886142 -0.00733817 -0.06355300
v 0.01923254 -0.00928167 -0.06075200
v 0.01751355 -0.00892680 -0.06192101
v 0.01814894 -0.00907810 -0.06350600
v 0.01700201 -0.00992204 -0.06192101
v 0.01784900 -0.01145593 -0.06092100
v 0.01632894 -0.01113660 -0.06191800
v 0.01630941 -0.01270028 -0.06125200
v 0.01459482 -0.01433640 -0.06144600
v 0.01537368 -0.01238891 -0.06197399
v 0.01629983 -0.01118726 -0.06225201
v 0.01719595 -0.01045303 -0.06299801
v 0.01623241 -0.01230584 -0.06336201
v 0.01461613 -0.01336229 -0.06199301
v 0.01718287 -0.01103412 -0.06423800
v 0.01493279 -0.01387802 -0.06333900
v 0.01385916 -0.01420121 -0.06202201
v 0.01266831 -0.01608789 -0.06147301
v 0.01591967 -0.01284554 -0.06430901
v 0.01332164 -0.01554175 -0.06351400
v 0.01430205 -0.01476508 -0.06509901
v 0.01322101 -0.01476791 -0.06200400
v 0.01262125 -0.01539002 -0.06201200
v 0.01188547 -0.01673440 -0.06336700
v 0.01203546 -0.01591269 -0.06210601
v 0.01144345 -0.01660870 -0.06173100
v 0.01099526 -0.01663573 -0.06203200
v 0.01204786 -0.01672294 -0.06508001
v 0.01022585 -0.01703048 -0.06194100
v 0.00943777 -0.01749226 -0.06193001
v 0.01040238 -0.01833191 -0.06111401
v 0.00873422 -0.01794429 -0.06189401
v 0.00923327 -0.01944564 -0.06079301
v 0.01479443 -0.01456996 -0.06765501
v 0.01534152 -0.01379296 -0.06688201
v 0.01415654 -0.01536382 -0.06906601
v 0.01619346 -0.01258697 -0.06695800
v 0.01576114 -0.01363105 -0.06999901
v 0.01585777 -0.01336245 -0.06794901
v 0.01580467 -0.01361041 -0.07311701
v 0.01659473 -0.01254763 -0.07080700
v 0.01656723 -0.01199821 -0.07401699
v 0.01755386 -0.01116335 -0.07291700
v 0.01662048 -0.01088230 -0.07477699
v 0.01810630 -0.00958036 -0.07407000
v 0.01686485 -0.00933151 -0.07506701
v 0.01803977 -0.00716756 -0.07506800
v 0.01880010 -0.00881349 -0.07320799
v 0.01851492 -0.00491951 -0.07505199
v 0.01871944 -0.00857610 -0.07384300
v 0.01934683 -0.00373000 -0.07465900
v 0.01920575 -0.00591019 -0.07433201
v 0.01969151 -0.00478885 -0.07401600
v 0.02020611 -0.00369170 -0.07323400
v 0.01978523 -0.00542287 -0.07338402
v 0.01924452 -0.00766156 -0.07267601
v 0.02006173 -0.00476892 -0.07208401
v 0.02037529 -0.00245880 -0.07174500
v 0.02003526 -0.00471097 -0.06898300
v 0.01957503 -0.00656558 -0.07061201
v 0.01872691 -0.00876069 -0.06941900
v 0.01916622 -0.00761312 -0.06816000
v 0.01936654 -0.00634781 -0.06583200
v 0.01893882 -0.00754484 -0.06593200
v 0.01805550 -0.00943387 -0.06646600
v 0.01808078 -0.00953042 -0.06816500
v 0.01739108 -0.01064341 -0.06690500
v 0.01726739 -0.01102437 -0.06949699
v 0.01775731 -0.01076084 -0.07173899
v -0.04426423 -0.01291865 0.09134200
v -0.04398466 -0.01155878 0.09204200
v -0.04493120 -0.01149811 0.09094000
v -0.04325606 -0.01314126 0.09234900
v -0.04532170 -0.00911401 0.09094600
v -0.04247437 -0.01212381 0.09318800
v -0.04231205 -0.01342030 0.09299700
v -0.04385993 -0.00859816 0.09245299
v -0.04516375 -0.00585244 0.09115100
v -0.04107881 -0.01285416 0.09386800
v -0.04046928 -0.01433070 0.09362700
v -0.04451721 -0.00323391 0.09159500
v -0.04558409 -0.00084624 0.09064899
v -0.03908819 -0.01391532 0.09433599
v -0.03817086 -0.01543451 0.09409099
v -0.04083107 -0.01136454 0.09406099
v -0.03754316 -0.01431150 0.09461799
v -0.03507027 -0.01563386 0.09473799
v -0.04003962 -0.01236643 0.09429600
v -0.03841284 -0.01263654 0.09466900
v -0.03590723 -0.01385111 0.09494500
v -0.03241915 -0.01530021 0.09509700
v -0.03943875 -0.01017283 0.09437500
v -0.03668209 -0.01206539 0.09486100
v -0.03177680 -0.01374343 0.09523700
v -0.02868656 -0.01603506 0.09528700
v -0.03356356 -0.01255263 0.09510799
v -0.02721228 -0.01416657 0.09543999
v -0.02398584 -0.01642910 0.09554800
v -0.02895896 -0.01260495 0.09525499
v -0.02389214 -0.01489800 0.09552998
v -0.02087967 -0.01649502 0.09564400
v -0.02610834 -0.01304256 0.09527599
v -0.02098749 -0.01440472 0.09536199
v -0.01701331 -0.01638498 0.09559800
v -0.02441835 -0.01249322 0.09497499
v -0.01799889 -0.01510080 0.09537800
v -0.02791321 -0.01120855 0.09479500
v -0.02083793 -0.01236067 0.09459499
v -0.02427428 -0.01072060 0.09419499
v -0.01524746 -0.01476627 0.09504300
v -0.01270172 -0.01638027 0.09532499
v -0.01661021 -0.01270711 0.09443700
v -0.02161751 -0.00989506 0.09361600
v -0.01514497 -0.01122587 0.09377900
v -0.01806124 -0.01044643 0.09358800
v -0.02451604 -0.00840072 0.09330000
v -0.02145551 -0.00874818 0.09326799
v -0.01440578 -0.01056192 0.09365399
v -0.02782683 -0.00730173 0.09321099
v -0.01658027 -0.00744119 0.09325700
v -0.02532372 -0.00733980 0.09305199
v -0.02246199 -0.00420148 0.09263300
v -0.03068987 -0.00945524 0.09440900
v -0.01653089 -0.00369574 0.09272699
v -0.03227378 -0.01003875 0.09468599
v -0.03453923 -0.00909016 0.09452400
v -0.03343517 -0.00754360 0.09418500
v -0.03827626 -0.00783087 0.09419800
v -0.03543620 -0.00522220 0.09392000
v -0.03003707 -0.00735430 0.09355900
v -0.03389428 -0.00392886 0.09367300
v -0.02974416 -0.00582736 0.09301100
v -0.03249644 -0.00576718 0.09364798
v -0.02859776 -0.00498210 0.09274400
v -0.03044012 -0.00468241 0.09285700
v -0.02631843 -0.00201808 0.09226700
v -0.02868965 -0.00139287 0.09228100
v -0.03100688 -0.00277753 0.09269100
v -0.03314183 -0.00295983 0.09341599
v -0.03483397 -0.00262614 0.09361100
v -0.03136579 -0.00060564 0.09260999
v -0.03382637 -0.00060301 0.09344000
v -0.03014661 -0.00033880 0.09235300
v -0.02786761 -0.00008076 0.09215099
v -0.03066420 0.00317910 0.09246699
v -0.02883944 0.00303245 0.09227199
v -0.02561849 -0.00037169 0.09220300
v -0.03278123 0.00275236 0.09318299
v -0.02694077 0.00323140 0.09225199
v -0.02164263 -0.00230703 0.09248999
v -0.02114885 -0.00054488 0.09248799
v -0.01795886 -0.00176207 0.09253199
v -0.02197209 0.00265734 0.09258799
v -0.01745655 -0.00015129 0.09255000
v -0.02002468 0.00129731 0.09262399
v -0.01835233 0.00379112 0.09274898
v -0.02503309 0.00473123 0.09245700
v -0.02188769 0.00584801 0.09277699
v -0.02730115 0.00544845 0.09242100
v -0.02359151 0.00857014 0.09290800
v -0.02970566 0.00499709 0.09250999
v -0.02690892 0.00760351 0.09273300
v -0.03078540 0.00579327 0.09284500
v -0.02952907 0.00670810 0.09275800
v -0.03270109 0.00531366 0.09340299
v -0.03253278 0.00717920 0.09366600
v -0.03429111 0.00323901 0.09358100
v -0.03381240 0.00669575 0.09381599
v -0.03583279 -0.00047485 0.09349199
v -0.03536116 0.00612340 0.09387500
v -0.03668990 -0.00254013 0.09353900
v -0.03673266 0.00339652 0.09358100
v -0.03888870 0.00009336 0.09324799
v -0.03880149 -0.00468671 0.09365100
v -0.03998380 -0.00259659 0.09320499
v -0.04035708 -0.00711275 0.09384700
v -0.04086488 -0.00369461 0.09318700
v -0.04100054 -0.00838551 0.09385999
v -0.04217110 -0.00495220 0.09300000
v -0.04225584 -0.00887819 0.09342999
v -0.04308376 -0.00598902 0.09274600
v -0.04340380 -0.00290913 0.09223599
v -0.04206042 -0.00191718 0.09268400
v -0.04439070 -0.00052499 0.09160100
v -0.04350993 0.00001694 0.09209300
v -0.04158281 0.00000393 0.09279899
v -0.04515311 0.00172257 0.09106999
v -0.04599931 0.00287699 0.09022699
v -0.04035471 0.00322731 0.09320200
v -0.04549320 0.00411027 0.09087499
v -0.04645703 0.00590124 0.08968699
v -0.04442281 0.00343539 0.09169800
v -0.04581220 0.00821632 0.09069199
v -0.04628830 0.00980244 0.08970699
v -0.04487726 0.00688194 0.09162599
v -0.04346640 0.00344658 0.09227099
v -0.04556878 0.01099077 0.09064799
v -0.04565426 0.01280868 0.08998999
v -0.04320061 0.00684704 0.09274099
v -0.04234933 0.00351124 0.09271000
v -0.04518908 0.00861450 0.09139600
v -0.04396292 0.00876214 0.09243998
v -0.04470483 0.01055126 0.09177998
v -0.04305043 0.00947095 0.09303500
v -0.04427720 0.01317363 0.09179000
v -0.04299883 0.01250499 0.09301800
v -0.04475503 0.01404674 0.09080800
v -0.04553551 0.01393046 0.08950200
v -0.04290070 0.01389298 0.09279500
v -0.04335805 0.01476826 0.09197499
v -0.04179571 0.01270585 0.09371799
v -0.04375799 0.01585817 0.09028200
v -0.04122079 0.01553187 0.09309999
v -0.04250808 0.01604896 0.09166199
v -0.04074495 0.01459008 0.09381599
v -0.04088624 0.01674999 0.09235699
v -0.03942795 0.01633630 0.09355599
v -0.04233155 0.01675403 0.09083299
v -0.04338373 0.01645324 0.08966599
v -0.03800910 0.01741137 0.09347899
v -0.04481111 0.01541438 0.08870100
v -0.04051425 0.01743183 0.09162300
v -0.04192494 0.01711050 0.09036300
v -0.03886472 0.01802660 0.09216599
v -0.04047174 0.01770602 0.09042900
v -0.03895079 0.01827172 0.09146200
v -0.03624959 0.01983668 0.09138400
v -0.03874802 0.01852676 0.09057198
v -0.04026136 0.01788940 0.08840000
v -0.03715554 0.01875682 0.09243000
v -0.03504756 0.02009125 0.09224899
v -0.03470496 0.01951888 0.09312099
v -0.03403499 0.02155279 0.09069999
v -0.03275676 0.02137523 0.09207900
v -0.03590861 0.02037635 0.09022699
v -0.03699173 0.01972367 0.08911699
v -0.03230311 0.02191161 0.09142600
v -0.03878236 0.01866083 0.08690699
v -0.03502148 0.02135556 0.08753099
v -0.03405151 0.02196176 0.08913999
v -0.03330967 0.02220199 0.08948100
v -0.03699751 0.01983802 0.08654500
v -0.03424794 0.02203645 0.08546499
v -0.03336403 0.02239128 0.08739798
v -0.03138557 0.02248900 0.09014900
v -0.03534298 0.02122261 0.08414100
v -0.03338746 0.02240774 0.08539499
v -0.03676866 0.02007005 0.08442400
v -0.03401680 0.02213822 0.08398399
v -0.03843894 0.01887356 0.08375700
v -0.03659964 0.02017647 0.08269199
v -0.03454874 0.02180128 0.08114199
v -0.03347270 0.02230161 0.08309399
v -0.03110053 0.02276127 0.08661199
v -0.03143935 0.02266175 0.08494300
v -0.03095802 0.02271055 0.08271100
v -0.02963580 0.02302818 0.08518800
v -0.02970883 0.02303527 0.08736600
v -0.03334248 0.02231152 0.08058699
v -0.02830371 0.02337419 0.08292100
v -0.03074503 0.02270814 0.08031099
v -0.02768112 0.02365853 0.08519199
v -0.02934668 0.02303364 0.08123099
v -0.02669805 0.02404732 0.08341300
v -0.02739324 0.02371993 0.08136900
v -0.03003139 0.02294080 0.07939700
v -0.02848885 0.02344734 0.07966000
v -0.03239046 0.02260160 0.07827200
v -0.02985404 0.02359663 0.07697599
v -0.03377712 0.02223963 0.07824100
v -0.03311045 0.02253568 0.07636700
v -0.03494165 0.02154873 0.07849400
v -0.03690551 0.01996518 0.07883900
v -0.03575843 0.02114475 0.07659900
v -0.03560576 0.02138413 0.07458000
v -0.03865195 0.01876844 0.08091200
v -0.03768508 0.01969750 0.07674400
v -0.03816947 0.01912963 0.07815600
v -0.03985972 0.01812413 0.08186700
v -0.03834357 0.01996072 0.07412800
v -0.03951795 0.01858633 0.07617200
v -0.03956439 0.01831056 0.07845600
v -0.04109100 0.01771360 0.07681800
v -0.04160719 0.01749055 0.07946600
v -0.03996381 0.01804013 0.08433800
v -0.04151201 0.01745884 0.08328700
v -0.04044280 0.01776653 0.08669900
v -0.04161352 0.01734767 0.08628600
v -0.04195778 0.01726349 0.08871699
v -0.04326499 0.01689931 0.08574199
v -0.04332322 0.01672631 0.08872499
v -0.04310905 0.01691350 0.08757999
v -0.04410576 0.01633387 0.08759800
v -0.04332306 0.01698261 0.08219999
v -0.04431877 0.01637975 0.08500500
v -0.04499793 0.01574463 0.08636599
v -0.04578954 0.01474985 0.08698100
v -0.04522921 0.01576023 0.08331600
v -0.04585402 0.01497929 0.08495700
v -0.04629869 0.01344290 0.08766800
v -0.04435689 0.01643070 0.08264800
v -0.04675765 0.01353125 0.08516300
v -0.04621284 0.01477636 0.08226800
v -0.04553264 0.01563917 0.08028999
v -0.04445801 0.01647145 0.07878500
v -0.04324080 0.01704331 0.07947900
v -0.04326873 0.01703126 0.07615300
v -0.04554977 0.01573444 0.07717900
v -0.04268838 0.01756927 0.07390000
v -0.04479584 0.01634868 0.07516100
v -0.04093850 0.01853098 0.07363999
v -0.04291600 0.01762677 0.07257299
v -0.03967669 0.01937940 0.07270500
v -0.03796650 0.02023738 0.07242900
v -0.04139454 0.01845732 0.06949900
v -0.03601851 0.02113348 0.07265200
v -0.03908109 0.01957199 0.06916000
v -0.03329277 0.02217526 0.07200000
v -0.03677990 0.02066036 0.07096900
v -0.04103231 0.01858384 0.06632500
v -0.03701220 0.02032552 0.06657200
v -0.03494459 0.02125774 0.06876699
v -0.04334842 0.01740402 0.06839100
v -0.03863406 0.01955280 0.06361800
v -0.04506197 0.01630522 0.07057899
v -0.04276854 0.01766195 0.06342899
v -0.04581768 0.01551790 0.07424800
v -0.04442263 0.01668021 0.06545400
v -0.04637339 0.01472826 0.07840300
v -0.04612372 0.01524478 0.07165900
v -0.04694180 0.01400594 0.07418000
v -0.04571603 0.01562685 0.06740399
v -0.04689463 0.01418363 0.07138300
v -0.04732118 0.01325552 0.07728100
v -0.04740084 0.01316766 0.07403800
v -0.04727378 0.01325713 0.07873300
v -0.04726156 0.01314005 0.08115800
v -0.04760018 0.01154126 0.07873400
v -0.04761873 0.01181746 0.07445400
v -0.04719744 0.01293792 0.08337600
v -0.04755753 0.01105819 0.08228900
v -0.04687819 0.01266119 0.08599399
v -0.04758849 0.00926798 0.08423100
v -0.04629585 0.01209569 0.08878899
v -0.04722266 0.01104859 0.08548899
v -0.04671378 0.01038174 0.08823499
v -0.04731612 0.00808230 0.08658199
v -0.04687327 0.00745435 0.08858800
v -0.04673848 0.00360790 0.08911500
v -0.04726684 0.00557253 0.08747200
v -0.04770026 0.00533717 0.08531700
v -0.04657743 0.00040430 0.08930600
v -0.04717032 0.00231158 0.08791300
v -0.04765420 0.00193687 0.08588699
v -0.04713204 0.00035944 0.08804800
v -0.04603065 -0.00357464 0.09006699
v -0.04670587 -0.00288499 0.08893699
v -0.04620640 -0.00568037 0.08981800
v -0.04742829 -0.00255227 0.08642799
v -0.04626465 -0.00808257 0.08934000
v -0.04687975 -0.00507081 0.08814700
v -0.04586069 -0.01010738 0.08983299
v -0.04647383 -0.00959399 0.08828399
v -0.04524072 -0.01224777 0.09013799
v -0.04509234 -0.01368717 0.08930300
v -0.04603590 -0.01206341 0.08828000
v -0.04591718 -0.01339354 0.08700000
v -0.04485859 -0.01464135 0.08783600
v -0.04670067 -0.01078613 0.08657200
v -0.04583594 -0.01394947 0.08575599
v -0.04451423 -0.01519165 0.08663299
v -0.04638267 -0.01271143 0.08607300
v -0.04506782 -0.01492951 0.08429200
v -0.04408401 -0.01562413 0.08472500
v -0.04666047 -0.01291290 0.08350300
v -0.04488251 -0.01516352 0.08178900
v -0.04361537 -0.01600448 0.07995100
v -0.04592865 -0.01413717 0.08241600
v -0.04467727 -0.01535819 0.07763500
v -0.04335328 -0.01608314 0.07791699
v -0.04328395 -0.01619622 0.07507200
v -0.04567088 -0.01448450 0.07909400
v -0.04644253 -0.01354859 0.07943300
v -0.04593096 -0.01426546 0.07638200
v -0.04432870 -0.01568105 0.07335800
v -0.04283016 -0.01664740 0.07292500
v -0.04291346 -0.01663377 0.07110700
v -0.04515944 -0.01501229 0.07521399
v -0.04476949 -0.01538096 0.07018400
v -0.04300697 -0.01651368 0.06806200
v -0.04611736 -0.01405707 0.07237100
v -0.04425415 -0.01556169 0.06509100
v -0.04233525 -0.01680207 0.06410000
v -0.04589498 -0.01426770 0.06960000
v -0.04347328 -0.01593334 0.06200500
v -0.04227543 -0.01671231 0.06076200
v -0.04516025 -0.01485551 0.06692699
v -0.04286053 -0.01603049 0.05842800
v -0.04136933 -0.01703717 0.05734499
v -0.04500707 -0.01453814 0.06229700
v -0.04245354 -0.01597511 0.05595400
v -0.04068464 -0.01716702 0.05426000
v -0.04112381 -0.01657649 0.05282500
v -0.04405056 -0.01501042 0.05890500
v -0.04360076 -0.01503079 0.05696100
v -0.04222838 -0.01551121 0.05295800
v -0.04071102 -0.01626175 0.04979800
v -0.04469044 -0.01367960 0.05736000
v -0.04226379 -0.01469119 0.05056700
v -0.04380578 -0.01403448 0.05466000
v -0.04006778 -0.01568309 0.04578800
v -0.04570663 -0.01314831 0.06086600
v -0.04214250 -0.01361720 0.04831200
v -0.04378352 -0.01276637 0.05217100
v -0.04448703 -0.01288817 0.05495200
v -0.04537383 -0.01191641 0.05707100
v -0.04469103 -0.01146209 0.05396800
v -0.04266088 -0.01192080 0.04816000
v -0.04381562 -0.01104281 0.05076200
v -0.04567462 -0.01029608 0.05680500
v -0.04492778 -0.00960386 0.05354199
v -0.04312142 -0.01023917 0.04836900
v -0.04429741 -0.00861018 0.05099500
v -0.04536108 -0.00620214 0.05359800
v -0.04601547 -0.01144199 0.05940599
v -0.04603075 -0.00873699 0.05759299
v -0.04641004 -0.01235109 0.06302400
v -0.04661625 -0.00991159 0.06141400
v -0.04611206 -0.01338686 0.06414400
v -0.04686567 -0.01030979 0.06359900
v -0.04548438 -0.01430620 0.06460800
v -0.04690556 -0.01202126 0.06655800
v -0.04633568 -0.01353745 0.06743900
v -0.04683831 -0.01293519 0.06960100
v -0.04719589 -0.00970574 0.06596800
v -0.04691257 -0.01291561 0.07289800
v -0.04708629 -0.00757411 0.06329400
v -0.04739493 -0.01012858 0.06934999
v -0.04751099 -0.00774799 0.06820200
v -0.04680787 -0.00747611 0.06125600
v -0.04727986 -0.01097590 0.07151500
v -0.04742139 -0.01030095 0.07358500
v -0.04686768 -0.01287383 0.07443300
v -0.04690906 -0.01279217 0.07646000
v -0.04690378 -0.01261082 0.08001600
v -0.04744988 -0.00992275 0.07865900
v -0.04768169 -0.00634583 0.07148499
v -0.04761621 -0.00773483 0.07531800
v -0.04750090 -0.00918301 0.08144000
v -0.04772140 -0.00678742 0.07932300
v -0.04776482 -0.00460170 0.07542300
v -0.04703509 -0.01162516 0.08273000
v -0.04682786 -0.01152084 0.08512600
v -0.04716521 -0.00996103 0.08465899
v -0.04723334 -0.00564533 0.08662200
v -0.04766976 -0.00581097 0.08348900
v -0.04766819 -0.00376494 0.08475099
v -0.04788407 -0.00360811 0.08024198
v -0.04791360 -0.00209858 0.08218500
v -0.04784175 0.00107786 0.08471900
v -0.04799708 0.00179452 0.08243700
v -0.04788065 0.00313347 0.08443399
v -0.04801257 0.00133831 0.07920900
v -0.04797484 0.00450859 0.08061200
v -0.04787022 0.00682810 0.08219600
v -0.04790069 -0.00086018 0.07575300
v -0.04777333 0.00910635 0.08150200
v -0.04785185 0.00732437 0.07881500
v -0.04777220 0.00976421 0.07488400
v -0.04790175 0.00422010 0.07610000
v -0.04765509 0.01185463 0.07222000
v -0.04792463 0.00108479 0.07286000
v -0.04738997 0.01325213 0.07163000
v -0.04785654 -0.00147533 0.07242400
v -0.04780724 -0.00028171 0.06876600
v -0.04769313 -0.00209873 0.06743800
v -0.04788274 0.00229677 0.06999500
v -0.04773467 0.00132246 0.06646100
v -0.04731437 -0.00458215 0.06385700
v -0.04742992 0.00007741 0.06347300
v -0.04704503 -0.00500717 0.06182700
v -0.04712861 -0.00134977 0.06132299
v -0.04654175 -0.00500136 0.05872200
v -0.04703579 0.00195030 0.05995200
v -0.04594908 -0.00540176 0.05585000
v -0.04678307 -0.00095544 0.05894400
v -0.04609709 -0.00319881 0.05587600
v -0.04541814 -0.00360324 0.05312799
v -0.04472581 -0.00589820 0.05133100
v -0.04655783 0.00115427 0.05726500
v -0.04566287 -0.00043040 0.05340700
v -0.04496468 -0.00286255 0.05136000
v -0.04409861 -0.00599713 0.04941200
v -0.04339382 -0.00764338 0.04799300
v -0.04407015 -0.00227539 0.04844399
v -0.04482260 -0.00028843 0.05041200
v -0.04562174 0.00217462 0.05292000
v -0.04266414 -0.00298627 0.04462200
v -0.04389853 0.00113354 0.04737599
v -0.04234639 -0.00703639 0.04499400
v -0.04467667 0.00212327 0.04965000
v -0.04139831 -0.00977559 0.04359000
v -0.04166877 -0.00626156 0.04264200
v -0.04260970 -0.00005557 0.04384300
v -0.04169788 -0.00324107 0.04153399
v -0.04046538 -0.00867568 0.03978700
v -0.04097301 -0.00553355 0.03983400
v -0.04173357 0.00015809 0.04068799
v -0.04109124 -0.00191684 0.03865300
v -0.04216563 0.00184283 0.04210900
v -0.04132024 0.00164368 0.03867800
v -0.04290761 0.00304317 0.04449200
v -0.04183688 0.00477226 0.04114100
v -0.04416871 0.00452796 0.04823800
v -0.04264469 0.00685658 0.04425200
v -0.04491896 0.00516364 0.05076200
v -0.04337973 0.00753578 0.04651600
v -0.04447125 0.00688124 0.04957399
v -0.04566462 0.00598422 0.05367599
v -0.04522345 0.00674969 0.05206400
v -0.04425302 0.00918946 0.04945500
v -0.04631612 0.00464643 0.05631700
v -0.04552212 0.01037129 0.05420099
v -0.04618927 0.00790382 0.05629700
v -0.04677439 0.00601096 0.05892499
v -0.04504157 0.01110158 0.05267700
v -0.04616798 0.01009357 0.05690800
v -0.04687302 0.01029833 0.06072000
v -0.04578279 0.01204521 0.05626300
v -0.04634213 0.01196108 0.05878699
v -0.04714882 0.00569190 0.06130400
v -0.04671736 0.01270481 0.06160000
v -0.04737252 0.00242131 0.06266300
v -0.04764750 0.00397964 0.06557500
v -0.04720095 0.01042666 0.06296300
v -0.04746269 0.00790334 0.06444099
v -0.04776190 0.00524058 0.06798699
v -0.04763375 0.00834749 0.06685600
v -0.04781308 0.00742850 0.07042100
v -0.04773227 0.01021657 0.07015900
v -0.04753644 0.01110790 0.06712500
v -0.04759857 0.01176002 0.06941900
v -0.04709311 0.01250038 0.06425600
v -0.04731862 0.01281880 0.06718400
v -0.04732228 0.01322992 0.06918799
v -0.04700914 0.01350438 0.06613000
v -0.04648809 0.01463464 0.06762300
v -0.04645170 0.01387069 0.06270300
v -0.04598404 0.01502361 0.06450400
v -0.04450944 0.01653455 0.06315400
v -0.04561685 0.01520018 0.06230500
v -0.04606202 0.01395949 0.06039400
v -0.04482956 0.01566012 0.05931600
v -0.04588658 0.01323646 0.05802700
v -0.04505888 0.01442885 0.05628300
v -0.04468467 0.01363665 0.05348700
v -0.04385839 0.01599530 0.05556800
v -0.04390501 0.01497436 0.05284900
v -0.04398625 0.01325763 0.05060800
v -0.04324111 0.01493372 0.05040800
v -0.04269330 0.01641112 0.05214600
v -0.04388284 0.01198614 0.04934600
v -0.04254941 0.01425988 0.04723700
v -0.04232233 0.01045683 0.04443300
v -0.04200172 0.01266837 0.04449399
v -0.04198881 0.00943313 0.04296300
v -0.04103237 0.01216239 0.04109400
v -0.04155541 0.00687113 0.04056300
v -0.04103451 0.00937027 0.03944400
v -0.04103815 0.00522843 0.03787500
v -0.04025951 0.01224280 0.03792500
v -0.04040735 0.00848809 0.03606000
v -0.04093267 0.01385607 0.04188000
v -0.04094218 0.01489324 0.04291600
v -0.03982709 0.01507607 0.03910200
v -0.03994514 0.01598549 0.04086800
v -0.04111523 0.01557071 0.04443600
v -0.04194052 0.01550495 0.04712500
v -0.04053262 0.01720172 0.04636000
v -0.04182833 0.01677508 0.04976900
v -0.03933538 0.01751156 0.04249500
v -0.04020055 0.01815039 0.04876600
v -0.03925774 0.01840852 0.04604000
v -0.03843251 0.01784965 0.03952700
v -0.03837765 0.01858031 0.04263900
v -0.03899014 0.01893914 0.04769100
v -0.03786036 0.01938951 0.04504100
v -0.04022997 0.01845728 0.05067200
v -0.03941613 0.01902328 0.05070900
v -0.04156980 0.01765285 0.05251400
v -0.04076028 0.01848250 0.05415900
v -0.04309789 0.01691420 0.05602100
v -0.04209933 0.01767990 0.05550400
v -0.04321727 0.01714738 0.05844399
v -0.04147470 0.01821215 0.05673900
v -0.04222166 0.01793171 0.05993800
v -0.04029971 0.01879976 0.05640600
v -0.04075419 0.01865807 0.06248000
v -0.03955910 0.01913177 0.05926800
v -0.03901952 0.01934596 0.05311800
v -0.03809823 0.01967624 0.05497700
v -0.03746200 0.01992872 0.05129900
v -0.03693045 0.02011374 0.06155600
v -0.03673091 0.02008988 0.05728200
v -0.03527352 0.02050329 0.05510300
v -0.03471432 0.02074066 0.05917000
v -0.03555788 0.02075218 0.06486500
v -0.03337458 0.02123009 0.06156000
v -0.03087807 0.02169347 0.05794000
v -0.03316734 0.02167227 0.06661400
v -0.03223493 0.02178816 0.06466000
v -0.03168388 0.02240813 0.06928500
v -0.03007192 0.02266360 0.06702800
v -0.02973295 0.02241542 0.06401299
v -0.02961154 0.02216399 0.06105300
v -0.02671041 0.02333231 0.06532700
v -0.02641769 0.02309290 0.06287700
v -0.02732208 0.02254905 0.05953900
v -0.02880443 0.02331297 0.06928599
v -0.02980644 0.02335047 0.07220799
v -0.02997351 0.02362997 0.07554100
v -0.02781669 0.02420928 0.07399500
v -0.02735005 0.02455874 0.07653600
v -0.02685188 0.02459605 0.07816700
v -0.02560513 0.02513256 0.07662199
v -0.02703874 0.02407135 0.07992400
v -0.02516423 0.02532671 0.07831900
v -0.02511319 0.02522683 0.07943300
v -0.02618794 0.02431749 0.08162399
v -0.02329033 0.02608153 0.07983700
v -0.02375206 0.02583320 0.08192900
v -0.02551889 0.02479829 0.08557500
v -0.02391140 0.02585195 0.08528999
v -0.02579544 0.02457673 0.08746600
v -0.02269227 0.02613403 0.08326299
v -0.02412665 0.02571084 0.08714499
v -0.02327018 0.02610339 0.08709800
v -0.02365133 0.02582738 0.08909500
v -0.02789566 0.02357795 0.08733399
v -0.02654159 0.02398852 0.09034799
v -0.02800136 0.02339033 0.08945900
v -0.02945897 0.02285100 0.09080700
v -0.02751128 0.02349301 0.09123199
v -0.02754311 0.02324145 0.09203600
v -0.03032886 0.02231422 0.09199699
v -0.03142811 0.02108610 0.09309000
v -0.02838775 0.02231373 0.09301699
v -0.03261365 0.01956001 0.09391399
v -0.02950601 0.02070041 0.09410900
v -0.03588327 0.01730857 0.09424399
v -0.03280943 0.01823628 0.09457300
v -0.03855606 0.01572612 0.09421099
v -0.03588141 0.01582599 0.09482300
v -0.03913754 0.01456610 0.09441299
v -0.03730762 0.01478989 0.09477999
v -0.04064926 0.01346419 0.09412100
v -0.03912849 0.01301855 0.09458999
v -0.04057118 0.01177217 0.09421699
v -0.04185200 0.01000624 0.09366000
v -0.04200606 0.00694835 0.09323399
v -0.04096825 0.00957245 0.09390099
v -0.04043609 0.00659046 0.09359500
v -0.03923478 0.01030865 0.09432899
v -0.03917401 0.00414057 0.09344200
v -0.03841213 0.00670581 0.09383400
v -0.03726051 0.01320662 0.09485300
v -0.03510839 0.00911441 0.09431599
v -0.03460098 0.01490116 0.09508699
v -0.03407790 0.01347436 0.09510899
v -0.03208730 0.01696615 0.09507299
v -0.03106232 0.01518615 0.09529799
v -0.02890813 0.01887141 0.09505399
v -0.02681461 0.01763295 0.09542800
v -0.03150108 0.01334634 0.09516300
v -0.02798131 0.01514287 0.09540700
v -0.02564458 0.01973162 0.09520599
v -0.02788872 0.01983467 0.09487300
v -0.02711814 0.02151952 0.09420999
v -0.02384994 0.02175853 0.09476399
v -0.02602097 0.02311897 0.09315699
v -0.02389905 0.02282011 0.09414699
v -0.02263499 0.02093538 0.09519800
v -0.02319300 0.02436831 0.09291400
v -0.02391889 0.01926201 0.09540299
v -0.02320692 0.02523896 0.09168999
v -0.02376324 0.01682115 0.09555699
v -0.02344532 0.02567801 0.09035399
v -0.02238420 0.02590005 0.09066100
v -0.02266468 0.02616576 0.08863299
v -0.02093089 0.02544394 0.09237200
v -0.02214159 0.02629245 0.08617300
v -0.02080388 0.02429715 0.09372900
v -0.01973552 0.02621518 0.08335500
v -0.02088798 0.02276305 0.09478200
v -0.02158470 0.02628637 0.08085100
v -0.01965738 0.02083277 0.09541899
v -0.01972788 0.01867042 0.09562899
v -0.01700092 0.02261988 0.09517000
v -0.01618740 0.02096875 0.09542000
v -0.01979334 0.01717513 0.09560300
v -0.01774662 0.02345569 0.09481899
v -0.01688927 0.01843997 0.09559399
v -0.01793334 0.02425195 0.09435300
v -0.01552241 0.02432688 0.09463500
v -0.01395362 0.02324706 0.09509000
v -0.01771341 0.02538944 0.09340799
v -0.01454230 0.02575548 0.09375999
v -0.01895667 0.02596931 0.09216599
v -0.01385090 0.02664723 0.09288700
v -0.01989237 0.02612206 0.09110699
v -0.01752003 0.02653602 0.09116400
v -0.01974982 0.02625058 0.08947400
v -0.01910294 0.02634645 0.08681599
v -0.01762626 0.02653658 0.08723800
v -0.01702187 0.02658095 0.08420600
v -0.01853984 0.02640617 0.08218300
v -0.01607272 0.02690266 0.08639600
v -0.02078193 0.02652682 0.07952700
v -0.01650370 0.02672167 0.08293600
v -0.01732167 0.02673971 0.08131200
v -0.01532699 0.02704457 0.08340099
v -0.01560360 0.02725540 0.08140500
v -0.01817205 0.02693990 0.07992500
v -0.02091791 0.02647264 0.07822300
v -0.01774866 0.02714909 0.07830300
v -0.01626767 0.02742105 0.07938800
v -0.02254122 0.02596779 0.07672299
v -0.01859053 0.02678837 0.07643000
v -0.02515500 0.02501318 0.07443500
v -0.02328669 0.02529672 0.07321200
v -0.02590213 0.02440474 0.07165900
v -0.02022442 0.02596426 0.07296900
v -0.02567069 0.02404143 0.06866799
v -0.02251423 0.02503836 0.07022400
v -0.02398240 0.02417216 0.06679600
v -0.02329352 0.02386019 0.06381000
v -0.02170832 0.02467454 0.06698600
v -0.01783478 0.02597110 0.06995800
v -0.02479701 0.02314369 0.06062600
v -0.02076205 0.02450318 0.06385300
v -0.02581057 0.02269071 0.05750200
v -0.01866148 0.02517265 0.06531000
v -0.02142264 0.02392970 0.05998000
v -0.01805015 0.02480343 0.06163300
v -0.02330400 0.02324433 0.05725800
v -0.02769948 0.02221277 0.05523500
v -0.02504621 0.02268456 0.05453199
v -0.02009333 0.02386735 0.05609200
v -0.01751497 0.02446979 0.05728800
v -0.02291275 0.02307065 0.05185100
v -0.01931511 0.02384011 0.05299600
v -0.02577458 0.02242231 0.05101400
v -0.03033953 0.02167997 0.05417800
v -0.03295298 0.02112283 0.05443099
v -0.02982080 0.02177592 0.05132300
v -0.03417931 0.02083404 0.05203500
v -0.03633320 0.02032301 0.04989000
v -0.03540732 0.02061549 0.04768700
v -0.03725483 0.01997658 0.04771400
v -0.03606084 0.02038882 0.04489200
v -0.03679114 0.01981234 0.04213400
v -0.03434780 0.02099247 0.04348400
v -0.03687617 0.01926398 0.03856800
v -0.03504250 0.02067899 0.04068900
v -0.03593108 0.02015449 0.03976700
v -0.03179426 0.02144684 0.04768400
v -0.03346998 0.02128688 0.04004800
v -0.02790977 0.02212170 0.04658599
v -0.03087527 0.02172052 0.04333899
v -0.02578772 0.02242463 0.04750400
v -0.03414628 0.02096559 0.03745300
v -0.02315849 0.02293705 0.04836300
v -0.03518065 0.02037914 0.03669499
v -0.02533802 0.02250642 0.04486400
v -0.03587660 0.01974027 0.03507500
v -0.02795582 0.02218470 0.04166300
v -0.03713842 0.01866916 0.03626300
v -0.03095493 0.02178367 0.03966600
v -0.03786796 0.01756982 0.03538100
v -0.03271969 0.02147791 0.03674200
v -0.03925144 0.01625051 0.03830400
v -0.03928181 0.01489676 0.03627800
v -0.03870408 0.01641904 0.03593999
v -0.03927019 0.01366750 0.03452000
v -0.03869239 0.01543309 0.03389800
v -0.03965341 0.01110883 0.03376600
v -0.03866322 0.01372055 0.03053200
v -0.03805665 0.01673629 0.03311299
v -0.03825403 0.01568265 0.03126200
v -0.03724290 0.01778576 0.03139500
v -0.03761306 0.01691627 0.02967800
v -0.03782674 0.01598036 0.02766500
v -0.03645245 0.01896462 0.03295899
v -0.03692539 0.01789650 0.02871000
v -0.03593712 0.01909351 0.02874800
v -0.03744398 0.01692815 0.02723700
v -0.03664467 0.01820211 0.02643600
v -0.03761672 0.01664406 0.02431600
v -0.03516534 0.01990333 0.02946100
v -0.03508055 0.01987276 0.02655600
v -0.03536422 0.01992365 0.03259700
v -0.03397910 0.02080663 0.03071000
v -0.03410959 0.02087289 0.03380599
v -0.03344846 0.02102789 0.02727200
v -0.03264987 0.02145045 0.03125900
v -0.03230334 0.02159884 0.03432800
v -0.03031601 0.02197851 0.03561200
v -0.03140337 0.02178933 0.03095200
v -0.03211797 0.02160815 0.02710800
v -0.02881820 0.02221073 0.03116099
v -0.02982906 0.02207382 0.02851400
v -0.03309786 0.02117564 0.02356999
v -0.02726728 0.02234545 0.03553600
v -0.03424136 0.02047798 0.02384800
v -0.02574910 0.02249515 0.03903900
v -0.03528482 0.01967050 0.02317300
v -0.02480193 0.02263302 0.04138300
v -0.03611908 0.01882094 0.02344999
v -0.03472291 0.02018810 0.02094600
v -0.03630573 0.01876003 0.02076600
v -0.03690892 0.01784062 0.02312900
v -0.03736700 0.01744734 0.01988500
v -0.03775225 0.01661142 0.02167200
v -0.03742739 0.01774783 0.01728500
v -0.03806105 0.01637531 0.01914100
v -0.03812109 0.01505914 0.02310500
v -0.03627267 0.01903497 0.01729500
v -0.03815345 0.01462204 0.02555799
v -0.03845330 0.01468087 0.02003400
v -0.03852296 0.01337531 0.02741500
v -0.03868938 0.01244324 0.02517299
v -0.03880876 0.01256126 0.02178000
v -0.03911745 0.01146036 0.02987300
v -0.03916563 0.01016958 0.02669199
v -0.03972250 0.00956403 0.03254200
v -0.03956876 0.00748465 0.02796099
v -0.03924518 0.00966994 0.02392100
v -0.04018914 0.00667575 0.03355599
v -0.03925584 0.01035887 0.02181400
v -0.03951487 0.00731729 0.02487800
v -0.03909874 0.01265611 0.01868900
v -0.03966106 0.00736957 0.02129499
v -0.03913879 0.01416903 0.01629900
v -0.03963260 0.00953782 0.01899200
v -0.03988225 0.01094850 0.01592000
v -0.03883238 0.01596834 0.01496699
v -0.03983856 0.01391528 0.01322199
v -0.04016032 0.00980201 0.01538600
v -0.04050729 0.01042295 0.01326700
v -0.04016326 0.00648335 0.01736800
v -0.04065597 0.00804826 0.01383600
v -0.03983578 0.00496683 0.02146300
v -0.04064770 0.00524738 0.01489500
v -0.03976050 0.00457855 0.02467700
v -0.04008694 0.00223044 0.01975000
v -0.03985010 0.00220486 0.02282900
v -0.03981168 0.00396149 0.02766300
v -0.04056263 0.00263768 0.01594100
v -0.03982938 0.00244050 0.02706300
v -0.03993137 0.00557340 0.03048100
v -0.03997311 0.00159005 0.02932600
v -0.04026745 0.00381167 0.03287500
v -0.04016981 0.00242422 0.03158900
v -0.04084727 0.00353851 0.03646600
v -0.04055773 0.00175348 0.03470600
v -0.04065212 -0.00090281 0.03617000
v -0.04023693 0.00027239 0.03277999
v -0.04032693 -0.00429558 0.03619699
v -0.04010917 -0.00260529 0.03371699
v -0.04000998 -0.00746975 0.03698699
v -0.03974988 -0.00579744 0.03403900
v -0.03954180 -0.00426817 0.03085800
v -0.03982352 -0.00080369 0.02974600
v -0.03974751 -0.00000271 0.02742900
v -0.03944012 -0.00280781 0.02647900
v -0.03972831 -0.00023900 0.02423999
v -0.03913926 -0.00539286 0.02755500
v -0.03983052 0.00007815 0.02191199
v -0.03928377 -0.00412349 0.02459000
v -0.03947875 -0.00348234 0.02191100
v -0.03981509 -0.00164376 0.02020100
v -0.04033768 0.00017067 0.01690700
v -0.03934730 -0.00545556 0.02010900
v -0.04003624 -0.00284809 0.01728900
v -0.03884758 -0.00767962 0.02151900
v -0.04055145 -0.00081409 0.01509700
v -0.03968802 -0.00557492 0.01722300
v -0.04044420 -0.00342016 0.01462100
v -0.04104551 0.00053522 0.01329800
v -0.04000269 -0.00756518 0.01401599
v -0.04131204 0.00234633 0.01230300
v -0.04087323 -0.00458188 0.01216200
v -0.04129007 0.00483455 0.01204100
v -0.04183577 0.00107924 0.01036099
v -0.04139305 0.00730737 0.01098999
v -0.04149362 -0.00121915 0.01090500
v -0.04225990 0.00248578 0.00904200
v -0.04261355 0.00060332 0.00795100
v -0.04198433 -0.00272839 0.00902200
v -0.04217337 0.00502373 0.00900100
v -0.04332661 0.00133945 0.00626200
v -0.04236608 0.00731844 0.00790700
v -0.04309041 0.00460365 0.00653500
v -0.04136312 0.00984761 0.01020800
v -0.04270531 0.00896596 0.00655200
v -0.04082682 0.01237280 0.01059700
v -0.04181834 0.01109135 0.00814199
v -0.04342721 0.00839135 0.00500600
v -0.04200917 0.01242818 0.00688500
v -0.04072828 0.01394857 0.00972800
v -0.04015843 0.01531666 0.01012000
v -0.04171792 0.01431976 0.00614200
v -0.03900264 0.01675218 0.01140600
v -0.04056379 0.01588959 0.00688000
v -0.03829727 0.01713174 0.01403999
v -0.03738220 0.01800784 0.01571000
v -0.03794693 0.01788797 0.01238400
v -0.03670233 0.01889035 0.01443399
v -0.03903229 0.01735031 0.00875299
v -0.03733222 0.01870145 0.01036900
v -0.03501459 0.02005118 0.01732100
v -0.03536356 0.01996357 0.01361800
v -0.03334033 0.02104717 0.02062000
v -0.03367478 0.02089908 0.01700800
v -0.03203808 0.02155577 0.02354599
v -0.03208098 0.02146752 0.01968700
v -0.02971793 0.02202339 0.02401400
v -0.03073154 0.02177249 0.02100500
v -0.03127197 0.02153584 0.01745600
v -0.02936527 0.02184327 0.01795900
v -0.02787443 0.02215124 0.02157400
v -0.02549642 0.02248132 0.02529699
v -0.02597657 0.02247112 0.02864100
v -0.02518741 0.02258480 0.03301400
v -0.02423311 0.02267294 0.02876800
v -0.02435630 0.02271545 0.03528999
v -0.02232997 0.02290801 0.03253000
v -0.02364048 0.02281247 0.03796900
v -0.02171690 0.02305733 0.03644500
v -0.02234181 0.02299017 0.04062800
v -0.02055541 0.02326501 0.03967000
v -0.02138060 0.02320464 0.04441500
v -0.01844074 0.02349938 0.03753700
v -0.01988587 0.02352943 0.04767600
v -0.01958419 0.02328296 0.03369900
v -0.01699209 0.02382308 0.04187300
v -0.01819896 0.02375416 0.04610100
v -0.01894028 0.02377877 0.05021699
v -0.01667488 0.02428375 0.05306800
v -0.01527629 0.02427455 0.04807899
v -0.01556439 0.02435339 0.05040100
v -0.01535945 0.02413494 0.04476500
v -0.01229342 0.02481393 0.05041600
v -0.01370782 0.02465277 0.05161900
v -0.01318154 0.02503013 0.05547900
v -0.01118822 0.02481736 0.04710400
v -0.00973586 0.02516774 0.05149800
v -0.01218786 0.02451492 0.04338800
v -0.00876305 0.02521759 0.04918700
v -0.01134308 0.02517425 0.05361300
v -0.00685287 0.02546923 0.05093200
v -0.00845952 0.02542335 0.05269199
v -0.01011909 0.02564437 0.05735700
v -0.00921849 0.02558039 0.05542700
v -0.00826252 0.02556243 0.05470500
v -0.01289200 0.02533091 0.05808400
v -0.00809756 0.02585634 0.05776999
v -0.01556492 0.02503802 0.05957700
v -0.00887588 0.02594990 0.05893300
v -0.01056133 0.02579515 0.05970600
v -0.01279788 0.02560383 0.06046500
v -0.01644651 0.02530034 0.06339800
v -0.01385201 0.02567975 0.06249400
v -0.01555807 0.02586292 0.06616199
v -0.01158725 0.02606550 0.06315599
v -0.01244374 0.02613357 0.06439199
v -0.01326576 0.02629564 0.06659400
v -0.00859237 0.02624671 0.06128099
v -0.01038185 0.02659675 0.06592700
v -0.00864051 0.02653765 0.06400000
v -0.00758829 0.02610405 0.05937600
v -0.00751256 0.02645648 0.06262000
v -0.00911270 0.02703249 0.06779700
v -0.00674615 0.02582045 0.05543400
v -0.00654837 0.02694670 0.06573299
v -0.01081093 0.02703961 0.06919700
v -0.00707544 0.02740183 0.06890500
v -0.00580949 0.02675257 0.06348400
v -0.01452973 0.02656057 0.06948500
v -0.00480751 0.02657169 0.06137700
v -0.01698984 0.02662059 0.07333400
v -0.01563270 0.02739160 0.07703500
v -0.01403252 0.02729683 0.07465000
v -0.01468150 0.02773092 0.07888900
v -0.01239555 0.02791321 0.07756400
v -0.01230602 0.02723861 0.07204900
v -0.01409461 0.02789787 0.08029899
v -0.00873507 0.02760223 0.07172600
v -0.01098855 0.02782656 0.07547800
v -0.00878220 0.02809263 0.07588099
v -0.01102791 0.02827130 0.07920000
v -0.01323601 0.02805487 0.07960900
v -0.01343532 0.02797434 0.08181300
v -0.01036589 0.02846937 0.08170299
v -0.01429056 0.02745416 0.08395400
v -0.01183987 0.02837261 0.08369300
v -0.01329215 0.02799939 0.08483100
v -0.01439684 0.02746994 0.08626799
v -0.01232868 0.02835739 0.08726200
v -0.01584525 0.02692669 0.08867499
v -0.01325810 0.02806424 0.08827300
v -0.01428672 0.02752206 0.08905200
v -0.01537421 0.02710480 0.09082599
v -0.01260422 0.02814844 0.08998400
v -0.01495384 0.02697417 0.09193299
v -0.01214399 0.02788139 0.09138499
v -0.01149247 0.02758637 0.09217000
v -0.01128462 0.02838570 0.08976599
v -0.00983960 0.02804826 0.09152599
v -0.01153779 0.02664526 0.09332700
v -0.00890272 0.02748111 0.09268100
v -0.00881268 0.02817183 0.09053698
v -0.01330366 0.02533618 0.09422999
v -0.01278154 0.02471586 0.09463300
v -0.00985928 0.02581111 0.09418999
v -0.00926605 0.02645880 0.09372000
v -0.01091041 0.02429966 0.09484500
v -0.00759789 0.02508586 0.09459699
v -0.00914473 0.02149804 0.09531299
v -0.00648667 0.02308675 0.09504200
v -0.01306772 0.02007473 0.09542900
v -0.00558871 0.02109452 0.09532699
v -0.00887494 0.01939005 0.09541500
v -0.01260660 0.01849171 0.09537399
v -0.01532528 0.01689071 0.09526999
v -0.01197701 0.01732605 0.09510500
v -0.01729926 0.01731797 0.09550500
v -0.01915841 0.01567911 0.09523100
v -0.01531278 0.01438134 0.09446099
v -0.02412124 0.01509480 0.09536899
v -0.01851587 0.01380943 0.09448899
v -0.02828685 0.01347355 0.09516100
v -0.02179182 0.01387462 0.09476200
v -0.02608972 0.01352082 0.09504499
v -0.03178255 0.01121162 0.09467500
v -0.03022265 0.01087865 0.09442699
v -0.02486641 0.01108196 0.09381499
v -0.03330331 0.00888812 0.09421400
v -0.03113820 0.00866544 0.09375899
v -0.02729632 0.00856426 0.09307799
v -0.02401818 0.00972245 0.09320599
v -0.02008146 0.01116276 0.09349800
v -0.01920952 0.01023534 0.09331199
v -0.01598184 0.01212435 0.09369599
v -0.01787738 0.00670411 0.09302899
v -0.01415802 0.01187055 0.09364100
v -0.01262379 0.01348871 0.09397400
v -0.00950490 0.00918385 0.09350500
v -0.00923998 0.01291495 0.09382700
v -0.00752155 0.01514367 0.09416599
v -0.00708171 0.01852675 0.09519300
v -0.00448795 0.01995373 0.09532900
v -0.00316389 0.01848676 0.09501599
v -0.00402457 0.01495424 0.09405700
v -0.00194934 0.01944649 0.09521600
v -0.00156212 0.01626639 0.09429398
v 0.00020050 0.01874252 0.09507199
v -0.00227219 0.02042112 0.09530900
v 0.00052906 0.02010006 0.09528600
v -0.00222818 0.02234702 0.09511900
v -0.00017411 0.02135345 0.09525300
v -0.00478228 0.02451970 0.09472899
v 0.00039501 0.02490544 0.09461900
v -0.00308277 0.02550606 0.09441100
v -0.00580798 0.02635432 0.09388599
v 0.00140950 0.02596204 0.09417000
v -0.00575059 0.02737504 0.09292100
v -0.00232620 0.02645922 0.09388799
v -0.00350178 0.02732650 0.09311399
v -0.00004387 0.02696571 0.09349899
v -0.00715794 0.02775515 0.09227199
v -0.00447206 0.02783287 0.09230699
v -0.00693208 0.02797758 0.09164400
v -0.00273293 0.02833419 0.09158100
v 0.00044623 0.02801025 0.09241999
v -0.00700737 0.02810731 0.09085600
v -0.00062907 0.02843301 0.09165999
v -0.00476919 0.02824362 0.09063800
v -0.00805442 0.02806942 0.08832200
v -0.00251143 0.02860519 0.09057400
v -0.01073747 0.02846415 0.08728200
v -0.00574295 0.02805077 0.08793099
v -0.01143295 0.02848668 0.08610499
v -0.00770600 0.02801495 0.08585899
v -0.01024019 0.02830738 0.08393800
v -0.00773489 0.02805437 0.08335600
v -0.00616584 0.02799888 0.08416400
v -0.00373879 0.02834725 0.08848900
v -0.00498190 0.02809057 0.08472700
v -0.00622200 0.02813788 0.08271100
v -0.00438403 0.02819637 0.08335000
v -0.00789644 0.02851838 0.08079000
v -0.00574419 0.02855971 0.08085700
v -0.00789756 0.02850038 0.07944700
v -0.00391135 0.02877248 0.08008200
v -0.00532724 0.02835448 0.07618000
v -0.00246789 0.02884852 0.08155499
v -0.00331219 0.02835411 0.08554200
v -0.00257005 0.02858227 0.08384399
v -0.00248188 0.02867738 0.08623299
v -0.00262262 0.02863501 0.08948000
v -0.00087174 0.02900532 0.08363499
v -0.00054533 0.02912423 0.08716599
v -0.00067635 0.02904080 0.08908800
v -0.00020006 0.02883970 0.09057700
v 0.00040558 0.02901500 0.08943200
v 0.00164301 0.02829854 0.09183499
v 0.00253158 0.02848519 0.09095300
v 0.00251609 0.02749666 0.09291300
v 0.00338806 0.02811512 0.09179700
v 0.00245270 0.02855018 0.09011300
v 0.00396159 0.02672013 0.09368100
v 0.00061309 0.02907901 0.08686100
v 0.00501893 0.02818222 0.09075900
v 0.00335759 0.02834532 0.08722199
v 0.00056449 0.02904641 0.08443299
v 0.00002456 0.02908222 0.08235900
v 0.00255812 0.02855540 0.08436700
v -0.00014716 0.02899759 0.08073299
v 0.00171510 0.02886761 0.08276000
v 0.00253311 0.02891365 0.08075700
v -0.00200471 0.02867798 0.07809500
v 0.00323398 0.02877585 0.08152200
v 0.00395577 0.02832389 0.08322699
v 0.00564260 0.02868664 0.08068600
v 0.00451704 0.02815409 0.08445700
v 0.00630483 0.02814046 0.08309999
v 0.00547204 0.02811590 0.08810500
v 0.00641004 0.02805560 0.08450499
v 0.00826275 0.02817955 0.08399999
v 0.00746789 0.02812151 0.08673599
v 0.00759097 0.02814531 0.09057099
v 0.00890868 0.02854958 0.08145000
v 0.01045054 0.02853496 0.08611899
v 0.01009354 0.02845402 0.08331199
v 0.00770812 0.02863116 0.07947900
v 0.01100730 0.02853112 0.08165399
v 0.01156719 0.02845532 0.08365200
v 0.00499734 0.02876607 0.07965000
v 0.01047915 0.02846416 0.08885600
v 0.00219870 0.02871448 0.07786300
v 0.00676346 0.02845311 0.07670500
v 0.00000523 0.02867326 0.07755400
v 0.00016923 0.02837117 0.07468300
v -0.00168781 0.02835988 0.07541800
v -0.00270471 0.02841347 0.07561100
v -0.00211688 0.02823457 0.07398200
v -0.00301845 0.02819901 0.07432600
v -0.00450208 0.02823562 0.07445600
v -0.00290134 0.02816777 0.07301000
v -0.00662913 0.02793373 0.07295600
v -0.00390676 0.02805136 0.07298200
v -0.00386019 0.02791535 0.07131700
v -0.00251399 0.02794142 0.07164700
v -0.00411988 0.02748783 0.06813100
v -0.00077524 0.02817566 0.07302400
v -0.00389978 0.02717714 0.06609700
v -0.00249971 0.02764748 0.06876500
v -0.00124864 0.02792033 0.07073400
v -0.00222697 0.02692334 0.06361400
v 0.00085965 0.02814220 0.07240900
v -0.00045117 0.02718857 0.06549100
v 0.00045043 0.02770537 0.06861800
v 0.00312063 0.02791250 0.07085100
v 0.00215953 0.02823573 0.07364500
v 0.00281139 0.02810786 0.07221000
v 0.00306348 0.02849189 0.07590300
v 0.00447263 0.02831308 0.07414800
v 0.00515577 0.02810023 0.07271600
v 0.00604758 0.02829963 0.07494100
v 0.00577068 0.02760891 0.06914000
v 0.00770465 0.02788848 0.07211100
v 0.00925434 0.02807912 0.07489700
v 0.00317959 0.02768541 0.06875500
v 0.01029701 0.02816559 0.07679100
v 0.00206255 0.02716012 0.06518900
v 0.01086254 0.02839484 0.07922300
v 0.01227902 0.02773166 0.07494000
v 0.01249047 0.02828611 0.08062799
v 0.01367544 0.02789394 0.07791900
v 0.01232326 0.02739567 0.07218300
v 0.01554054 0.02705662 0.07365000
v 0.01068076 0.02719879 0.06880400
v 0.01355155 0.02677543 0.06849900
v 0.00728768 0.02741800 0.06839100
v 0.01254714 0.02648478 0.06564800
v 0.00648945 0.02715498 0.06616000
v 0.00831680 0.02698116 0.06584300
v 0.01038157 0.02676522 0.06579900
v 0.00439412 0.02728611 0.06627200
v 0.00592123 0.02686821 0.06396900
v 0.00341193 0.02694801 0.06364600
v 0.00956287 0.02650004 0.06274799
v 0.00777524 0.02665482 0.06254000
v 0.00459777 0.02687268 0.06304100
v 0.00546328 0.02643685 0.05973500
v 0.00882454 0.02638324 0.06131599
v 0.00390420 0.02668474 0.06167500
v 0.00736920 0.02636112 0.05982400
v 0.00278593 0.02692693 0.06288600
v 0.00446861 0.02659399 0.06001800
v 0.00236525 0.02646564 0.05898700
v 0.00362932 0.02643640 0.05903200
v 0.00183683 0.02685615 0.06305600
v 0.00084729 0.02701003 0.06358700
v 0.00059283 0.02662809 0.06031899
v -0.00031699 0.02677528 0.06209200
v 0.00222677 0.02633647 0.05719000
v -0.00169716 0.02662566 0.06066500
v -0.00069990 0.02632620 0.05776500
v -0.00315568 0.02642457 0.05932600
v -0.00532145 0.02611847 0.05773499
v -0.00318966 0.02626518 0.05731400
v -0.00509945 0.02586345 0.05521800
v -0.00585037 0.02566836 0.05249300
v -0.00273818 0.02602356 0.05473900
v -0.00425039 0.02585720 0.05350300
v -0.00363151 0.02569771 0.05129100
v -0.00139695 0.02615821 0.05592000
v -0.00109819 0.02595860 0.05260000
v -0.00102251 0.02609595 0.05459599
v -0.00026339 0.02608768 0.05513100
v 0.00106893 0.02617831 0.05548200
v 0.00102505 0.02603398 0.05302600
v 0.00190213 0.02612447 0.05544600
v 0.00298412 0.02623445 0.05627900
v 0.00225955 0.02601186 0.05322900
v -0.00036212 0.02581672 0.05123800
v 0.00241471 0.02587322 0.05176600
v 0.00412333 0.02600835 0.05333400
v 0.00516566 0.02615797 0.05646299
v 0.00626953 0.02635535 0.05897400
v 0.00830451 0.02602061 0.05646299
v 0.00595611 0.02589850 0.05342600
v 0.00534736 0.02578753 0.05125700
v 0.00783026 0.02585798 0.05354500
v 0.00787927 0.02566119 0.05136300
v 0.00368665 0.02576785 0.04939199
v 0.00925021 0.02567133 0.05298900
v 0.00713627 0.02564089 0.04950200
v 0.01049876 0.02561065 0.05448900
v 0.00062781 0.02577892 0.04959500
v 0.01236084 0.02518852 0.05096499
v 0.00997011 0.02542224 0.04994599
v 0.00899713 0.02538223 0.04707700
v 0.01146606 0.02516638 0.04761700
v 0.00629704 0.02553976 0.04688200
v 0.00760357 0.02538278 0.04416200
v 0.00479528 0.02546457 0.04327500
v 0.01047370 0.02514981 0.04463399
v 0.00085031 0.02564536 0.04602099
v 0.00653805 0.02533208 0.04093100
v -0.00209739 0.02564183 0.04802900
v 0.00132913 0.02551164 0.04322800
v -0.00518363 0.02548854 0.04849600
v -0.00087647 0.02552120 0.04469600
v -0.00398142 0.02542364 0.04555600
v -0.00716704 0.02518977 0.04597600
v -0.00296335 0.02537281 0.04332200
v -0.00964099 0.02484610 0.04391800
v -0.00651252 0.02512704 0.04255700
v -0.01006870 0.02467024 0.04032900
v -0.00045747 0.02536942 0.03946600
v -0.00415406 0.02518840 0.03996099
v -0.00792364 0.02481240 0.03763600
v -0.00403414 0.02517660 0.03787799
v 0.00382307 0.02539056 0.03916900
v 0.00114587 0.02534609 0.03601000
v 0.00514984 0.02530429 0.03702300
v -0.00135953 0.02521240 0.03480600
v -0.00443409 0.02502264 0.03446700
v -0.00012105 0.02529179 0.03377100
v -0.00720835 0.02479557 0.03418200
v -0.00327807 0.02510227 0.03305000
v 0.00329749 0.02530404 0.03401800
v 0.00008324 0.02522029 0.03093300
v -0.00648503 0.02477208 0.03064400
v 0.00396596 0.02526907 0.03161000
v -0.01130572 0.02435882 0.03561800
v -0.00186015 0.02512072 0.02981500
v -0.01192633 0.02437348 0.03802000
v -0.01430924 0.02412913 0.04073699
v -0.01459395 0.02398817 0.03678699
v -0.01707530 0.02358355 0.03367500
v -0.01391112 0.02390256 0.03051100
v -0.01787348 0.02342046 0.03112400
v -0.02061324 0.02312878 0.03041399
v -0.01046422 0.02437317 0.03171500
v -0.02148797 0.02296450 0.02904500
v -0.01190931 0.02412183 0.02900199
v -0.01892071 0.02328486 0.02899000
v -0.01509473 0.02375534 0.02888500
v -0.02185990 0.02287143 0.02543200
v -0.01882807 0.02322925 0.02539000
v -0.01636889 0.02351509 0.02662200
v -0.02394543 0.02260080 0.02281000
v -0.01923464 0.02308787 0.02194100
v -0.01418916 0.02373379 0.02325000
v -0.01287877 0.02393910 0.02721499
v -0.02583388 0.02229539 0.01879300
v -0.00929560 0.02445180 0.02897800
v -0.00816823 0.02453817 0.02691000
v -0.00683262 0.02474147 0.02854399
v -0.00388874 0.02501494 0.02848400
v -0.00444720 0.02490218 0.02674600
v -0.00988311 0.02427315 0.02327400
v -0.00707802 0.02462401 0.02425200
v -0.00184090 0.02509951 0.02735600
v -0.00255621 0.02504464 0.02485700
v -0.00010521 0.02515253 0.02807400
v -0.00069347 0.02511544 0.02676199
v 0.00067952 0.02517902 0.02943200
v 0.00060772 0.02520950 0.02739999
v 0.00322734 0.02520019 0.02985199
v 0.00293607 0.02520759 0.02889100
v 0.00191577 0.02510728 0.02821600
v -0.00024413 0.02515284 0.02420900
v 0.00225183 0.02520797 0.02753000
v 0.00387453 0.02520467 0.02823100
v 0.00396822 0.02526159 0.02742500
v 0.00352605 0.02520267 0.02640200
v 0.00468839 0.02523835 0.02882000
v 0.00618511 0.02506365 0.02839100
v 0.00648775 0.02514703 0.03057400
v 0.00710431 0.02512540 0.02890300
v 0.00651824 0.02517536 0.02735200
v 0.00738713 0.02513137 0.03378300
v 0.00757156 0.02503352 0.02810800
v 0.00605850 0.02511087 0.02655999
v 0.00930121 0.02497505 0.02739800
v 0.00898629 0.02487298 0.02823900
v 0.01026599 0.02488057 0.02846099
v 0.00885183 0.02498872 0.02999200
v 0.00813882 0.02499045 0.02681900
v 0.01059916 0.02475435 0.02682099
v 0.00839380 0.02499738 0.02476399
v 0.01165508 0.02484390 0.02760400
v 0.00466881 0.02512825 0.02381000
v 0.01220231 0.02463333 0.02864700
v 0.00211164 0.02519252 0.02218000
v 0.01123949 0.02476826 0.03006100
v -0.00174741 0.02502289 0.02203300
v 0.01140275 0.02479456 0.03321900
v -0.00371619 0.02493518 0.02274700
v -0.00781080 0.02449726 0.01987500
v -0.00431635 0.02484446 0.01957000
v -0.00165164 0.02504633 0.01936100
v 0.00001653 0.02511173 0.01946799
v -0.00212854 0.02496957 0.01672900
v 0.00398268 0.02514465 0.02050600
v 0.00082273 0.02511715 0.01719100
v -0.00423553 0.02482754 0.01649600
v 0.00019361 0.02512455 0.01497499
v -0.00093716 0.02503528 0.01377100
v 0.00343124 0.02512777 0.01688100
v 0.00667313 0.02504118 0.02139600
v 0.00611738 0.02505763 0.01812299
v 0.00396601 0.02510283 0.01363999
v 0.00897496 0.02484628 0.01747200
v 0.00667917 0.02500167 0.01590799
v 0.00953448 0.02484127 0.02112199
v 0.00081221 0.02508468 0.01196300
v 0.01273866 0.02453277 0.02448800
v 0.01320115 0.02437339 0.01592500
v 0.01352513 0.02447378 0.02711300
v 0.01532237 0.02412154 0.01994400
v 0.01374791 0.02433576 0.02827000
v 0.00982838 0.02475562 0.01482900
v 0.01361473 0.02445965 0.02894400
v 0.01409727 0.02442429 0.02758000
v 0.01478923 0.02435763 0.03075500
v 0.01579737 0.02417847 0.02807800
v 0.01542895 0.02420884 0.02637200
v 0.01745867 0.02395129 0.02870700
v 0.01815520 0.02373928 0.02267399
v 0.01659384 0.02400226 0.02783000
v 0.01827370 0.02383672 0.02729400
v 0.01814220 0.02373936 0.02822800
v 0.01930145 0.02364490 0.02873100
v 0.01977885 0.02342596 0.02821300
v 0.01981235 0.02353559 0.02680299
v 0.01925207 0.02364631 0.03057300
v 0.02109086 0.02331772 0.02887100
v 0.02146915 0.02327990 0.02790700
v 0.02328437 0.02297000 0.02705200
v 0.02377221 0.02292154 0.03027400
v 0.02064611 0.02335767 0.02412600
v 0.02403638 0.02285286 0.02490700
v 0.02202539 0.02308290 0.02054100
v 0.01926532 0.02349837 0.01800700
v 0.02482893 0.02263160 0.02033800
v 0.01736841 0.02373865 0.01487900
v 0.02408843 0.02268627 0.01747300
v 0.01989089 0.02330344 0.01510200
v 0.02326499 0.02272728 0.01448100
v 0.02107854 0.02308395 0.01277199
v 0.01656925 0.02382149 0.01134600
v 0.01301301 0.02432941 0.01170600
v 0.01982236 0.02322390 0.01029200
v 0.00986625 0.02470153 0.01278500
v 0.01460062 0.02406941 0.00942399
v 0.01170174 0.02449057 0.00984599
v 0.00825144 0.02485139 0.01123100
v 0.00565404 0.02500771 0.01214199
v 0.00315779 0.02507220 0.01109400
v 0.00541212 0.02502131 0.00845300
v 0.00836489 0.02481410 0.00799300
v 0.00062624 0.02505606 0.00974000
v 0.00229675 0.02509114 0.00818500
v -0.00118369 0.02497915 0.01017000
v 0.00133350 0.02504591 0.00689500
v -0.00117052 0.02496922 0.00764300
v -0.00479781 0.02471858 0.01023199
v -0.00484018 0.02470832 0.01348200
v -0.00722735 0.02448208 0.01405600
v -0.00953820 0.02421040 0.01583000
v -0.00984740 0.02412438 0.01147599
v -0.01133388 0.02403401 0.01910100
v -0.01100449 0.02397567 0.01369600
v -0.01188709 0.02392337 0.01639300
v -0.01257968 0.02387080 0.02101700
v -0.01410421 0.02362169 0.01684100
v -0.01575912 0.02348005 0.02070300
v -0.01380377 0.02361799 0.01453400
v -0.01716006 0.02326102 0.01784800
v -0.01713873 0.02320635 0.01434100
v -0.01443774 0.02350905 0.01215500
v -0.02153905 0.02277761 0.01939600
v -0.01990527 0.02291300 0.01586000
v -0.02294184 0.02255937 0.01640200
v -0.02504264 0.02226045 0.01440400
v -0.02144989 0.02266262 0.01344000
v -0.02973889 0.02166944 0.01512000
v -0.02375158 0.02232297 0.01113199
v -0.03188198 0.02125812 0.01440700
v -0.02725986 0.02190993 0.01214000
v -0.03016641 0.02139681 0.01089700
v -0.03426414 0.02053437 0.01323900
v -0.03315188 0.02081291 0.01074700
v -0.03621380 0.01951405 0.01021500
v -0.03552557 0.01991718 0.00865600
v -0.03715503 0.01906512 0.00705100
v -0.03879495 0.01793506 0.00650200
v -0.03667202 0.01938916 0.00531699
v -0.04013029 0.01682128 0.00547299
v -0.03809342 0.01855634 0.00513500
v -0.04041821 0.01707711 0.00262400
v -0.04155977 0.01574420 0.00334700
v -0.03901842 0.01812009 0.00253400
v -0.03774548 0.01882581 0.00234300
v -0.03545382 0.01978678 0.00455000
v -0.03973792 0.01783777 -0.00151900
v -0.03403284 0.02043945 0.00825100
v -0.04077901 0.01702820 0.00040100
v -0.03166124 0.02095149 0.00804899
v -0.03302116 0.02052712 0.00558800
v -0.03021362 0.02119089 0.00644900
v -0.02751923 0.02169302 0.00737200
v -0.03432012 0.02001603 0.00258101
v -0.02477567 0.02213953 0.00864000
v -0.02581792 0.02189536 0.00518100
v -0.03122564 0.02078506 0.00279300
v -0.02761849 0.02150268 0.00287200
v -0.02381256 0.02218699 0.00585899
v -0.02462011 0.02200180 0.00282500
v -0.03003723 0.02091287 0.00023200
v -0.02317285 0.02230436 0.00844500
v -0.02599848 0.02167217 0.00084899
v -0.03312380 0.02021110 0.00098499
v -0.03611459 0.01926662 -0.00062201
v -0.03432733 0.01978661 -0.00108500
v -0.03214137 0.02032966 -0.00179000
v -0.03526771 0.01943184 -0.00212600
v -0.03785584 0.01850438 -0.00256901
v -0.03003719 0.02079009 -0.00156500
v -0.03665849 0.01897060 -0.00323001
v -0.02700574 0.02140554 -0.00117400
v -0.03054142 0.02067713 -0.00319500
v -0.03288480 0.02012921 -0.00315201
v -0.03470521 0.01951573 -0.00552601
v -0.03120725 0.02040354 -0.00600101
v -0.03894640 0.01802868 -0.00321400
v -0.03827616 0.01820262 -0.00661000
v -0.04060633 0.01729168 -0.00335100
v -0.04139880 0.01680677 -0.00280801
v -0.04131009 0.01693641 -0.00518300
v -0.04018806 0.01738898 -0.00583000
v -0.04223969 0.01608495 -0.00190701
v -0.04310802 0.01551601 -0.00447701
v -0.04225439 0.01574573 0.00015200
v -0.04401607 0.01424692 -0.00282101
v -0.04271305 0.01472152 0.00171800
v -0.04276596 0.01392378 0.00341400
v -0.04397478 0.01328209 0.00045600
v -0.04290451 0.01271698 0.00420099
v -0.04423575 0.01155909 0.00151100
v -0.04374187 0.01071610 0.00334800
v -0.04453958 0.01276790 -0.00081300
v -0.04468266 0.00968471 0.00138700
v -0.04548966 0.01017392 -0.00154201
v -0.04533363 0.01250962 -0.00419300
v -0.04473530 0.00668914 0.00225699
v -0.04573953 0.01130768 -0.00380300
v -0.04425106 0.01445856 -0.00612801
v -0.04580177 0.01217711 -0.00632200
v -0.04350499 0.01533579 -0.00833500
v -0.04524331 0.01342620 -0.00910300
v -0.04160620 0.01667645 -0.00820801
v -0.04453990 0.01433348 -0.00912100
v -0.04349550 0.01536327 -0.01068200
v -0.04009697 0.01728622 -0.00995100
v -0.04174137 0.01650134 -0.01111500
v -0.04588247 0.01258073 -0.01017800
v -0.04485175 0.01403131 -0.01341801
v -0.04356906 0.01522067 -0.01401501
v -0.04652831 0.01115906 -0.00968700
v -0.04659382 0.01021132 -0.00703701
v -0.04679926 0.01076131 -0.01182800
v -0.04639386 0.00908028 -0.00449400
v -0.04689111 0.00994859 -0.00944100
v -0.04701078 0.00841005 -0.00745800
v -0.04632946 0.00762220 -0.00323300
v -0.04696628 0.00689741 -0.00591400
v -0.04740769 0.00783328 -0.01091101
v -0.04553971 0.00805720 -0.00046800
v -0.04722517 0.00911810 -0.01190701
v -0.04739227 0.00641338 -0.00870900
v -0.04680727 0.01068867 -0.01393400
v -0.04764906 0.00526329 -0.01114800
v -0.04762387 0.00655623 -0.01321001
v -0.04730891 0.00884404 -0.01444900
v -0.04607881 0.01228710 -0.01454801
v -0.04695852 0.00992289 -0.01673600
v -0.04616879 0.01195485 -0.01699201
v -0.04491520 0.01366172 -0.01769300
v -0.04740295 0.00771394 -0.01692300
v -0.04642495 0.01070129 -0.01969900
v -0.04683992 0.00923486 -0.02007000
v -0.04572984 0.01222371 -0.01967300
v -0.04590443 0.01069653 -0.02327700
v -0.04732008 0.00683683 -0.01912701
v -0.04760308 0.00472667 -0.01754900
v -0.04769663 0.00409935 -0.01202701
v -0.04699589 0.00657429 -0.02175800
v -0.04763671 0.00279962 -0.00883301
v -0.04664067 0.00849629 -0.02231501
v -0.04743292 0.00397329 -0.00745200
v -0.04768643 0.00077836 -0.00961401
v -0.04689256 0.00415348 -0.00426801
v -0.04749262 0.00111978 -0.00715800
v -0.04721692 0.00128303 -0.00532600
v -0.04623632 0.00583254 -0.00206401
v -0.04667512 0.00195799 -0.00277700
v -0.04544495 0.00462319 0.00080999
v -0.04613535 0.00337036 -0.00110200
v -0.04437604 0.00479195 0.00347700
v -0.04452495 0.00180249 0.00350300
v -0.04564070 0.00120603 0.00067200
v -0.04634766 0.00090210 -0.00155200
v -0.04670927 -0.00046422 -0.00321800
v -0.04608066 -0.00138396 -0.00111701
v -0.04441158 -0.00006746 0.00361600
v -0.04505604 -0.00215131 0.00174800
v -0.04290496 -0.00309806 0.00651700
v -0.04383955 -0.00368233 0.00430699
v -0.04227798 -0.00589759 0.00735800
v -0.04147009 -0.00527909 0.00982100
v -0.04349445 -0.00740186 0.00407000
v -0.04064657 -0.00829893 0.01107900
v -0.04129011 -0.00898067 0.00876800
v -0.04221832 -0.00875397 0.00643200
v -0.04010540 -0.01164867 0.01059799
v -0.04151155 -0.01097140 0.00704700
v -0.03954899 -0.01033787 0.01369300
v -0.04205724 -0.01185003 0.00518300
v -0.04064837 -0.01331172 0.00757700
v -0.03920659 -0.01297858 0.01253900
v -0.04368272 -0.00975974 0.00265000
v -0.03908925 -0.01421470 0.01151700
v -0.03886765 -0.01188835 0.01510600
v -0.03915656 -0.00949522 0.01637599
v -0.04130095 -0.01346709 0.00559700
v -0.03827433 -0.01444980 0.01465000
v -0.03793252 -0.01365736 0.01767900
v -0.03752724 -0.01504177 0.01730600
v -0.03738575 -0.01460863 0.01961700
v -0.03822942 -0.01134449 0.01967300
v -0.03701061 -0.01494820 0.02228799
v -0.03801050 -0.01112563 0.02299400
v -0.03879447 -0.00913616 0.01921999
v -0.03925563 -0.00818539 0.01727699
v -0.03878400 -0.00711780 0.02540100
v -0.03811852 -0.01034105 0.02643400
v -0.03864004 -0.00830655 0.02792500
v -0.03712411 -0.01421235 0.02549600
v -0.03784854 -0.01174734 0.02821500
v -0.03908649 -0.00671455 0.03001600
v -0.03856750 -0.00938459 0.03001400
v -0.03906183 -0.00841214 0.03242000
v -0.03833353 -0.01104718 0.03147600
v -0.03945383 -0.00854992 0.03518500
v -0.03883808 -0.01045713 0.03398400
v -0.03952063 -0.01022498 0.03726100
v -0.03794294 -0.01326728 0.03278200
v -0.04016247 -0.01207746 0.04120400
v -0.03852498 -0.01316688 0.03585700
v -0.03897163 -0.01333362 0.03801200
v -0.04126495 -0.01256330 0.04490100
v -0.03972836 -0.01424108 0.04195800
v -0.04051152 -0.01422803 0.04455000
v -0.03960218 -0.01567648 0.04415300
v -0.03873205 -0.01597088 0.04160200
v -0.03851506 -0.01523192 0.03910700
v -0.03773599 -0.01648819 0.03897099
v -0.03810974 -0.01514976 0.03707200
v -0.03711543 -0.01641592 0.03538300
v -0.03751477 -0.01488954 0.03325300
v -0.03673272 -0.01643823 0.03310200
v -0.03738347 -0.01382524 0.02937500
v -0.03668720 -0.01578075 0.02975400
v -0.03695199 -0.01488943 0.02816600
v -0.03664771 -0.01542923 0.02584000
v 0.00943198 0.02611236 0.05901000
v 0.01050400 0.02576377 0.05662300
v 0.01061206 0.02625891 0.06148700
v 0.01208940 0.02542433 0.05437500
v 0.01152761 0.02593330 0.05963799
v 0.01259651 0.02561320 0.05768800
v 0.01205459 0.02629950 0.06359300
v 0.01414287 0.02536093 0.05750500
v 0.01323803 0.02593187 0.06160200
v 0.01466784 0.02627009 0.06625400
v 0.01470331 0.02592369 0.06376800
v 0.01563200 0.02555990 0.06171300
v 0.01600980 0.02585364 0.06473200
v 0.01671502 0.02616373 0.06809000
v 0.01873769 0.02517807 0.06394899
v 0.01650566 0.02500764 0.05775599
v 0.01855107 0.02480752 0.06021299
v 0.01536123 0.02499369 0.05452900
v 0.01947237 0.02433933 0.05716300
v 0.01462331 0.02483435 0.05115500
v 0.01749588 0.02461991 0.05585600
v 0.01686896 0.02448406 0.05128100
v 0.01619112 0.02453279 0.04900899
v 0.01526809 0.02458999 0.04711600
v 0.01841542 0.02401448 0.04777100
v 0.01975829 0.02397896 0.05305300
v 0.01315055 0.02484028 0.04454100
v 0.01946085 0.02394878 0.05101600
v 0.02089426 0.02381942 0.05469800
v 0.02179108 0.02344199 0.05143500
v 0.02134809 0.02346817 0.04893300
v 0.02203149 0.02371148 0.05731100
v 0.02443519 0.02288129 0.05403000
v 0.02150538 0.02438130 0.06295899
v 0.02485588 0.02296127 0.05735900
v 0.02081842 0.02516611 0.06776100
v 0.02390716 0.02353889 0.06125999
v 0.02510517 0.02354855 0.06386300
v 0.02636776 0.02284531 0.06033300
v 0.01861500 0.02617636 0.07155600
v 0.02543741 0.02395505 0.06755799
v 0.02236509 0.02546993 0.07249599
v 0.01970017 0.02635016 0.07425900
v 0.01695599 0.02729447 0.07758300
v 0.02376948 0.02564077 0.07663600
v 0.01543284 0.02767051 0.07948300
v 0.02082009 0.02657767 0.07852000
v 0.01356836 0.02798719 0.08123899
v 0.02693824 0.02426094 0.07293900
v 0.01315901 0.02800560 0.08331800
v 0.01506280 0.02744626 0.08164100
v 0.01193381 0.02848981 0.08651700
v 0.01532768 0.02702096 0.08335000
v 0.01145921 0.02846966 0.08875100
v 0.01335791 0.02801351 0.08692799
v 0.01074992 0.02834705 0.09024198
v 0.01280570 0.02810994 0.08911799
v 0.01227394 0.02810101 0.09033700
v 0.01418763 0.02741145 0.09014600
v 0.01459419 0.02736599 0.08644300
v 0.01588989 0.02692246 0.08650400
v 0.01370927 0.02741571 0.09141399
v 0.01585822 0.02689136 0.09079700
v 0.01204793 0.02788081 0.09125999
v 0.01689711 0.02647753 0.09190400
v 0.01103800 0.02774351 0.09197900
v 0.01326862 0.02699439 0.09250299
v 0.01598513 0.02626389 0.09274198
v 0.00834395 0.02801254 0.09155900
v 0.01040309 0.02669308 0.09343799
v 0.00587515 0.02803931 0.09155100
v 0.00941725 0.02748526 0.09258699
v 0.00661101 0.02777149 0.09228100
v 0.00659776 0.02708511 0.09321700
v 0.00446867 0.02748478 0.09285000
v 0.00716999 0.02617844 0.09401800
v 0.00504049 0.02590149 0.09424200
v 0.00438251 0.02499122 0.09464200
v 0.00743230 0.02478736 0.09472600
v 0.00318088 0.02216290 0.09517200
v 0.00643711 0.02286000 0.09512399
v 0.00941633 0.02551499 0.09441000
v 0.00257982 0.02089278 0.09530900
v 0.00579588 0.02071721 0.09539200
v 0.00345291 0.01910557 0.09524099
v 0.00994398 0.02106616 0.09545299
v 0.00244727 0.01628856 0.09433300
v 0.00852160 0.01952979 0.09545999
v 0.00048487 0.01515632 0.09406199
v 0.00603001 0.01559993 0.09425200
v 0.00442563 0.01474809 0.09402699
v -0.00030488 0.01301682 0.09389299
v 0.00818476 0.01798891 0.09514100
v -0.00454878 0.01049453 0.09366299
v -0.00096696 0.00912297 0.09349100
v -0.00544687 0.00813052 0.09337000
v 0.00209209 0.00958330 0.09351299
v -0.00363820 0.00463167 0.09273000
v 0.00185502 0.00403160 0.09255500
v -0.00714582 0.00414340 0.09270900
v -0.00978629 0.00350213 0.09266599
v -0.00439465 0.00243242 0.09248000
v 0.00099512 0.00265843 0.09241999
v -0.01523345 0.00551339 0.09294599
v -0.01568542 0.00313057 0.09272600
v -0.01271753 -0.00015312 0.09247100
v -0.01009760 -0.00040481 0.09243399
v -0.01376724 -0.00139249 0.09253699
v -0.00339727 0.00058483 0.09239500
v -0.00963603 -0.00211730 0.09263099
v -0.00633025 -0.00139560 0.09255299
v -0.01357714 -0.00331456 0.09288500
v -0.01138999 -0.00338038 0.09292800
v -0.01480776 -0.00528213 0.09312699
v -0.01258786 -0.00524778 0.09308800
v -0.00952574 -0.00488001 0.09311900
v -0.01366395 -0.00713538 0.09344499
v -0.01190680 -0.00721096 0.09353100
v -0.01251209 -0.00930491 0.09362300
v -0.00997898 -0.00746545 0.09354500
v -0.01157568 -0.01151879 0.09384200
v -0.00861992 -0.01114824 0.09388499
v -0.00392131 -0.00551752 0.09344100
v -0.00563461 -0.00801567 0.09374900
v -0.01158787 -0.01281182 0.09412100
v -0.00788111 -0.01313918 0.09409500
v -0.00835382 -0.01469301 0.09448199
v -0.00908374 -0.01746192 0.09533899
v -0.00551926 -0.01750510 0.09510199
v -0.00443846 -0.01489491 0.09432400
v -0.00187211 -0.01791146 0.09507199
v -0.00409136 -0.00975710 0.09391300
v -0.00141021 -0.01555132 0.09441899
v 0.00271085 -0.01811972 0.09515099
v -0.00257167 -0.01413382 0.09415899
v 0.00120172 -0.01519995 0.09435400
v 0.00353539 -0.01722909 0.09498099
v 0.00595489 -0.01799647 0.09523900
v 0.00287190 -0.01412401 0.09421599
v 0.00803454 -0.01727902 0.09524500
v 0.01053919 -0.01814012 0.09548800
v 0.00476086 -0.01461078 0.09435400
v 0.01195284 -0.01647077 0.09535599
v 0.01438620 -0.01710823 0.09557000
v 0.00855992 -0.01512507 0.09474000
v 0.01635669 -0.01539388 0.09542599
v 0.01730379 -0.01675081 0.09562500
v 0.01281161 -0.01242576 0.09434299
v 0.00940448 -0.01243416 0.09419499
v 0.01892412 -0.01508337 0.09548199
v 0.02115473 -0.01571734 0.09559800
v 0.01824969 -0.01268738 0.09478399
v 0.02228119 -0.01400539 0.09540399
v 0.02522167 -0.01483530 0.09554900
v 0.02139236 -0.01267754 0.09498700
v 0.01640369 -0.01091956 0.09407599
v 0.02109268 -0.01024073 0.09408899
v 0.02430584 -0.01249871 0.09514100
v 0.02693332 -0.01310885 0.09540600
v 0.02913876 -0.01333887 0.09540000
v 0.02899571 -0.01544435 0.09536600
v 0.03146616 -0.01420294 0.09532100
v 0.02866424 -0.01194354 0.09521100
v 0.03197110 -0.01228910 0.09521200
v 0.03531507 -0.01326638 0.09516200
v 0.02669948 -0.01016115 0.09448999
v 0.03635385 -0.01201694 0.09504900
v 0.03722343 -0.01313673 0.09504599
v 0.03265736 -0.00995575 0.09481000
v 0.03102575 -0.00901114 0.09441999
v 0.03920161 -0.01151690 0.09480900
v 0.03942328 -0.01262239 0.09474899
v 0.03615362 -0.00925624 0.09467299
v 0.04061125 -0.01107778 0.09455299
v 0.04100493 -0.01271473 0.09426900
v 0.03918173 -0.00904025 0.09457399
v 0.03429955 -0.00724382 0.09437400
v 0.04248342 -0.01156829 0.09372200
v 0.04274470 -0.01311536 0.09318200
v 0.04359756 -0.01304610 0.09251099
v 0.04414328 -0.01020442 0.09257499
v 0.03671300 -0.00539702 0.09413099
v 0.04285575 -0.00988495 0.09356700
v 0.04180822 -0.00940445 0.09410499
v 0.04357961 -0.00790325 0.09310799
v 0.04451523 -0.00742914 0.09234700
v 0.04100657 -0.00810926 0.09422700
v 0.04269369 -0.00669396 0.09348699
v 0.04380322 -0.00604815 0.09281799
v 0.04519785 -0.00305949 0.09145300
v 0.04477376 -0.00083386 0.09172600
v 0.04312219 -0.00348858 0.09294499
v 0.04166873 -0.00378525 0.09348400
v 0.03946727 -0.00315171 0.09377700
v 0.04346334 -0.00118256 0.09260699
v 0.04089226 -0.00210314 0.09348200
v 0.04326570 0.00064495 0.09272400
v 0.04437507 0.00368842 0.09219000
v 0.04171887 -0.00033235 0.09322099
v 0.04325600 0.00454040 0.09291599
v 0.04404808 0.00714605 0.09262299
v 0.04200538 0.00258458 0.09329700
v 0.03968741 -0.00025549 0.09356199
v 0.04148579 0.00599795 0.09370200
v 0.03996002 0.00333763 0.09372599
v 0.03547431 -0.00018684 0.09377700
v 0.04247657 0.00847797 0.09367400
v 0.03974194 0.00549320 0.09393300
v 0.04322124 0.00937751 0.09329900
v 0.04448674 0.00840471 0.09230400
v 0.04404830 0.01101883 0.09259900
v 0.04046669 0.00907147 0.09429200
v 0.04139366 0.01018804 0.09418099
v 0.04250287 0.01229188 0.09362700
v 0.04374609 0.01323727 0.09247900
v 0.03961743 0.01144716 0.09463400
v 0.04263177 0.01381891 0.09319299
v 0.04359118 0.01478156 0.09177100
v 0.04099577 0.01246773 0.09431498
v 0.04094357 0.01385218 0.09413700
v 0.04208165 0.01535605 0.09282599
v 0.04227715 0.01646155 0.09171499
v 0.04045161 0.01535486 0.09385899
v 0.04054426 0.01609011 0.09338799
v 0.03933802 0.01356575 0.09472199
v 0.03915683 0.01481267 0.09453300
v 0.03903492 0.01679814 0.09367699
v 0.03729309 0.01294545 0.09496899
v 0.03993197 0.01741682 0.09260999
v 0.03688334 0.01501292 0.09496699
v 0.03750952 0.01653418 0.09437600
v 0.03871793 0.00956608 0.09453100
v 0.03713843 0.01801706 0.09358100
v 0.03716345 0.00541769 0.09402599
v 0.03837386 0.01806625 0.09290600
v 0.03680819 0.00324477 0.09387299
v 0.03507862 0.00399957 0.09393200
v 0.03526275 0.00750965 0.09425299
v 0.03413343 0.01025952 0.09463098
v 0.03383514 0.00448936 0.09384900
v 0.03207620 0.01390732 0.09518300
v 0.03362966 0.00801058 0.09420399
v 0.03216348 0.01016904 0.09448100
v 0.03263332 0.00664100 0.09382899
v 0.03003197 0.01300971 0.09506200
v 0.03153405 0.00913151 0.09406799
v 0.02902775 0.01152941 0.09454900
v 0.03272745 0.00441095 0.09357500
v 0.02805244 0.00776527 0.09295199
v 0.02955088 0.00652737 0.09290600
v 0.03050945 0.00492875 0.09290199
v 0.03318403 0.00231817 0.09363200
v 0.03089200 0.00241331 0.09289200
v 0.02572249 0.00512474 0.09240100
v 0.02860680 0.00292378 0.09270700
v 0.03110033 -0.00086576 0.09291699
v 0.03411067 -0.00067373 0.09372599
v 0.03307988 -0.00059143 0.09352600
v 0.03530452 -0.00222992 0.09385500
v 0.03335884 -0.00390374 0.09377600
v 0.03440355 -0.00520216 0.09408999
v 0.03219982 -0.00663934 0.09394000
v 0.03069180 -0.00358642 0.09301200
v 0.02978380 -0.00517274 0.09311299
v 0.02850478 -0.00033653 0.09273000
v 0.02776646 -0.00238814 0.09288600
v 0.02839502 -0.00666579 0.09339399
v 0.02598491 -0.00607079 0.09326400
v 0.02412694 -0.00785788 0.09353200
v 0.02655903 -0.00032647 0.09255899
v 0.02540137 -0.00299746 0.09286500
v 0.02416725 -0.00486578 0.09311499
v 0.02524082 0.00354213 0.09229000
v 0.02351528 0.00021920 0.09219200
v 0.02205027 -0.00405625 0.09291199
v 0.02267937 -0.00072635 0.09227400
v 0.02311359 0.00340870 0.09219200
v 0.02150652 -0.00655547 0.09337100
v 0.02123580 0.00006240 0.09221399
v 0.02383232 0.00542952 0.09230799
v 0.02115080 -0.00181678 0.09245299
v 0.02055076 -0.00470709 0.09312300
v 0.01906242 -0.00134422 0.09246799
v 0.02020509 0.00474649 0.09241999
v 0.01736099 -0.00007013 0.09243199
v 0.01906111 -0.00433658 0.09301600
v 0.01726295 -0.00201329 0.09262799
v 0.01936661 -0.00670851 0.09348900
v 0.01724626 -0.00587365 0.09340999
v 0.01991946 -0.00910938 0.09373899
v 0.01592458 -0.00971674 0.09386699
v 0.01250751 -0.01102564 0.09405399
v 0.01455386 -0.00687527 0.09362599
v 0.01238456 -0.00866384 0.09384499
v 0.00801549 -0.00833562 0.09389600
v 0.01395833 -0.00405541 0.09304900
v 0.01231463 -0.00496660 0.09336900
v 0.01042606 -0.00584556 0.09356700
v 0.01572617 -0.00293619 0.09290100
v 0.01559796 -0.00110123 0.09255899
v 0.01170282 -0.00120231 0.09260500
v 0.01360440 0.00005026 0.09248700
v 0.01526401 0.00413664 0.09259299
v 0.01008715 -0.00004610 0.09245800
v 0.01705730 0.00651611 0.09273100
v 0.00974503 -0.00271782 0.09285299
v 0.00856784 -0.00649947 0.09364199
v 0.00675743 -0.00144097 0.09262199
v 0.00466197 -0.00566608 0.09355499
v 0.01155111 0.00313148 0.09254700
v 0.00357249 0.00006196 0.09239199
v 0.01343383 0.00709600 0.09291699
v 0.00705090 0.00223455 0.09241700
v 0.00749174 0.00517723 0.09271900
v 0.00023544 0.00078428 0.09235900
v 0.00757805 0.00952406 0.09339300
v 0.00655571 0.01398732 0.09392099
v 0.01200634 0.01215059 0.09351999
v 0.01033070 0.01435560 0.09407300
v 0.01560830 0.01144837 0.09327499
v 0.01366018 0.01301402 0.09374499
v 0.01269262 0.01769847 0.09537200
v 0.01437452 0.01486071 0.09451799
v 0.01170558 0.01963183 0.09557299
v 0.01741806 0.01676378 0.09539599
v 0.01522757 0.01843666 0.09562300
v 0.01346589 0.02027516 0.09558499
v 0.01781166 0.01439466 0.09451099
v 0.01719586 0.01207377 0.09344399
v 0.01975303 0.01568465 0.09516700
v 0.01946910 0.01100020 0.09312199
v 0.01999354 0.01191067 0.09347799
v 0.02187520 0.01443947 0.09485600
v 0.02133552 0.01644910 0.09542900
v 0.01847999 0.01803707 0.09560300
v 0.01770405 0.01956687 0.09560900
v 0.02141579 0.01791529 0.09552800
v 0.02464447 0.01398424 0.09499100
v 0.01676337 0.02221602 0.09533600
v 0.02316253 0.01186480 0.09377000
v 0.02458299 0.01581261 0.09538700
v 0.02254186 0.01026950 0.09302700
v 0.02684429 0.01276585 0.09474399
v 0.02491993 0.00918185 0.09287499
v 0.02315423 0.00891994 0.09270500
v 0.02639523 0.01416232 0.09517500
v 0.02800408 0.01489928 0.09531400
v 0.02512524 0.00718813 0.09253400
v 0.02058895 0.00916474 0.09278900
v 0.02614984 0.01677055 0.09540700
v 0.03026228 0.01566370 0.09526800
v 0.02457892 0.01838793 0.09538500
v 0.03341800 0.01520521 0.09511699
v 0.02794742 0.01787280 0.09523399
v 0.03249187 0.01653477 0.09506099
v 0.03543537 0.01623916 0.09485900
v 0.02913335 0.01871649 0.09500199
v 0.03414213 0.01858495 0.09415600
v 0.03232563 0.01790137 0.09478900
v 0.03091786 0.01927351 0.09454200
v 0.02550058 0.02004993 0.09510099
v 0.02847891 0.02046087 0.09449600
v 0.03123398 0.02054290 0.09379000
v 0.03396459 0.01995308 0.09326799
v 0.03584297 0.01971523 0.09256300
v 0.03154953 0.02144752 0.09286799
v 0.03751739 0.01907618 0.09206100
v 0.03370167 0.02125316 0.09198700
v 0.03503645 0.02082237 0.09153399
v 0.04105847 0.01737319 0.09149500
v 0.03889367 0.01856912 0.09123099
v 0.04224634 0.01712861 0.09017999
v 0.03642614 0.02008583 0.09089000
v 0.03327265 0.02209795 0.09077699
v 0.03766293 0.01940114 0.08986700
v 0.03123343 0.02229217 0.09189400
v 0.03395951 0.02209862 0.08965199
v 0.03627630 0.02035475 0.08939500
v 0.03954758 0.01837954 0.08956100
v 0.03769390 0.01944340 0.08618100
v 0.03425504 0.02207312 0.08683599
v 0.03612038 0.02056325 0.08560900
v 0.03319882 0.02244868 0.08960298
v 0.03319469 0.02257971 0.08770599
v 0.03081290 0.02277051 0.09072400
v 0.03098293 0.02288954 0.08882800
v 0.03336952 0.02244900 0.08340999
v 0.03066135 0.02296630 0.08571500
v 0.02922982 0.02327411 0.08877100
v 0.02892051 0.02299584 0.09184199
v 0.02840855 0.02340979 0.09074500
v 0.02864875 0.02347404 0.08663400
v 0.02717083 0.02402316 0.08763300
v 0.02746484 0.02367675 0.09117400
v 0.02771247 0.02292416 0.09270599
v 0.02614949 0.02406887 0.09171900
v 0.02532063 0.02476507 0.09026399
v 0.02475029 0.02433254 0.09231499
v 0.02815909 0.02166017 0.09385899
v 0.02486091 0.02340563 0.09334400
v 0.02299508 0.02581522 0.09079000
v 0.02563815 0.02112135 0.09472199
v 0.02477399 0.02257127 0.09408399
v 0.02258198 0.02161471 0.09495100
v 0.02340187 0.02468004 0.09249400
v 0.02178075 0.02411124 0.09363999
v 0.02022867 0.02321113 0.09460298
v 0.02177305 0.02000589 0.09534500
v 0.01888835 0.02247208 0.09509100
v 0.01740980 0.02365699 0.09483299
v 0.01378000 0.02341069 0.09512399
v 0.01898202 0.02442796 0.09404099
v 0.01020911 0.02431916 0.09489500
v 0.01222850 0.02473086 0.09467100
v 0.01440635 0.02477109 0.09453600
v 0.01112602 0.02583435 0.09408199
v 0.01637810 0.02479671 0.09424500
v 0.01408906 0.02588676 0.09368298
v 0.01754970 0.02549657 0.09337299
v 0.01955488 0.02587735 0.09223699
v 0.02018925 0.02503773 0.09317099
v 0.02167023 0.02569100 0.09177199
v 0.01911242 0.02631937 0.09114699
v 0.02156167 0.02617489 0.09053900
v 0.01765917 0.02652994 0.09105699
v 0.01949028 0.02636756 0.09023399
v 0.01733154 0.02661035 0.08793500
v 0.01925382 0.02643751 0.08777799
v 0.01812573 0.02652092 0.08585800
v 0.01703992 0.02664505 0.08377300
v 0.01892143 0.02641456 0.08438700
v 0.02156196 0.02639312 0.08843699
v 0.01847449 0.02648261 0.08222999
v 0.01643114 0.02695887 0.08152099
v 0.01811830 0.02703575 0.07970799
v 0.02121657 0.02648541 0.08039499
v 0.02048814 0.02635355 0.08263200
v 0.02160964 0.02642611 0.08595199
v 0.02229166 0.02627459 0.08216599
v 0.02299671 0.02614152 0.07983400
v 0.02320141 0.02610677 0.08157200
v 0.02300235 0.02618041 0.08365900
v 0.02295891 0.02628793 0.08742400
v 0.02269341 0.02624854 0.08883400
v 0.02397775 0.02590108 0.08681000
v 0.02338718 0.02588670 0.08998899
v 0.02384521 0.02584219 0.08908399
v 0.02545684 0.02486586 0.08733900
v 0.02561993 0.02478686 0.08560699
v 0.02393035 0.02574847 0.08313900
v 0.02730330 0.02383874 0.08259200
v 0.02544912 0.02474530 0.08210000
v 0.02403192 0.02572926 0.08047100
v 0.02926877 0.02313808 0.08129100
v 0.02502725 0.02538172 0.07818800
v 0.02553617 0.02485826 0.08016500
v 0.02733699 0.02381575 0.08079099
v 0.02657483 0.02481498 0.07696300
v 0.02691451 0.02455564 0.07806100
v 0.02793794 0.02371384 0.07950200
v 0.02973248 0.02308138 0.07950000
v 0.03073778 0.02319241 0.07736600
v 0.02920294 0.02387107 0.07597700
v 0.03057180 0.02281419 0.08100599
v 0.03267021 0.02259050 0.07784900
v 0.03321821 0.02234593 0.07990100
v 0.03385266 0.02216679 0.08146398
v 0.03331611 0.02239998 0.07680200
v 0.03434644 0.02184313 0.08002300
v 0.03448682 0.02184112 0.08359999
v 0.03625447 0.02040313 0.08249400
v 0.03435655 0.02188229 0.07786000
v 0.03666199 0.02004003 0.07953600
v 0.03784468 0.01928163 0.08145000
v 0.03970856 0.01834162 0.08540399
v 0.03789720 0.01920828 0.07898700
v 0.04071860 0.01788030 0.08885299
v 0.03976906 0.01827684 0.08095799
v 0.04160836 0.01760909 0.08560400
v 0.03671949 0.02008081 0.07771800
v 0.04145390 0.01762142 0.08125800
v 0.03642482 0.02076862 0.07513000
v 0.03807008 0.01925983 0.07666300
v 0.03982993 0.01817713 0.07789200
v 0.03997634 0.01833008 0.07591600
v 0.04132714 0.01763503 0.07661800
v 0.03920038 0.01937102 0.07374500
v 0.04177387 0.01800923 0.07344800
v 0.03896018 0.01957293 0.07266000
v 0.03576177 0.02116956 0.07390400
v 0.04237298 0.01779294 0.07254900
v 0.03233688 0.02249624 0.07339700
v 0.03916177 0.01937220 0.07042800
v 0.03085538 0.02286546 0.07214900
v 0.03488105 0.02114472 0.06983900
v 0.03025496 0.02254890 0.06790100
v 0.03718333 0.02006534 0.06812600
v 0.02892253 0.02248874 0.06376300
v 0.03433949 0.02093354 0.06549300
v 0.03160049 0.02170834 0.06401600
v 0.03039110 0.02172305 0.06000000
v 0.02872851 0.02205724 0.05760200
v 0.03420187 0.02078337 0.06301000
v 0.02724687 0.02231354 0.05560300
v 0.03419702 0.02066701 0.06092600
v 0.03614141 0.02013933 0.06315000
v 0.03807651 0.01945156 0.06412700
v 0.03744082 0.01957147 0.06118800
v 0.03965124 0.01893087 0.06688900
v 0.04035630 0.01841649 0.06055800
v 0.04181666 0.01789763 0.06664400
v 0.04096407 0.01820522 0.06291900
v 0.04290523 0.01743448 0.06916700
v 0.04299428 0.01727827 0.06534600
v 0.04226689 0.01752509 0.06107400
v 0.03805187 0.01932187 0.05879600
v 0.04192543 0.01761898 0.05860800
v 0.03417767 0.02056768 0.05778800
v 0.03960073 0.01869158 0.05630899
v 0.03696558 0.01969824 0.05646600
v 0.03160968 0.02121558 0.05453199
v 0.03459338 0.02041838 0.05329400
v 0.03803874 0.01936003 0.05435900
v 0.02954201 0.02170108 0.05194900
v 0.03860225 0.01907521 0.05264300
v 0.03300430 0.02091039 0.04934300
v 0.02636162 0.02238296 0.05156600
v 0.03007013 0.02162464 0.04809800
v 0.02483998 0.02266276 0.04905900
v 0.02661186 0.02231476 0.04740900
v 0.02374662 0.02287916 0.04594200
v 0.02057426 0.02355438 0.04624800
v 0.02548115 0.02254812 0.04338800
v 0.01715585 0.02418738 0.04341200
v 0.02199249 0.02325874 0.04367300
v 0.02860583 0.02199091 0.04422600
v 0.02427493 0.02278527 0.04046400
v 0.03235196 0.02113950 0.04610100
v 0.02878424 0.02204011 0.03968400
v 0.03215984 0.02129600 0.04216200
v 0.03541940 0.02031436 0.04812700
v 0.03449562 0.02062826 0.04481400
v 0.03680863 0.01982243 0.05092400
v 0.03606581 0.02001499 0.04684299
v 0.03836589 0.01896371 0.04919600
v 0.03350199 0.02097725 0.04061200
v 0.03575972 0.01994394 0.04253400
v 0.03279926 0.02119515 0.03871099
v 0.03540890 0.01997227 0.03965800
v 0.03718254 0.01919333 0.04375600
v 0.03726021 0.01936351 0.04616400
v 0.03840293 0.01865684 0.04633000
v 0.03726622 0.01872761 0.04095800
v 0.03993901 0.01803740 0.04976900
v 0.03866104 0.01798780 0.04390000
v 0.04039291 0.01804462 0.05221500
v 0.04009573 0.01756458 0.04817600
v 0.04098078 0.01792979 0.05492800
v 0.04193898 0.01700596 0.05325700
v 0.04305603 0.01692724 0.05892900
v 0.04324456 0.01655498 0.05705299
v 0.04174313 0.01649594 0.05035100
v 0.04296709 0.01580149 0.05279000
v 0.04423488 0.01613678 0.06050000
v 0.04399528 0.01654484 0.06233600
v 0.04432889 0.01538314 0.05704100
v 0.04495505 0.01569638 0.06253099
v 0.04442622 0.01639560 0.06510600
v 0.04450545 0.01645430 0.06782599
v 0.04550957 0.01550555 0.06639600
v 0.04545875 0.01497633 0.06174700
v 0.04624208 0.01445697 0.06548500
v 0.04550848 0.01563094 0.06906700
v 0.04477594 0.01634166 0.07223900
v 0.04629276 0.01465056 0.06784500
v 0.04594276 0.01519782 0.07065200
v 0.04465435 0.01638024 0.07469000
v 0.04588160 0.01523030 0.07418000
v 0.04689738 0.01375622 0.07012900
v 0.04312460 0.01714256 0.07565900
v 0.04315155 0.01713437 0.07956800
v 0.04414306 0.01663963 0.07783299
v 0.04293431 0.01722659 0.08281199
v 0.04441468 0.01646568 0.08095400
v 0.04512926 0.01593530 0.07874800
v 0.04555278 0.01553826 0.07682000
v 0.04527541 0.01570379 0.08266000
v 0.04623474 0.01468279 0.07669600
v 0.04617136 0.01470752 0.08037900
v 0.04688499 0.01373215 0.07307100
v 0.04717477 0.01301490 0.07552899
v 0.04731393 0.01252889 0.07193700
v 0.04720636 0.01295368 0.07828200
v 0.04740774 0.01175687 0.07465000
v 0.04736592 0.01215484 0.06983300
v 0.04753134 0.01060717 0.07250700
v 0.04751842 0.01013140 0.07779600
v 0.04702431 0.01320044 0.06745399
v 0.04717681 0.01234918 0.06636499
v 0.04661238 0.01358388 0.06450300
v 0.04618968 0.01381653 0.06199900
v 0.04693913 0.01201444 0.06333600
v 0.04751026 0.01032716 0.06916600
v 0.04540037 0.01401469 0.05816000
v 0.04617059 0.01261986 0.05941100
v 0.04447836 0.01415620 0.05449100
v 0.04517443 0.01301663 0.05545199
v 0.04334769 0.01441778 0.05079000
v 0.04443636 0.01339185 0.05317300
v 0.04444777 0.01241036 0.05212600
v 0.04228184 0.01578927 0.05020999
v 0.04096056 0.01637728 0.04720799
v 0.04190205 0.01489454 0.04707200
v 0.03999390 0.01671047 0.04460300
v 0.04303412 0.01294199 0.04819099
v 0.04035198 0.01545799 0.04287499
v 0.03917037 0.01681778 0.04175400
v 0.04179522 0.01325060 0.04499200
v 0.03782077 0.01784583 0.03929600
v 0.03944401 0.01571955 0.03988200
v 0.03639144 0.01899573 0.03767500
v 0.03836686 0.01694157 0.03843900
v 0.03707769 0.01815039 0.03663600
v 0.03480237 0.02009176 0.03686000
v 0.03765536 0.01722838 0.03563900
v 0.03343403 0.02084531 0.03658500
v 0.03539908 0.01939632 0.03336100
v 0.03378370 0.02050460 0.03264500
v 0.03236892 0.02128439 0.03494699
v 0.03145091 0.02156325 0.03509000
v 0.03212708 0.02135445 0.03146700
v 0.02881477 0.02209668 0.03588900
v 0.02987241 0.02195735 0.03083200
v 0.02449827 0.02278933 0.03698400
v 0.02682128 0.02247030 0.03227200
v 0.03059171 0.02180411 0.02780799
v 0.02252350 0.02314306 0.03797700
v 0.02679590 0.02248216 0.02848100
v 0.02107336 0.02340445 0.04057900
v 0.01843056 0.02385053 0.03833700
v 0.02305876 0.02305273 0.03507600
v 0.02416610 0.02285646 0.03315800
v 0.02102963 0.02336543 0.03309500
v 0.02016856 0.02354300 0.03596000
v 0.02907789 0.02210232 0.02549200
v 0.01870594 0.02376732 0.03392600
v 0.01830811 0.02379496 0.03619400
v 0.01576884 0.02422643 0.03290600
v 0.01720919 0.02406479 0.03505100
v 0.01567399 0.02431775 0.03519300
v 0.01329924 0.02456097 0.03456900
v 0.01522249 0.02433667 0.03596700
v 0.01714826 0.02406458 0.03652400
v 0.01662214 0.02420969 0.03823100
v 0.01583503 0.02430045 0.03973500
v 0.01533254 0.02418133 0.03767900
v 0.01322880 0.02469191 0.04030200
v 0.01329922 0.02475544 0.03952199
v 0.00973005 0.02508959 0.04080700
v 0.01132226 0.02502210 0.03986000
v 0.00991062 0.02504662 0.03797300
v 0.01018319 0.02501566 0.03936900
v 0.01085004 0.02484123 0.03899100
v 0.01158366 0.02480359 0.03850200
v 0.00955415 0.02500022 0.03525000
v 0.01043825 0.02488458 0.03596600
v 0.01173240 0.02477522 0.03490900
v 0.01116342 0.02489615 0.03636400
v 0.01255969 0.02460765 0.03573400
v 0.01279101 0.02465612 0.03715899
v 0.01377918 0.02459625 0.03664000
v 0.01312081 0.02451939 0.03776800
v 0.01402640 0.02445438 0.03726300
v 0.00593306 -0.01253259 0.09419100
v 0.00120458 -0.01144127 0.09410200
v 0.00387065 -0.00871528 0.09395500
v -0.00169507 -0.00867759 0.09391800
v 0.00129752 -0.00881914 0.09399600
v 0.00329121 -0.00618254 0.09373600
v 0.00130207 -0.00653319 0.09374300
v -0.00205835 -0.00634197 0.09370000
v 0.00256618 -0.00350652 0.09315900
v -0.00034245 -0.00466947 0.09334100
v -0.00187482 -0.00421022 0.09329700
v 0.00329720 -0.00181248 0.09271299
v 0.00146917 -0.00155581 0.09274799
v 0.00212511 -0.00051214 0.09246099
v -0.00031988 -0.00038576 0.09244900
v -0.00242804 -0.00253705 0.09283800
v -0.00378284 -0.00057687 0.09246300
v 0.04299022 0.01712029 0.08716599
v 0.04421021 0.01651119 0.08439299
v 0.04333290 0.01679125 0.08830999
v 0.04528294 0.01553982 0.08480499
v 0.04439479 0.01618080 0.08726000
v 0.04346646 0.01633042 0.08993800
v 0.04596455 0.01474751 0.08397300
v 0.04362225 0.01570699 0.09077900
v 0.04436159 0.01572124 0.08908899
v 0.04553323 0.01481652 0.08732400
v 0.04519448 0.01424114 0.08956800
v 0.04449918 0.01436137 0.09085100
v 0.04583529 0.01366495 0.08856299
v 0.04481492 0.01282486 0.09128400
v 0.04552814 0.01294905 0.08989798
v 0.04491735 0.01138215 0.09158899
v 0.04562129 0.01123109 0.09049700
v 0.04521430 0.00924090 0.09152400
v 0.04634047 0.01130278 0.08875600
v 0.04609675 0.00922374 0.09000700
v 0.04519167 0.00580674 0.09152699
v 0.04606627 0.00687927 0.09033399
v 0.04564650 0.00312374 0.09100400
v 0.04656336 0.00745914 0.08904099
v 0.04651849 0.00286441 0.08964100
v 0.04582117 0.00091707 0.09071099
v 0.04701190 0.00515034 0.08792200
v 0.04639366 -0.00351059 0.08983499
v 0.04719939 0.00685891 0.08651100
v 0.04665815 -0.00018996 0.08925799
v 0.04690547 0.00259369 0.08856800
v 0.04562491 -0.00580023 0.09108200
v 0.04512080 -0.00833148 0.09170099
v 0.04603219 -0.00795029 0.09039400
v 0.04513458 -0.00991907 0.09153100
v 0.04493800 -0.01184866 0.09128300
v 0.04598033 -0.01049100 0.08992800
v 0.04669541 -0.00563541 0.08901199
v 0.04658875 -0.00869169 0.08875299
v 0.04555441 -0.01232106 0.08993000
v 0.04704615 -0.00280006 0.08817500
v 0.04426000 -0.01327188 0.09145599
v 0.04722289 -0.00022110 0.08738600
v 0.04715990 -0.00656044 0.08722999
v 0.04755200 -0.00236079 0.08586099
v 0.04735427 0.00191323 0.08669900
v 0.04757720 -0.00512432 0.08540299
v 0.04778944 -0.00172720 0.08404699
v 0.04746377 0.00472280 0.08545199
v 0.04759373 0.00173772 0.08475599
v 0.04743489 -0.00759405 0.08525100
v 0.04765138 0.00363176 0.08330000
v 0.04700052 -0.01016576 0.08642000
v 0.04771828 0.00270168 0.08160200
v 0.04760333 0.00669723 0.08169499
v 0.04733197 0.00906770 0.08424299
v 0.04685622 0.01157598 0.08614500
v 0.04747797 0.00998236 0.08121600
v 0.04642779 0.01315924 0.08680400
v 0.04667261 0.01329324 0.08512899
v 0.04719173 0.01172145 0.08360300
v 0.04697056 0.01313526 0.08237499
v 0.04724769 0.01228325 0.08153299
v 0.04710980 0.01300771 0.08012199
v 0.04764398 0.00462783 0.07780300
v 0.04759591 0.00781607 0.07515700
v 0.04775387 -0.00002715 0.07920400
v 0.04759944 0.00880207 0.07210999
v 0.04772834 0.00165559 0.07381000
v 0.04772914 0.00316747 0.07106800
v 0.04761443 0.00641114 0.06902600
v 0.04745792 0.00693820 0.06602799
v 0.04766132 0.00296160 0.06713099
v 0.04733082 0.01057497 0.06649899
v 0.04715083 0.00901205 0.06326400
v 0.04737280 0.00562181 0.06441500
v 0.04670891 0.01009262 0.06058000
v 0.04704369 0.00692717 0.06172200
v 0.04725419 0.00264230 0.06231600
v 0.04682457 0.00570460 0.05990200
v 0.04592806 0.01137029 0.05703600
v 0.04625616 0.00839128 0.05743700
v 0.04494497 0.01137043 0.05314100
v 0.04555600 0.00991280 0.05481100
v 0.04398622 0.01093655 0.04978499
v 0.04495988 0.00850588 0.05210300
v 0.04597068 0.00680252 0.05555900
v 0.04271894 0.01208175 0.04679100
v 0.04428522 0.00699325 0.04940300
v 0.04331639 0.00931757 0.04733300
v 0.04226378 0.01020327 0.04473700
v 0.04309351 0.00740024 0.04611400
v 0.04531760 0.00550452 0.05249700
v 0.04328960 0.00488573 0.04605500
v 0.04431282 0.00376699 0.04884500
v 0.04573179 0.00344495 0.05369400
v 0.04240025 0.00439523 0.04317700
v 0.04520996 0.00303202 0.05172400
v 0.04196333 0.00736612 0.04261700
v 0.04283939 0.00240981 0.04431700
v 0.04080358 0.01139560 0.04061100
v 0.04124934 0.00572243 0.03909500
v 0.04060122 0.01382368 0.04169199
v 0.04097304 0.00894888 0.03969800
v 0.04000111 0.01364605 0.03939700
v 0.03988714 0.01190084 0.03723600
v 0.03933440 0.01400509 0.03692600
v 0.03857000 0.01595367 0.03639300
v 0.03877326 0.01440297 0.03465500
v 0.03786485 0.01630405 0.03329100
v 0.03902057 0.01275646 0.03370200
v 0.03817226 0.01515998 0.03221000
v 0.03689548 0.01775951 0.03303699
v 0.03727131 0.01665376 0.03002900
v 0.03608099 0.01844093 0.03071500
v 0.03500713 0.01939430 0.02866300
v 0.03617338 0.01818770 0.02876500
v 0.03428825 0.01999386 0.02911100
v 0.03533853 0.01902333 0.02655200
v 0.03318558 0.02077696 0.02994499
v 0.03407282 0.02009290 0.02598400
v 0.03261528 0.02104836 0.02686500
v 0.03202520 0.02134990 0.02827700
v 0.03155475 0.02149310 0.02448800
v 0.03255389 0.02107008 0.02399100
v 0.03450232 0.01979435 0.02364600
v 0.03150816 0.02148572 0.02221400
v 0.03050704 0.02176075 0.02311700
v 0.02707685 0.02238137 0.02283899
v 0.03068193 0.02165066 0.01965300
v 0.02823574 0.02201221 0.01764200
v 0.03292510 0.02087992 0.02137300
v 0.03222364 0.02114943 0.01777699
v 0.03106998 0.02141316 0.01608600
v 0.02585500 0.02231555 0.01504600
v 0.02982493 0.02152558 0.01399199
v 0.03234815 0.02102813 0.01419800
v 0.02494032 0.02235400 0.01118000
v 0.02896721 0.02160611 0.01161500
v 0.03233717 0.02082313 0.01076900
v 0.02289097 0.02266768 0.00983500
v 0.02666631 0.02187231 0.00754800
v 0.02051458 0.02308107 0.00829399
v 0.03025532 0.02111910 0.00769300
v 0.01795579 0.02353821 0.00846600
v 0.02265659 0.02255316 0.00508000
v 0.02013164 0.02305677 0.00589499
v 0.01605082 0.02379278 0.00572000
v 0.01840478 0.02340846 0.00565100
v 0.01417022 0.02410218 0.00578099
v 0.01686612 0.02352275 0.00516600
v 0.01165062 0.02442645 0.00580700
v 0.01498801 0.02387130 0.00516399
v 0.01238240 0.02427444 0.00521900
v 0.01007432 0.02464145 0.00575500
v 0.01034910 0.02450309 0.00515599
v 0.00677286 0.02490759 0.00586699
v 0.00849063 0.02475203 0.00527700
v 0.01196665 0.02451066 0.00439700
v 0.00382998 0.02502804 0.00697300
v 0.00998067 0.02464861 0.00436399
v 0.01357453 0.02419860 0.00439300
v 0.01196054 0.02437855 0.00346800
v 0.01488293 0.02406907 0.00429299
v 0.01495608 0.02395220 0.00357699
v 0.01636408 0.02372716 0.00387200
v 0.01361003 0.02411075 0.00187300
v 0.01717340 0.02363240 0.00439300
v 0.01649331 0.02364515 0.00177800
v 0.01860400 0.02328914 0.00506499
v 0.01957022 0.02315711 0.00409599
v 0.02071226 0.02283530 0.00512100
v 0.01889368 0.02317052 0.00051100
v 0.02260355 0.02251266 0.00313399
v 0.01521083 0.02379735 -0.00034300
v 0.02224602 0.02246888 0.00043600
v 0.02522982 0.02202254 0.00421000
v 0.02469044 0.02189842 -0.00022400
v 0.02101833 0.02261195 -0.00236800
v 0.02888890 0.02128086 0.00495600
v 0.02892188 0.02104633 0.00113000
v 0.03215339 0.02039272 0.00322200
v 0.03407830 0.02014164 0.00687400
v 0.03367777 0.01973806 -0.00012400
v 0.03555147 0.01952500 0.00424800
v 0.03522835 0.01982077 0.00907100
v 0.03171505 0.02013555 -0.00204201
v 0.03609442 0.01937601 0.00665100
v 0.03419974 0.02029976 0.01177200
v 0.03700295 0.01868835 0.00985499
v 0.03341628 0.02062689 0.01531600
v 0.03590683 0.01928726 0.01219000
v 0.03526906 0.01959165 0.01457500
v 0.03331452 0.02069941 0.01823100
v 0.03631781 0.01876082 0.01475100
v 0.03428571 0.02000580 0.02069799
v 0.03517465 0.01940250 0.01883300
v 0.03560159 0.01889320 0.02112999
v 0.03577119 0.01853007 0.02457500
v 0.03622490 0.01843959 0.01831700
v 0.03646878 0.01759626 0.02620200
v 0.03656260 0.01761510 0.02279900
v 0.03694029 0.01748628 0.01878900
v 0.03733712 0.01607939 0.02554900
v 0.03774075 0.01551262 0.02944500
v 0.03752451 0.01599876 0.02225900
v 0.03830147 0.01341693 0.02907000
v 0.03773768 0.01605819 0.01931300
v 0.03793167 0.01437564 0.02736600
v 0.03788571 0.01486880 0.02267100
v 0.03806742 0.01396604 0.02515800
v 0.03865827 0.01143714 0.02671900
v 0.03897655 0.01147803 0.03130100
v 0.03909817 0.01018034 0.02958700
v 0.03983209 0.00929631 0.03428500
v 0.03970150 0.00840769 0.03226000
v 0.04046443 0.00817293 0.03677999
v 0.04023264 0.00636258 0.03398099
v 0.04085093 0.00436413 0.03645200
v 0.04007060 0.00541779 0.03185300
v 0.04142822 0.00165739 0.03872200
v 0.03964178 0.00646781 0.02823500
v 0.04044805 0.00335100 0.03334499
v 0.03923062 0.00886721 0.02780100
v 0.03999893 0.00400769 0.02904100
v 0.03944340 0.00752322 0.02479900
v 0.03989012 0.00403542 0.02632999
v 0.03898995 0.01014807 0.02357100
v 0.03987566 0.00441852 0.02391200
v 0.03877752 0.01196120 0.02100900
v 0.03946849 0.00759514 0.02295899
v 0.03943817 0.00903114 0.02039999
v 0.04001337 0.00522155 0.02008000
v 0.03837329 0.01421316 0.01968200
v 0.03946661 0.01040852 0.01806700
v 0.04011634 0.00707136 0.01741899
v 0.03830236 0.01577613 0.01640600
v 0.03944799 0.01199491 0.01619600
v 0.03744159 0.01734411 0.01585299
v 0.03883610 0.01422856 0.01643100
v 0.03754812 0.01759764 0.01384699
v 0.03977756 0.01328575 0.01324900
v 0.03721492 0.01814863 0.01295599
v 0.03836037 0.01657822 0.01334400
v 0.03907383 0.01519554 0.01375700
v 0.03990622 0.01484547 0.01085699
v 0.03939354 0.01629936 0.00947300
v 0.03881068 0.01743434 0.00763000
v 0.03797200 0.01830961 0.00649199
v 0.04000350 0.01640547 0.00649699
v 0.03713849 0.01890785 0.00400800
v 0.04035404 0.01698562 0.00217600
v 0.03837584 0.01821424 0.00364799
v 0.03785704 0.01855830 0.00176600
v 0.03681602 0.01879052 -0.00018800
v 0.04055593 0.01711829 -0.00055901
v 0.03928898 0.01782663 -0.00112900
v 0.03403348 0.01932199 -0.00471300
v 0.03783041 0.01820893 -0.00386200
v 0.04044021 0.01724237 -0.00384601
v 0.04218941 0.01605012 -0.00223600
v 0.04225611 0.01544713 0.00075300
v 0.04217190 0.01621616 -0.00592000
v 0.04104378 0.01540117 0.00542100
v 0.04375237 0.01453171 -0.00294101
v 0.04112809 0.01429966 0.00745900
v 0.04329247 0.01424676 0.00033500
v 0.04289550 0.01334738 0.00354799
v 0.04083407 0.01282642 0.00978900
v 0.04210488 0.01289753 0.00609300
v 0.04104542 0.01041950 0.01075999
v 0.04192296 0.01143756 0.00754000
v 0.04336416 0.01220439 0.00348900
v 0.04294964 0.01019133 0.00560500
v 0.04181480 0.00813204 0.00948799
v 0.04001532 0.01060581 0.01474800
v 0.04084959 0.00816153 0.01288599
v 0.04046114 0.00752794 0.01504300
v 0.04130115 0.00520724 0.01254000
v 0.04075775 0.00457967 0.01529000
v 0.04197258 0.00503847 0.01012800
v 0.04158207 0.00280555 0.01220699
v 0.04062495 0.00341714 0.01680600
v 0.04118710 0.00185968 0.01422699
v 0.04247509 0.00235261 0.00925799
v 0.04190477 -0.00020920 0.01148100
v 0.04297304 0.00476698 0.00730100
v 0.04287051 0.00756334 0.00678299
v 0.04303678 0.00251396 0.00770200
v 0.04412047 0.00660256 0.00420199
v 0.04273344 -0.00085210 0.00882400
v 0.04390030 0.00299479 0.00554399
v 0.04361540 -0.00080387 0.00648200
v 0.04193786 -0.00161052 0.01131499
v 0.04275628 -0.00304537 0.00854199
v 0.04122971 -0.00088843 0.01438300
v 0.04173527 -0.00559404 0.01113400
v 0.04063436 0.00047563 0.01774300
v 0.04120511 -0.00311154 0.01398900
v 0.04079178 -0.00179216 0.01670700
v 0.04025446 0.00271836 0.02006800
v 0.04055552 -0.00121496 0.01862700
v 0.04015434 0.00156368 0.02291500
v 0.04032843 -0.00017343 0.02114399
v 0.04010935 0.00105590 0.02564700
v 0.04011407 -0.00087549 0.02516600
v 0.04021608 -0.00064285 0.02800900
v 0.04005936 -0.00319771 0.02342600
v 0.04037972 0.00075102 0.03135500
v 0.04003357 -0.00269030 0.02596700
v 0.04032485 -0.00092150 0.03032500
v 0.04018727 -0.00418628 0.02029799
v 0.04004664 -0.00335309 0.02823700
v 0.03983884 -0.00488683 0.02522900
v 0.03979870 -0.00588227 0.02307100
v 0.04057685 -0.00414632 0.01703600
v 0.03986595 -0.00660935 0.02071300
v 0.04069757 -0.00635725 0.01512000
v 0.04010201 -0.00750694 0.01790000
v 0.03934466 -0.00941141 0.02164099
v 0.03952834 -0.00736120 0.02506999
v 0.03969088 -0.00617980 0.02731100
v 0.03912109 -0.00987925 0.02389800
v 0.03912583 -0.00961728 0.02667200
v 0.03994265 -0.00543822 0.03007800
v 0.03947656 -0.00840712 0.02975400
v 0.03861424 -0.01196393 0.02490099
v 0.04023261 -0.00272047 0.03059599
v 0.03863456 -0.01195192 0.02777300
v 0.04054265 -0.00087164 0.03258399
v 0.04033379 -0.00486226 0.03332100
v 0.04065747 0.00111872 0.03389600
v 0.04073355 -0.00268433 0.03482600
v 0.04110497 0.00092659 0.03675300
v 0.04115819 -0.00116442 0.03691800
v 0.04220181 0.00035239 0.04173100
v 0.04101380 -0.00439915 0.03725600
v 0.04168619 -0.00181440 0.03960300
v 0.04257564 -0.00082205 0.04303599
v 0.04044360 -0.00650257 0.03535200
v 0.04160357 -0.00476030 0.04010600
v 0.03990646 -0.00772703 0.03292500
v 0.04106595 -0.00690470 0.03887000
v 0.04006400 -0.00938542 0.03571000
v 0.03958927 -0.00974882 0.03299000
v 0.03896089 -0.01165915 0.03104000
v 0.03946036 -0.01203086 0.03543200
v 0.03816095 -0.01400182 0.02873000
v 0.04041241 -0.01007975 0.03807600
v 0.03908118 -0.01223058 0.03317200
v 0.03830062 -0.01417952 0.03096099
v 0.03783103 -0.01481234 0.02696900
v 0.03775814 -0.01533979 0.02940100
v 0.03836207 -0.01474878 0.03310700
v 0.03801484 -0.01450471 0.02359000
v 0.03902699 -0.01371979 0.03538199
v 0.03783046 -0.01567359 0.03202199
v 0.03840137 -0.01536514 0.03490700
v 0.03978101 -0.01339455 0.03845600
v 0.03738159 -0.01678994 0.03364300
v 0.04078663 -0.01064924 0.04005700
v 0.03851815 -0.01602416 0.03749100
v 0.04167697 -0.00794517 0.04177299
v 0.04028202 -0.01375496 0.04103400
v 0.04222231 -0.00446455 0.04247499
v 0.04153203 -0.01109166 0.04304200
v 0.04280736 -0.00641848 0.04497000
v 0.04296024 -0.00283103 0.04461599
v 0.04268442 -0.00856617 0.04529500
v 0.04385629 -0.00688545 0.04802100
v 0.04343798 -0.00007783 0.04583400
v 0.04447287 -0.00213905 0.04888400
v 0.04443053 0.00018744 0.04870200
v 0.04479153 -0.00667842 0.05086600
v 0.04568295 -0.00019426 0.05291800
v 0.04514493 -0.00123910 0.05099400
v 0.04546181 -0.00390157 0.05259700
v 0.04588148 -0.00223724 0.05396700
v 0.04597988 0.00119626 0.05440100
v 0.04653515 -0.00035177 0.05686500
v 0.04621348 0.00346646 0.05594100
v 0.04636550 0.00552141 0.05722600
v 0.04666172 0.00291008 0.05831900
v 0.04700581 0.00001227 0.05966599
v 0.04677938 -0.00209258 0.05833600
v 0.04729689 -0.00096299 0.06171100
v 0.04663970 -0.00535973 0.05831600
v 0.04760787 -0.00044535 0.06489000
v 0.04605410 -0.00605085 0.05542299
v 0.04777691 -0.00019554 0.06791500
v 0.04551262 -0.00696820 0.05345500
v 0.04784258 -0.00061668 0.07059700
v 0.04771278 -0.00245293 0.06731800
v 0.04777553 -0.00055454 0.07589300
v 0.04746773 -0.00445320 0.06415200
v 0.04779090 -0.00294454 0.07036300
v 0.04714240 -0.00617170 0.06171100
v 0.04772216 -0.00553783 0.06863800
v 0.04749133 -0.00773750 0.06547400
v 0.04680824 -0.00867622 0.06038099
v 0.04763558 -0.00829086 0.06787400
v 0.04717873 -0.00968194 0.06331500
v 0.04624595 -0.00900789 0.05742499
v 0.04665559 -0.01051256 0.06047500
v 0.04574009 -0.00963400 0.05543600
v 0.04616205 -0.01124276 0.05843500
v 0.04486672 -0.01015084 0.05231200
v 0.04507398 -0.01175863 0.05438900
v 0.04405613 -0.00976222 0.04960100
v 0.04363269 -0.01230816 0.04980999
v 0.04296860 -0.01039456 0.04688000
v 0.04166342 -0.01304965 0.04491300
v 0.04292758 -0.01284319 0.04828900
v 0.04122201 -0.01435060 0.04509200
v 0.04300976 -0.01389598 0.05000299
v 0.03942569 -0.01525024 0.03999600
v 0.04190421 -0.01482159 0.04806800
v 0.03980335 -0.01586029 0.04278000
v 0.04404899 -0.01357449 0.05303500
v 0.03891600 -0.01624626 0.04019800
v 0.04081333 -0.01535691 0.04544400
v 0.03782969 -0.01776124 0.04122900
v 0.03774831 -0.01738992 0.03900800
v 0.03687702 -0.01767407 0.03507500
v 0.03628451 -0.01875770 0.03852400
v 0.03592394 -0.01864485 0.03486600
v 0.03940808 -0.01672238 0.04418800
v 0.03870842 -0.01784092 0.04643899
v 0.03999077 -0.01663186 0.04625999
v 0.04104933 -0.01605241 0.04835000
v 0.03988276 -0.01717808 0.04824100
v 0.04291902 -0.01469071 0.05137300
v 0.04172259 -0.01614265 0.05134399
v 0.04344955 -0.01497131 0.05413100
v 0.04444822 -0.01427192 0.05626800
v 0.04297497 -0.01586926 0.05600100
v 0.04044991 -0.01741339 0.05221800
v 0.04506316 -0.01306636 0.05612700
v 0.04574736 -0.01252681 0.05819100
v 0.04641026 -0.01227805 0.06133300
v 0.04579930 -0.01341794 0.06065900
v 0.04683630 -0.01207541 0.06379900
v 0.04625428 -0.01345681 0.06365700
v 0.04457641 -0.01481194 0.05932199
v 0.04544756 -0.01407255 0.06135600
v 0.04452099 -0.01515235 0.06144899
v 0.04314919 -0.01616265 0.05920400
v 0.04142196 -0.01710683 0.05557400
v 0.04453580 -0.01544760 0.06485499
v 0.04213012 -0.01688706 0.05925600
v 0.04568214 -0.01450781 0.06670400
v 0.04294924 -0.01647756 0.06374600
v 0.04432361 -0.01567366 0.06658100
v 0.04082070 -0.01756100 0.05716700
v 0.03982414 -0.01795602 0.05454900
v 0.03957507 -0.01811537 0.05759700
v 0.04143668 -0.01729993 0.06223000
v 0.04100106 -0.01754305 0.06564800
v 0.03880382 -0.01839418 0.06178800
v 0.03830845 -0.01859890 0.05454100
v 0.03590433 -0.01935135 0.05865300
v 0.03829981 -0.01856807 0.05084100
v 0.03871870 -0.01819292 0.04893100
v 0.03727990 -0.01893362 0.04732300
v 0.03734910 -0.01897277 0.05184800
v 0.03675929 -0.01886255 0.04268100
v 0.03608301 -0.01945761 0.04849200
v 0.03569125 -0.01954879 0.04406199
v 0.03574465 -0.01934875 0.05504600
v 0.03459725 -0.01975361 0.05127300
v 0.03474548 -0.01993929 0.04467000
v 0.03198750 -0.02050678 0.04794800
v 0.03382016 -0.01993869 0.05415299
v 0.03167977 -0.02052281 0.05141099
v 0.03301031 -0.02018048 0.05704200
v 0.02972317 -0.02097853 0.05499100
v 0.02836625 -0.02128577 0.05001500
v 0.03157254 -0.02068587 0.06034400
v 0.03520501 -0.01969872 0.06262000
v 0.02798417 -0.02148208 0.05792500
v 0.03701267 -0.01926885 0.06621400
v 0.02640964 -0.02166218 0.05409500
v 0.02786033 -0.02166634 0.06057000
v 0.03111958 -0.02096726 0.06275800
v 0.03341382 -0.02048647 0.06567500
v 0.02547306 -0.02201313 0.05814300
v 0.02643897 -0.02228408 0.06341900
v 0.02421922 -0.02258682 0.06144700
v 0.02963805 -0.02157575 0.06494400
v 0.02256987 -0.02330659 0.06418700
v 0.02466951 -0.02324075 0.06734200
v 0.03162289 -0.02123522 0.06775599
v 0.02893142 -0.02208623 0.06774300
v 0.03403238 -0.02055457 0.06899600
v 0.02854777 -0.02258823 0.07073600
v 0.03313246 -0.02117746 0.07202000
v 0.03636714 -0.01971727 0.06955500
v 0.03887141 -0.01857279 0.06795100
v 0.03908040 -0.01859740 0.07065900
v 0.04122352 -0.01747452 0.06848200
v 0.04306749 -0.01649842 0.06766200
v 0.03664567 -0.01983659 0.07297800
v 0.04500515 -0.01527094 0.07033500
v 0.04273498 -0.01671361 0.07112900
v 0.04099690 -0.01767056 0.07217900
v 0.03922265 -0.01857196 0.07298300
v 0.03683993 -0.01973980 0.07453200
v 0.04025702 -0.01790620 0.07386100
v 0.03466062 -0.02079952 0.07465400
v 0.03815710 -0.01895290 0.07477500
v 0.04268963 -0.01666177 0.07345100
v 0.04037145 -0.01731925 0.07562900
v 0.04426471 -0.01572797 0.07317699
v 0.04131698 -0.01670920 0.07622400
v 0.04359836 -0.01596440 0.07548600
v 0.04554150 -0.01473165 0.07558200
v 0.03948780 -0.01748408 0.07716100
v 0.04594411 -0.01439739 0.07210200
v 0.03845780 -0.01823427 0.07657599
v 0.04137796 -0.01657322 0.07737000
v 0.03642648 -0.01971313 0.07645500
v 0.03760210 -0.01854567 0.07794600
v 0.03500259 -0.02058509 0.07670300
v 0.03535421 -0.02020203 0.07823500
v 0.03887421 -0.01767555 0.07926000
v 0.03713833 -0.01877575 0.07918100
v 0.03407173 -0.02103515 0.07931700
v 0.03525473 -0.02021629 0.08049500
v 0.03335590 -0.02139072 0.07744800
v 0.03233428 -0.02175772 0.07559500
v 0.03030316 -0.02241972 0.07441100
v 0.03026706 -0.02253802 0.07660400
v 0.02795815 -0.02332980 0.07537900
v 0.03158309 -0.02191251 0.07780600
v 0.02681176 -0.02334835 0.07254700
v 0.02786413 -0.02336702 0.07739900
v 0.02402820 -0.02380720 0.07003300
v 0.02424715 -0.02439443 0.07486200
v 0.01985186 -0.02449397 0.06782900
v 0.02253886 -0.02454925 0.07262500
v 0.01836851 -0.02526030 0.07070000
v 0.02570177 -0.02420254 0.07719399
v 0.02104126 -0.02541057 0.07625900
v 0.02289076 -0.02504083 0.07734400
v 0.01761368 -0.02603276 0.07474900
v 0.02311112 -0.02516153 0.07952100
v 0.02017251 -0.02585766 0.07888300
v 0.01783903 -0.02626965 0.07721100
v 0.02473112 -0.02445972 0.07938700
v 0.01811308 -0.02630993 0.07939700
v 0.02702366 -0.02307436 0.08067900
v 0.02121746 -0.02555597 0.08022500
v 0.02929788 -0.02230805 0.07950600
v 0.02572379 -0.02370021 0.08160000
v 0.03057330 -0.02186519 0.08017099
v 0.02356182 -0.02498782 0.08129599
v 0.02901222 -0.02229000 0.08087200
v 0.02752727 -0.02282208 0.08226399
v 0.02547431 -0.02385287 0.08316999
v 0.02290325 -0.02523407 0.08217700
v 0.02352602 -0.02515405 0.08480900
v 0.02245532 -0.02533726 0.08289100
v 0.02016064 -0.02550173 0.08199300
v 0.01898904 -0.02566927 0.08179398
v 0.02001067 -0.02549673 0.08363299
v 0.02259223 -0.02551378 0.08625700
v 0.02576417 -0.02390964 0.08656299
v 0.02357582 -0.02527730 0.08849399
v 0.02031171 -0.02571143 0.08809899
v 0.02783566 -0.02288128 0.08567300
v 0.02271151 -0.02552965 0.08907900
v 0.02917664 -0.02229678 0.08311200
v 0.02376626 -0.02506156 0.09003199
v 0.03100418 -0.02176889 0.08164900
v 0.02558703 -0.02405824 0.08976800
v 0.03310405 -0.02139028 0.07967900
v 0.03400114 -0.02112468 0.08241600
v 0.03289260 -0.02152757 0.08380099
v 0.03068056 -0.02201175 0.08616299
v 0.03393969 -0.02123874 0.08561700
v 0.02913484 -0.02247458 0.08815499
v 0.03491310 -0.02056557 0.08394000
v 0.03323016 -0.02155896 0.08735900
v 0.03682720 -0.01906085 0.08365200
v 0.03485082 -0.02063039 0.08694899
v 0.03395159 -0.02126444 0.08798699
v 0.03070857 -0.02202255 0.08867699
v 0.03323332 -0.02152337 0.08897500
v 0.03472849 -0.02064473 0.08947200
v 0.03401249 -0.02099045 0.09045899
v 0.03223710 -0.02160022 0.09054299
v 0.03637646 -0.01929864 0.08993298
v 0.03001458 -0.02205280 0.09101100
v 0.03716011 -0.01880890 0.08783999
v 0.03619707 -0.01925290 0.09118500
v 0.03784534 -0.01818505 0.09083799
v 0.03815404 -0.01818463 0.08578100
v 0.03940244 -0.01744459 0.08766200
v 0.03849976 -0.01795115 0.08217100
v 0.03962876 -0.01735163 0.08293299
v 0.04074689 -0.01683658 0.08599000
v 0.04061415 -0.01687800 0.08021999
v 0.04178279 -0.01646152 0.08353300
v 0.04339058 -0.01595225 0.08016900
v 0.04308902 -0.01600240 0.08607300
v 0.04452615 -0.01542939 0.07691000
v 0.04335111 -0.01596591 0.08312300
v 0.04435774 -0.01548066 0.08083700
v 0.04473758 -0.01516932 0.08418699
v 0.04528028 -0.01486845 0.07885300
v 0.04545996 -0.01469595 0.08051499
v 0.04621753 -0.01391703 0.07857000
v 0.04632856 -0.01393700 0.07473200
v 0.04598520 -0.01397811 0.08339599
v 0.04704224 -0.01273425 0.07706100
v 0.04698436 -0.01274010 0.07923500
v 0.04708541 -0.01280146 0.07509300
v 0.04709876 -0.01290055 0.07256700
v 0.04747251 -0.01094514 0.07499300
v 0.04738652 -0.01102489 0.07813800
v 0.04702831 -0.01307163 0.07076400
v 0.04751882 -0.01093330 0.07160100
v 0.04762762 -0.00936406 0.07491000
v 0.04742769 -0.01119662 0.06925700
v 0.04753446 -0.00930713 0.07954700
v 0.04767468 -0.00934276 0.07057700
v 0.04697576 -0.01276035 0.06704000
v 0.04749244 -0.01014318 0.06694700
v 0.04634557 -0.01365634 0.06623899
v 0.04722954 -0.01104407 0.06547800
v 0.04774784 -0.00646779 0.07281899
v 0.04769571 -0.00684654 0.07710600
v 0.04777429 -0.00315259 0.07340899
v 0.04773315 -0.00253546 0.07754800
v 0.04769605 -0.00383854 0.08095600
v 0.04763726 -0.00642629 0.08244599
v 0.04741378 -0.01040528 0.08107400
v 0.04724932 -0.00989441 0.08442699
v 0.04692256 -0.01263999 0.08140300
v 0.04705961 -0.01156726 0.08361099
v 0.04689298 -0.01141723 0.08572099
v 0.04656982 -0.01289004 0.08480499
v 0.04631814 -0.01146111 0.08846300
v 0.04652803 -0.01231283 0.08670999
v 0.04608301 -0.01340475 0.08654400
v 0.04562134 -0.01329461 0.08879100
v 0.04547657 -0.01437275 0.08550200
v 0.04507132 -0.01439844 0.08795399
v 0.04421242 -0.01534184 0.08697599
v 0.04462193 -0.01385245 0.09028000
v 0.04275666 -0.01599712 0.08832800
v 0.04370683 -0.01422446 0.09139399
v 0.04400912 -0.01487641 0.08981800
v 0.04369086 -0.01537792 0.08902099
v 0.04259754 -0.01585245 0.09011800
v 0.04247857 -0.01551080 0.09135199
v 0.04253784 -0.01469295 0.09230699
v 0.04010448 -0.01701147 0.08995900
v 0.04117944 -0.01631405 0.09135899
v 0.03815252 -0.01785808 0.09165700
v 0.04042328 -0.01632442 0.09234600
v 0.03699548 -0.01805787 0.09267700
v 0.03502778 -0.01974516 0.09184000
v 0.04040582 -0.01549028 0.09323800
v 0.03340495 -0.02076841 0.09170700
v 0.04169561 -0.01377488 0.09353100
v 0.03880604 -0.01634407 0.09345099
v 0.03927685 -0.01488939 0.09416300
v 0.03880180 -0.01379476 0.09470799
v 0.03659131 -0.01479996 0.09489798
v 0.03703758 -0.01600079 0.09433599
v 0.03403090 -0.01474844 0.09515300
v 0.03383086 -0.01643538 0.09486799
v 0.03192747 -0.01595443 0.09515500
v 0.03572795 -0.01790115 0.09353800
v 0.03419328 -0.01776466 0.09419300
v 0.03377956 -0.01940218 0.09314600
v 0.03230001 -0.01804302 0.09451199
v 0.03145762 -0.02003525 0.09355400
v 0.03201599 -0.02088497 0.09245399
v 0.03086093 -0.01794493 0.09482899
v 0.02877866 -0.01995078 0.09428698
v 0.02914124 -0.02090859 0.09356000
v 0.02878392 -0.01775531 0.09511300
v 0.02708534 -0.01938953 0.09484199
v 0.02585902 -0.01740566 0.09532200
v 0.02396090 -0.01920288 0.09514299
v 0.02338718 -0.01608593 0.09554999
v 0.02026714 -0.01758826 0.09554100
v 0.02360745 -0.02061395 0.09480599
v 0.01584671 -0.01827679 0.09556399
v 0.02093061 -0.02008172 0.09515099
v 0.01792723 -0.02050049 0.09520599
v 0.01947466 -0.02143870 0.09492800
v 0.02522232 -0.02146237 0.09415700
v 0.02143459 -0.02235973 0.09431700
v 0.02643374 -0.02194834 0.09353300
v 0.02346243 -0.02309773 0.09336698
v 0.02802037 -0.02196241 0.09287699
v 0.02535266 -0.02338190 0.09242800
v 0.02920860 -0.02208330 0.09198199
v 0.03209895 -0.02133192 0.09156199
v 0.02804339 -0.02280650 0.09062699
v 0.02668163 -0.02319425 0.09175600
v 0.02737570 -0.02315100 0.08752399
v 0.02675518 -0.02342535 0.09047000
v 0.02459887 -0.02441553 0.09106899
v 0.02346259 -0.02458177 0.09163500
v 0.02268806 -0.02535457 0.09038099
v 0.02213653 -0.02416881 0.09273300
v 0.02098151 -0.02514186 0.09180098
v 0.01881194 -0.02590479 0.08970500
v 0.01976500 -0.02360322 0.09383799
v 0.01885526 -0.02575153 0.08596599
v 0.01870039 -0.02274067 0.09449300
v 0.01768320 -0.02586130 0.08388599
v 0.01655025 -0.02240594 0.09480900
v 0.01661867 -0.02615794 0.08211500
v 0.01412033 -0.02242066 0.09491099
v 0.01548063 -0.02377156 0.09427500
v 0.01698845 -0.02426819 0.09379599
v 0.01225988 -0.01879555 0.09550000
v 0.01848370 -0.02496590 0.09289200
v 0.00799618 -0.01943220 0.09534699
v 0.00966446 -0.02330274 0.09473799
v 0.01169301 -0.02398021 0.09446500
v 0.00518546 -0.02391427 0.09456699
v 0.00421663 -0.01973444 0.09523498
v 0.00793089 -0.02472765 0.09428500
v -0.00093593 -0.01907147 0.09518300
v 0.00255490 -0.02381558 0.09454099
v -0.00523730 -0.01899578 0.09525800
v 0.00030747 -0.02030105 0.09508599
v -0.00399628 -0.02006465 0.09516500
v -0.00928114 -0.01945742 0.09538899
v -0.00151248 -0.02392829 0.09451400
v -0.00652686 -0.02323924 0.09473599
v -0.01173182 -0.01810321 0.09550900
v -0.01263986 -0.01896274 0.09551600
v -0.01592515 -0.01802123 0.09565100
v -0.01131799 -0.02282529 0.09492100
v -0.01623629 -0.02106785 0.09527400
v -0.01964558 -0.01833009 0.09557500
v -0.01427715 -0.02304774 0.09482400
v -0.02272407 -0.01920477 0.09528399
v -0.01973959 -0.02098545 0.09514700
v -0.02669415 -0.01806710 0.09519199
v -0.02329942 -0.02027613 0.09499100
v -0.01724313 -0.02224720 0.09493899
v -0.02063751 -0.02195683 0.09468099
v -0.03053289 -0.01678637 0.09504300
v -0.02892091 -0.01842987 0.09484999
v -0.03230875 -0.01710806 0.09473799
v -0.02622521 -0.02008471 0.09464499
v -0.03527242 -0.01671154 0.09425799
v -0.02982866 -0.01929387 0.09427700
v -0.03392679 -0.01815073 0.09384399
v -0.03651353 -0.01724501 0.09354199
v -0.02409526 -0.02133972 0.09441299
v -0.02678551 -0.02148402 0.09363299
v -0.03229495 -0.01950174 0.09341499
v -0.02179918 -0.02267936 0.09402900
v -0.03026092 -0.02016633 0.09358200
v -0.03553588 -0.01858883 0.09284099
v -0.03188189 -0.02081666 0.09224700
v -0.02825685 -0.02147219 0.09306200
v -0.02440148 -0.02247317 0.09354799
v -0.02626529 -0.02269235 0.09248700
v -0.02834775 -0.02199090 0.09223699
v -0.02131280 -0.02378315 0.09322400
v -0.02388794 -0.02361022 0.09247800
v -0.01962683 -0.02298224 0.09426200
v -0.01556886 -0.02390519 0.09426800
v -0.01715783 -0.02424212 0.09373899
v -0.01894450 -0.02477866 0.09268400
v -0.01481035 -0.02529179 0.09319500
v -0.01327602 -0.02457426 0.09409300
v -0.02196846 -0.02471613 0.09165399
v -0.00916710 -0.02413589 0.09455299
v -0.02398327 -0.02425199 0.09132399
v -0.00560391 -0.02467608 0.09435500
v -0.02701635 -0.02288522 0.09125199
v -0.00950042 -0.02506447 0.09404799
v -0.00279714 -0.02492779 0.09421499
v -0.01025352 -0.02565626 0.09351700
v 0.00215540 -0.02508434 0.09413199
v -0.01176288 -0.02619210 0.09279099
v -0.00886607 -0.02624194 0.09306200
v -0.00692924 -0.02576370 0.09359199
v -0.00382281 -0.02552446 0.09387199
v -0.00080441 -0.02606588 0.09350500
v -0.00446080 -0.02636717 0.09318700
v -0.00656539 -0.02666991 0.09267999
v -0.00939040 -0.02706771 0.09193800
v -0.00471055 -0.02716284 0.09211799
v -0.00130554 -0.02718504 0.09237900
v -0.00714519 -0.02721684 0.09169800
v 0.00122924 -0.02635769 0.09329200
v -0.00193313 -0.02761935 0.09164799
v 0.00006153 -0.02772405 0.09181700
v -0.00508148 -0.02743015 0.09121600
v -0.00870496 -0.02733911 0.09135999
v -0.00265672 -0.02782171 0.09063700
v -0.00785231 -0.02739577 0.09062300
v -0.01040430 -0.02750099 0.09074300
v -0.01151081 -0.02720295 0.09127600
v -0.01118127 -0.02779584 0.08822400
v -0.01327818 -0.02648860 0.09195399
v -0.01220068 -0.02747177 0.09003600
v -0.01672935 -0.02557445 0.09209900
v -0.01405923 -0.02663180 0.09093500
v -0.01953856 -0.02519026 0.09170299
v -0.01527876 -0.02626732 0.09099800
v -0.01724581 -0.02575718 0.09112099
v -0.02269779 -0.02515723 0.09014299
v -0.01963211 -0.02540042 0.09093300
v -0.02430426 -0.02442209 0.09020799
v -0.02195878 -0.02538944 0.08917599
v -0.02329692 -0.02527879 0.08731999
v -0.02534640 -0.02394170 0.08858399
v -0.01854245 -0.02560765 0.08895500
v -0.02218401 -0.02552849 0.08633899
v -0.01648125 -0.02604695 0.08813499
v -0.01959108 -0.02560577 0.08662200
v -0.01743636 -0.02586315 0.08618700
v -0.02233135 -0.02548659 0.08360499
v -0.01938323 -0.02560492 0.08326199
v -0.02340662 -0.02522245 0.08604999
v -0.02565773 -0.02382802 0.08609699
v -0.02339462 -0.02516345 0.08194400
v -0.02709501 -0.02299632 0.08894399
v -0.02533048 -0.02398866 0.08313700
v -0.02817634 -0.02246236 0.09106000
v -0.02745239 -0.02297063 0.08622800
v -0.03196441 -0.02140520 0.09091499
v -0.02851401 -0.02251566 0.08839700
v -0.03014615 -0.02198689 0.09029400
v -0.02736694 -0.02296128 0.08344600
v -0.02938459 -0.02232211 0.08554299
v -0.03100853 -0.02192502 0.08834900
v -0.03250683 -0.02155953 0.08966800
v -0.03354328 -0.02105549 0.09045700
v -0.03347643 -0.02143802 0.08823600
v -0.03092022 -0.02198314 0.08595500
v -0.03472663 -0.01972538 0.09186700
v -0.03326386 -0.02158474 0.08615700
v -0.03082771 -0.02196483 0.08255099
v -0.02901121 -0.02238174 0.08089399
v -0.03320181 -0.02153069 0.08146499
v -0.02776449 -0.02282295 0.08083500
v -0.03080860 -0.02194796 0.07990499
v -0.02905762 -0.02251413 0.07929100
v -0.02606382 -0.02357417 0.08143800
v -0.02691786 -0.02334419 0.07989799
v -0.02426783 -0.02485580 0.07939100
v -0.02687859 -0.02383777 0.07790500
v -0.03173151 -0.02200053 0.07783100
v -0.02993864 -0.02275721 0.07687600
v -0.03311478 -0.02156111 0.07918300
v -0.03130727 -0.02233705 0.07611000
v -0.03363002 -0.02137500 0.07795100
v -0.03443925 -0.02088593 0.07906199
v -0.02734867 -0.02383703 0.07633699
v -0.02519987 -0.02458184 0.07762400
v -0.02845074 -0.02334425 0.07462200
v -0.02255913 -0.02549854 0.07849800
v -0.02334777 -0.02515291 0.07684400
v -0.02489578 -0.02434916 0.07362500
v -0.02284151 -0.02543951 0.08013799
v -0.02214415 -0.02551391 0.08162800
v -0.02030667 -0.02595819 0.07953300
v -0.01855504 -0.02588042 0.08139399
v -0.01760592 -0.02588895 0.08263200
v -0.01661710 -0.02674322 0.07964700
v -0.01615706 -0.02619434 0.08340999
v -0.01665502 -0.02622088 0.08187300
v -0.01818061 -0.02646738 0.07811100
v -0.01497596 -0.02664680 0.08260400
v -0.01989450 -0.02580615 0.07492300
v -0.01368068 -0.02738564 0.08090999
v -0.01566879 -0.02701213 0.07891900
v -0.01414776 -0.02685061 0.08447799
v -0.01254749 -0.02761570 0.08260400
v -0.01305377 -0.02751595 0.07934299
v -0.01392020 -0.02692873 0.08702800
v -0.01201839 -0.02778706 0.08162300
v -0.01270029 -0.02751499 0.08488000
v -0.01159629 -0.02780871 0.08316999
v -0.01447865 -0.02662433 0.08924800
v -0.01263414 -0.02750504 0.08794699
v -0.01163224 -0.02777824 0.08653900
v -0.01006019 -0.02775244 0.08662499
v -0.01061401 -0.02783892 0.08290700
v -0.00835963 -0.02748786 0.08773900
v -0.00809788 -0.02750337 0.08485399
v -0.00597045 -0.02738740 0.08792800
v -0.00734426 -0.02763207 0.08302998
v -0.00372408 -0.02764132 0.08819799
v -0.00610092 -0.02751562 0.08420799
v -0.00423322 -0.02762509 0.08534099
v -0.00542086 -0.02782275 0.08224700
v -0.00457309 -0.02768615 0.08361399
v -0.00263050 -0.02799796 0.08459400
v -0.00776030 -0.02803124 0.08084300
v -0.00435708 -0.02806789 0.08196299
v -0.00265889 -0.02821839 0.08266000
v -0.00907645 -0.02801466 0.08006699
v -0.00604585 -0.02821254 0.08001600
v -0.00251016 -0.02843362 0.08103900
v -0.00169709 -0.02828662 0.08512600
v -0.00044983 -0.02850644 0.08363499
v -0.00273233 -0.02843491 0.07991700
v -0.00060139 -0.02838236 0.08826700
v -0.00610949 -0.02814750 0.07828900
v -0.00156053 -0.02813383 0.09011100
v 0.00018181 -0.02848232 0.08689899
v 0.00014052 -0.02835181 0.08955499
v -0.00125699 -0.02800738 0.09096700
v 0.00096555 -0.02797959 0.09122499
v 0.00160783 -0.02727776 0.09230499
v 0.00125447 -0.02814351 0.09043400
v 0.00334368 -0.02757243 0.09154500
v 0.00514402 -0.02692436 0.09251099
v 0.00163120 -0.02818501 0.08937099
v 0.00280788 -0.02785450 0.08963300
v 0.00454195 -0.02755961 0.09088699
v 0.00183581 -0.02823275 0.08592500
v 0.00550270 -0.02743837 0.09142099
v 0.00473389 -0.02751181 0.08900200
v 0.00331372 -0.02775309 0.08690499
v 0.00091971 -0.02843053 0.08499400
v 0.00284780 -0.02797031 0.08380299
v 0.00049050 -0.02855360 0.08262800
v 0.00215067 -0.02826646 0.08320800
v -0.00009776 -0.02859070 0.08163899
v 0.00284610 -0.02838892 0.08089499
v 0.00377387 -0.02818415 0.08185600
v 0.00493573 -0.02759423 0.08445499
v 0.00530124 -0.02780804 0.08243600
v 0.00613190 -0.02815195 0.08079000
v 0.00250095 -0.02836517 0.07932100
v -0.00053286 -0.02841797 0.07906800
v -0.00353948 -0.02813032 0.07701300
v 0.00053530 -0.02810766 0.07600300
v 0.00666905 -0.02814312 0.07929700
v 0.00416101 -0.02793240 0.07551800
v 0.00856773 -0.02802349 0.08090500
v 0.00749398 -0.02755358 0.08371099
v 0.00924088 -0.02796811 0.07944400
v 0.00645245 -0.02747867 0.08581300
v 0.01142531 -0.02785352 0.08281700
v 0.00738302 -0.02747715 0.09045899
v 0.00825492 -0.02751917 0.08769700
v 0.00738972 -0.02732573 0.09163000
v 0.01044465 -0.02779901 0.08385299
v 0.01046670 -0.02783662 0.08693100
v 0.01084331 -0.02780420 0.08955900
v 0.00845171 -0.02747017 0.09135299
v 0.01173135 -0.02788239 0.08730300
v 0.01188098 -0.02778839 0.08422200
v 0.01279313 -0.02754874 0.08261200
v 0.01285124 -0.02764728 0.08659599
v 0.01248932 -0.02763488 0.09018200
v 0.01266001 -0.02767040 0.08872499
v 0.01106084 -0.02756302 0.09088699
v 0.01416708 -0.02700430 0.08745800
v 0.01003427 -0.02706643 0.09203300
v 0.01397914 -0.02699406 0.08468699
v 0.01194180 -0.02734055 0.09134499
v 0.00812290 -0.02659404 0.09282300
v 0.01321158 -0.02610225 0.09273700
v 0.00574870 -0.02594259 0.09355099
v 0.01018440 -0.02537677 0.09377900
v 0.00463960 -0.02508505 0.09413199
v 0.01329625 -0.02492256 0.09379900
v 0.01596271 -0.02545365 0.09295600
v 0.01338481 -0.02671788 0.09187199
v 0.01712074 -0.02580180 0.09206100
v 0.01339974 -0.02708706 0.09109299
v 0.01562606 -0.02644382 0.09123299
v 0.01846919 -0.02581905 0.09119698
v 0.01740100 -0.02615759 0.09008799
v 0.01479501 -0.02682001 0.09010600
v 0.01675677 -0.02622416 0.08702699
v 0.01511146 -0.02655564 0.08422700
v 0.01447658 -0.02677935 0.08325599
v 0.01472536 -0.02706855 0.08033399
v 0.01234958 -0.02766465 0.08101499
v 0.01539620 -0.02695461 0.07873100
v 0.01239569 -0.02736918 0.07766300
v 0.01367138 -0.02677217 0.07459100
v 0.01522053 -0.02616304 0.07227500
v 0.01016582 -0.02725046 0.07402500
v 0.01193214 -0.02663901 0.07106900
v 0.01578182 -0.02535514 0.06661300
v 0.01384963 -0.02607326 0.06915900
v 0.01249565 -0.02593850 0.06632400
v 0.01878680 -0.02437213 0.06471000
v 0.01640888 -0.02480436 0.06328300
v 0.01947087 -0.02394550 0.06211400
v 0.02161500 -0.02322717 0.06057799
v 0.01660369 -0.02445034 0.06029000
v 0.02065271 -0.02335971 0.05880700
v 0.01887510 -0.02386209 0.05939500
v 0.02298634 -0.02261210 0.05637700
v 0.02033453 -0.02331591 0.05682200
v 0.02339936 -0.02240176 0.05370900
v 0.02116405 -0.02295102 0.05284200
v 0.02298876 -0.02247842 0.05057499
v 0.02591987 -0.02174109 0.04882800
v 0.02071580 -0.02296282 0.04950800
v 0.02897123 -0.02122209 0.04659999
v 0.02441353 -0.02212394 0.04585500
v 0.03084156 -0.02087749 0.04441500
v 0.02652843 -0.02172781 0.04356800
v 0.03367128 -0.02032525 0.04120000
v 0.02877061 -0.02141830 0.04071100
v 0.03471347 -0.01987138 0.03925400
v 0.03341654 -0.02043656 0.03857000
v 0.03391650 -0.02015449 0.03608900
v 0.03103754 -0.02097371 0.03902800
v 0.03253727 -0.02072927 0.03654600
v 0.02934082 -0.02140070 0.03646800
v 0.03459849 -0.01969439 0.03439899
v 0.03289409 -0.02059502 0.03324300
v 0.03154686 -0.02100740 0.03343400
v 0.03385316 -0.02006568 0.03176100
v 0.02644897 -0.02183313 0.03889400
v 0.03523213 -0.01896173 0.03116900
v 0.03250056 -0.02070826 0.03013500
v 0.03367462 -0.02007680 0.02821400
v 0.03623381 -0.01795835 0.03134000
v 0.03485585 -0.01916485 0.02804400
v 0.03713759 -0.01670701 0.03068000
v 0.03600299 -0.01800051 0.02811900
v 0.03704910 -0.01659558 0.02794900
v 0.03580302 -0.01819265 0.02582300
v 0.03739996 -0.01584066 0.02608099
v 0.03698805 -0.01667287 0.02452899
v 0.03785826 -0.01520630 0.02220200
v 0.03876093 -0.01223261 0.02156000
v 0.03865683 -0.01360395 0.01932400
v 0.03946893 -0.01116866 0.01778900
v 0.03826993 -0.01521157 0.01848800
v 0.04020895 -0.00900045 0.01584800
v 0.03915504 -0.01353840 0.01631000
v 0.04076737 -0.00785890 0.01395400
v 0.03986995 -0.01181580 0.01491500
v 0.04061021 -0.00998229 0.01322599
v 0.04121454 -0.00908835 0.01151600
v 0.04229726 -0.00680379 0.00894300
v 0.04122586 -0.01121917 0.01019400
v 0.04361951 -0.00414943 0.00609400
v 0.04212833 -0.00940019 0.00849899
v 0.04343809 -0.00832878 0.00556499
v 0.04467837 -0.00202856 0.00402300
v 0.04201243 -0.01176163 0.00753900
v 0.04509414 -0.00003558 0.00314400
v 0.04504045 -0.00496334 0.00276600
v 0.04566499 -0.00145225 0.00171599
v 0.04545698 0.00400810 0.00168499
v 0.04612952 0.00109580 0.00030100
v 0.04602853 -0.00333170 0.00037700
v 0.04663414 -0.00132914 -0.00112900
v 0.04625729 0.00397148 -0.00074000
v 0.04579743 -0.00590822 0.00050799
v 0.04613035 0.00714539 -0.00155700
v 0.04531184 0.00671174 0.00117800
v 0.04610303 0.00953285 -0.00283200
v 0.04430284 0.00975272 0.00260500
v 0.04440452 0.01159440 0.00117900
v 0.04544267 0.00927216 -0.00032301
v 0.04447145 0.01251221 -0.00012400
v 0.04539100 0.01077045 -0.00125700
v 0.04547459 0.01173007 -0.00277300
v 0.04450653 0.01353154 -0.00312201
v 0.04598238 0.01153409 -0.00488100
v 0.04637664 0.01139824 -0.00722900
v 0.04505357 0.01352529 -0.00653200
v 0.04664485 0.01126484 -0.00957100
v 0.04562673 0.01307125 -0.00955300
v 0.04647146 0.01192616 -0.01178100
v 0.04659817 0.01169746 -0.01381300
v 0.04498552 0.01402783 -0.01166000
v 0.04640189 0.01180577 -0.01793000
v 0.04587784 0.01286689 -0.01473800
v 0.04497398 0.01394691 -0.01529501
v 0.04602582 0.01184373 -0.02104800
v 0.04517418 0.01358165 -0.01770201
v 0.04570365 0.01269965 -0.01910900
v 0.04530120 0.01220454 -0.02417900
v 0.04472412 0.01341202 -0.02277400
v 0.04462698 0.01393559 -0.02013000
v 0.04377316 0.01493897 -0.01812600
v 0.04326889 0.01487709 -0.02341400
v 0.04415584 0.01367279 -0.02482400
v 0.04433792 0.01239725 -0.02778200
v 0.04310533 0.01387754 -0.02852301
v 0.04293550 0.01302187 -0.03112301
v 0.04225816 0.01508341 -0.02777401
v 0.04182396 0.01473105 -0.03051400
v 0.04128489 0.01360953 -0.03421000
v 0.04060823 0.01528621 -0.03279700
v 0.04111530 0.01567716 -0.02975200
v 0.04138636 0.01604445 -0.02616000
v 0.03976982 0.01548131 -0.03456300
v 0.03934042 0.01669888 -0.03196600
v 0.04011489 0.01430823 -0.03581900
v 0.03859271 0.01679031 -0.03410000
v 0.03866112 0.01584329 -0.03625299
v 0.03962191 0.01333878 -0.03783501
v 0.03851904 0.01497368 -0.03800200
v 0.03744747 0.01394130 -0.04074500
v 0.03668328 0.01677843 -0.03846901
v 0.03643139 0.01319064 -0.04252600
v 0.03709301 0.01543776 -0.03984400
v 0.03364793 0.01452099 -0.04502600
v 0.03453603 0.01506741 -0.04367901
v 0.03531891 0.01615932 -0.04168501
v 0.03519478 0.01704416 -0.04063801
v 0.03711082 0.01704345 -0.03704801
v 0.03488396 0.01807017 -0.03917399
v 0.03340553 0.01789382 -0.04205600
v 0.03629272 0.01804144 -0.03589400
v 0.03370499 0.01673358 -0.04324601
v 0.03308872 0.01867794 -0.04104101
v 0.03218333 0.01660382 -0.04517700
v 0.03082439 0.01805518 -0.04520301
v 0.03086121 0.01906072 -0.04369501
v 0.03398375 0.01893355 -0.03850000
v 0.03074800 0.02001480 -0.04170600
v 0.03252026 0.01959604 -0.03948101
v 0.03365530 0.01936519 -0.03699001
v 0.03691788 0.01800421 -0.03388300
v 0.03141857 0.02028421 -0.03770801
v 0.03859387 0.01732538 -0.03108101
v 0.03049317 0.02045866 -0.04027699
v 0.03415640 0.01924049 -0.03522601
v 0.03697829 0.01811327 -0.03210100
v 0.04011296 0.01656868 -0.02939400
v 0.03831841 0.01754660 -0.02937201
v 0.03974410 0.01691536 -0.02726400
v 0.03445233 0.01910074 -0.03228500
v 0.03563568 0.01860497 -0.02930500
v 0.03250737 0.01983182 -0.03411200
v 0.03253900 0.01968369 -0.03194401
v 0.03702177 0.01803398 -0.02654100
v 0.03220864 0.01949148 -0.02777200
v 0.02935488 0.02068437 -0.03367900
v 0.03029135 0.02064862 -0.03676901
v 0.02752999 0.02162411 -0.04042701
v 0.02722538 0.02154375 -0.03722001
v 0.02943821 0.02043281 -0.03103701
v 0.02598737 0.02155758 -0.03425401
v 0.02893589 0.02094369 -0.04167401
v 0.02538797 0.02219549 -0.03972701
v 0.02883174 0.02045776 -0.04361099
v 0.02563600 0.02234985 -0.04236800
v 0.02742286 0.02127959 -0.04343599
v 0.02851815 0.01970875 -0.04545700
v 0.02631397 0.02150802 -0.04461801
v 0.02393565 0.02304553 -0.04361099
v 0.02405195 0.02290491 -0.04247299
v 0.02616006 0.02067711 -0.04648400
v 0.02408890 0.02239819 -0.04547600
v 0.02199003 0.02366499 -0.04369400
v 0.02209474 0.02360968 -0.04569699
v 0.02158277 0.02326861 -0.04220901
v 0.02068926 0.02431925 -0.04535400
v 0.02111163 0.02368912 -0.04348401
v 0.02231851 0.02239140 -0.04763499
v 0.02010015 0.02433901 -0.04696800
v 0.02794403 0.01904208 -0.04704000
v 0.02313372 0.02108720 -0.04884600
v 0.02562613 0.01996948 -0.04808499
v 0.02026289 0.02258281 -0.04941300
v 0.02639497 0.01863281 -0.04883301
v 0.02311874 0.01980295 -0.05040201
v 0.02058903 0.02133954 -0.05077801
v 0.02888754 0.01762040 -0.04757800
v 0.02483860 0.01790942 -0.05055599
v 0.03099768 0.01704301 -0.04603500
v 0.02648590 0.01743941 -0.04967000
v 0.03076313 0.01553584 -0.04730000
v 0.02862500 0.01619573 -0.04874201
v 0.02956589 0.01375181 -0.04899900
v 0.02527637 0.01503268 -0.05169100
v 0.02655840 0.01387362 -0.05121001
v 0.02542483 0.01220380 -0.05276099
v 0.02385296 0.01352718 -0.05355301
v 0.02252877 0.01631956 -0.05318701
v 0.02233891 0.01207427 -0.05579500
v 0.02094992 0.01904948 -0.05263900
v 0.01926141 0.01125566 -0.05949901
v 0.02117871 0.01467971 -0.05534600
v 0.01777968 0.01066464 -0.06109000
v 0.01912698 0.01325514 -0.05834300
v 0.01665380 0.01344563 -0.06045401
v 0.01829748 0.01553662 -0.05746501
v 0.01999121 0.01697518 -0.05480101
v 0.01863995 0.01901535 -0.05432700
v 0.01966951 0.02065001 -0.05224500
v 0.01708623 0.01885357 -0.05567200
v 0.01811721 0.02234966 -0.05151900
v 0.01703956 0.02027153 -0.05447600
v 0.01647237 0.02184525 -0.05335200
v 0.01683734 0.02368271 -0.05081600
v 0.01756154 0.02514825 -0.04810700
v 0.01490819 0.02026913 -0.05592501
v 0.01842770 0.02505435 -0.04726400
v 0.01627930 0.02583593 -0.04768600
v 0.01772574 0.02528170 -0.04626101
v 0.01865972 0.02478965 -0.04528900
v 0.01540362 0.02579481 -0.04671701
v 0.01525011 0.02606529 -0.04869900
v 0.01384504 0.02643032 -0.04785500
v 0.01409716 0.02456991 -0.05163600
v 0.01357811 0.02650017 -0.04932000
v 0.01346648 0.02555897 -0.05070401
v 0.01310489 0.02286184 -0.05439500
v 0.01211399 0.02677727 -0.04987701
v 0.01415684 0.02178523 -0.05490999
v 0.01132687 0.02524285 -0.05247200
v 0.01175170 0.02632813 -0.05078100
v 0.01105108 0.02715241 -0.04913601
v 0.01042405 0.02701118 -0.05037500
v 0.00931575 0.02657560 -0.05170200
v 0.01269919 0.02641046 -0.04751101
v 0.00925591 0.02743532 -0.04991401
v 0.00863663 0.02740705 -0.05066001
v 0.00946282 0.02729318 -0.04880199
v 0.00674992 0.02785050 -0.04989300
v 0.00657585 0.02700533 -0.05212400
v 0.01076534 0.02677614 -0.04800600
v 0.00646260 0.02774433 -0.05089600
v 0.00709912 0.02597822 -0.05336500
v 0.00356553 0.02794201 -0.05135800
v 0.00932453 0.02385272 -0.05516200
v 0.00446078 0.02707206 -0.05257001
v 0.01031345 0.02255082 -0.05623401
v 0.00373816 0.02583290 -0.05434899
v 0.01209701 0.02110934 -0.05686901
v 0.00195200 0.02719401 -0.05272800
v 0.00402626 0.02420057 -0.05638700
v 0.00117436 0.02538505 -0.05518400
v 0.00667097 0.02342884 -0.05664901
v 0.00103307 0.02311478 -0.05802800
v 0.00754420 0.02099192 -0.05921400
v 0.00373254 0.02207539 -0.05901400
v 0.00584702 0.02043586 -0.06038300
v 0.00971704 0.01990449 -0.05946701
v 0.00751611 0.01913422 -0.06114901
v 0.00387979 0.02046699 -0.06080200
v 0.01084055 0.01898109 -0.05982400
v 0.00557128 0.01967622 -0.06118100
v 0.00089986 0.02085847 -0.06070101
v 0.00289308 0.01995699 -0.06135101
v 0.00958331 0.01825349 -0.06113700
v 0.00639372 0.01783880 -0.06217500
v 0.00783891 0.01734051 -0.06214899
v 0.00488649 0.01831888 -0.06217500
v 0.00728253 0.01742459 -0.06240600
v 0.00561159 0.01800783 -0.06243200
v 0.00376939 0.01841284 -0.06228400
v 0.00616214 0.01847050 -0.06356000
v 0.00876593 0.01673734 -0.06225500
v 0.00732630 0.01813169 -0.06372600
v 0.01147187 0.01712594 -0.06115001
v 0.00909291 0.01733618 -0.06377001
v 0.01032968 0.01597579 -0.06220601
v 0.01058934 0.01572761 -0.06252601
v 0.01160526 0.01493462 -0.06229900
v 0.01291346 0.01819571 -0.05936300
v 0.01364606 0.01583694 -0.06092100
v 0.01442108 0.01711252 -0.05930700
v 0.01567019 0.01564044 -0.05960800
v 0.01503242 0.01424032 -0.06112000
v 0.01261851 0.01419165 -0.06230101
v 0.01632357 0.01219418 -0.06131900
v 0.01327108 0.01344099 -0.06226901
v 0.01470384 0.01258839 -0.06194901
v 0.01722278 0.00964954 -0.06167500
v 0.01557184 0.01117053 -0.06215600
v 0.01392701 0.01289532 -0.06227201
v 0.01684442 0.00891172 -0.06217300
v 0.01618163 0.01007084 -0.06222099
v 0.01710116 0.00996189 -0.06372101
v 0.01576308 0.01096333 -0.06250801
v 0.01470163 0.01212763 -0.06235100
v 0.01552829 0.01214283 -0.06372700
v 0.01372658 0.01404829 -0.06358500
v 0.01581460 0.01189855 -0.06469000
v 0.01209560 0.01511214 -0.06305400
v 0.01410913 0.01376967 -0.06454500
v 0.01061062 0.01640733 -0.06360900
v 0.01212550 0.01550248 -0.06418799
v 0.01081949 0.01642079 -0.06520801
v 0.01296841 0.01488288 -0.06689100
v 0.01201786 0.01583498 -0.06786600
v 0.00928174 0.01736901 -0.06613200
v 0.01480122 0.01298160 -0.06829100
v 0.01303375 0.01504960 -0.06894300
v 0.01031518 0.01697815 -0.06885700
v 0.01144777 0.01627577 -0.07055000
v 0.00794354 0.01799136 -0.06609200
v 0.00897213 0.01767099 -0.06850500
v 0.00590995 0.01872095 -0.06441901
v 0.00750434 0.01832336 -0.06898001
v 0.00368927 0.01921707 -0.06371799
v 0.00519822 0.01884598 -0.06759100
v 0.00235711 0.01858428 -0.06233400
v 0.00353324 0.01934088 -0.06516601
v 0.00133691 0.01871967 -0.06233701
v 0.00119185 0.01912780 -0.06289000
v 0.00144183 0.01955292 -0.06390000
v 0.00244211 0.01940643 -0.06731300
v -0.00007762 0.01874759 -0.06235000
v 0.00062345 0.01964935 -0.06614300
v -0.00094482 0.01955567 -0.06372201
v 0.00429835 0.01904218 -0.06998400
v -0.00010855 0.01922242 -0.06202500
v 0.00668246 0.01859836 -0.07042801
v -0.00153292 0.02076022 -0.06071500
v 0.00869774 0.01784612 -0.07145100
v 0.00531716 0.01904427 -0.07184900
v 0.00959949 0.01741121 -0.07309000
v 0.00720098 0.01848907 -0.07324001
v 0.00302489 0.01950995 -0.07108200
v 0.00379662 0.01942137 -0.07294701
v 0.00109966 0.01973727 -0.06843000
v 0.00036446 0.01977884 -0.07086500
v -0.00109138 0.01975042 -0.06869499
v -0.00152585 0.01955353 -0.06568601
v 0.00106923 0.01988055 -0.07331501
v -0.00293261 0.01938478 -0.06382501
v 0.00310571 0.01941372 -0.07375601
v -0.00095633 0.01904997 -0.06282400
v 0.00531730 0.01881173 -0.07422699
v -0.00139947 0.01858951 -0.06230101
v -0.00225132 0.01856870 -0.06243700
v -0.00222489 0.01946786 -0.06170101
v -0.00294954 0.01854895 -0.06222199
v -0.00361149 0.01829218 -0.06227699
v -0.00367640 0.02001011 -0.06116000
v -0.00530537 0.01867551 -0.06341901
v -0.00482417 0.01804322 -0.06229600
v -0.00342773 0.02103872 -0.06013201
v -0.00428288 0.01912904 -0.06396901
v -0.00133643 0.02267680 -0.05850301
v -0.00146089 0.02471767 -0.05600600
v -0.00402917 0.02389585 -0.05663400
v -0.00111933 0.02724731 -0.05270300
v -0.00409834 0.02695506 -0.05274501
v 0.00112939 0.02805595 -0.05144400
v -0.00187074 0.02802362 -0.05135000
v 0.00212236 0.02819937 -0.05028999
v 0.00033035 0.02821586 -0.05048600
v 0.00417255 0.02805914 -0.05016700
v -0.00055727 0.02798537 -0.04978399
v 0.00225233 0.02790410 -0.04962501
v 0.00469375 0.02778468 -0.04949100
v 0.00756847 0.02736290 -0.04889501
v 0.00279098 0.02717682 -0.04882101
v 0.00815221 0.02669579 -0.04810501
v 0.00554035 0.02708420 -0.04860300
v -0.00061630 0.02724997 -0.04895600
v 0.00939979 0.02581641 -0.04728499
v 0.00656987 0.02626697 -0.04798501
v 0.00370446 0.02638821 -0.04828200
v 0.01165219 0.02533615 -0.04655700
v 0.00841517 0.02561079 -0.04707100
v 0.00559641 0.02591103 -0.04768500
v 0.00674036 0.02564490 -0.04709900
v 0.00931663 0.02537480 -0.04593201
v 0.01417683 0.02495978 -0.04581901
v 0.01185640 0.02510063 -0.04581701
v 0.01643673 0.02443831 -0.04479400
v 0.01445909 0.02470852 -0.04518301
v 0.01864330 0.02399597 -0.04381701
v 0.01596817 0.02437865 -0.04287200
v 0.01961481 0.02366398 -0.04231200
v 0.01361163 0.02474668 -0.04234000
v 0.02070016 0.02325977 -0.03941701
v 0.01840081 0.02379581 -0.04031601
v 0.01448113 0.02444821 -0.03922700
v 0.01751446 0.02376791 -0.03710300
v 0.02239838 0.02268449 -0.03706000
v 0.02178195 0.02255288 -0.03365501
v 0.01921556 0.02311754 -0.03308701
v 0.02458524 0.02171712 -0.03155200
v 0.01969738 0.02276310 -0.02926300
v 0.02711876 0.02086006 -0.02827001
v 0.02432378 0.02153369 -0.02773500
v 0.02755741 0.02060868 -0.02505400
v 0.03177708 0.01947804 -0.02438101
v 0.02087541 0.02232389 -0.02642200
v 0.03458478 0.01865778 -0.02303300
v 0.02389161 0.02150856 -0.02392200
v 0.02948641 0.02001148 -0.02208000
v 0.02626781 0.02084647 -0.02086801
v 0.03196652 0.01933571 -0.01984700
v 0.02752779 0.02051587 -0.01825100
v 0.02295915 0.02167405 -0.02029100
v 0.02446888 0.02130480 -0.01705601
v 0.02114048 0.02214729 -0.02155500
v 0.02135003 0.02211374 -0.01584000
v 0.01772051 0.02296346 -0.02219601
v 0.01849426 0.02278494 -0.01905801
v 0.01642560 0.02332951 -0.02645700
v 0.01531967 0.02346001 -0.02125900
v 0.01505199 0.02382241 -0.03059300
v 0.01427757 0.02370247 -0.02375900
v 0.01276816 0.02405203 -0.02741900
v 0.01257647 0.02397153 -0.02187201
v 0.01603718 0.02378879 -0.03344900
v 0.01318179 0.02423821 -0.03278199
v 0.01481068 0.02419317 -0.03575500
v 0.01158186 0.02433614 -0.02969100
v 0.01129653 0.02456480 -0.03352100
v 0.01161811 0.02479006 -0.03731201
v 0.01010983 0.02504246 -0.03968401
v 0.00870291 0.02495525 -0.03475901
v 0.00968498 0.02528797 -0.04337601
v 0.00754699 0.02522646 -0.03768400
v 0.00738378 0.02530009 -0.04018300
v 0.00644616 0.02559162 -0.04512001
v 0.00597012 0.02552970 -0.04224401
v 0.00520357 0.02544878 -0.03838200
v 0.00416868 0.02553934 -0.04039700
v 0.00289333 0.02575696 -0.04455700
v 0.00365502 0.02576499 -0.04728001
v 0.00346097 0.02590928 -0.04773801
v 0.00135169 0.02578235 -0.04752001
v 0.00091097 0.02625405 -0.04826700
v -0.00003850 0.02575757 -0.04451900
v -0.00149605 0.02637518 -0.04838400
v -0.00086698 0.02596584 -0.04797200
v -0.00160415 0.02578011 -0.04746799
v -0.00307215 0.02588939 -0.04789801
v -0.00345979 0.02722068 -0.04888300
v -0.00496011 0.02627362 -0.04817400
v -0.00500546 0.02560628 -0.04726600
v -0.00641550 0.02581372 -0.04769899
v -0.00648649 0.02682375 -0.04845501
v -0.00298959 0.02798035 -0.04989100
v -0.00524848 0.02752909 -0.04919200
v -0.00256364 0.02809829 -0.05039701
v -0.00490170 0.02794680 -0.05007300
v -0.00410412 0.02790374 -0.05118300
v -0.00631802 0.02769411 -0.04962200
v -0.00666373 0.02764748 -0.05086301
v -0.00858216 0.02708974 -0.04862400
v -0.00860733 0.02745784 -0.04943001
v -0.00694542 0.02682518 -0.05213901
v -0.00971245 0.02716539 -0.05035900
v -0.00602329 0.02486941 -0.05490900
v -0.01009172 0.02634866 -0.05143600
v -0.00618693 0.02222405 -0.05804000
v -0.00859764 0.02523103 -0.05354401
v -0.00802485 0.02340181 -0.05601100
v -0.00531680 0.02053478 -0.06022201
v -0.00719186 0.02110038 -0.05895700
v -0.00632123 0.01948911 -0.06100401
v -0.01009894 0.02483191 -0.05336901
v -0.01046144 0.02194071 -0.05655399
v -0.00915377 0.01937044 -0.05998000
v -0.01208971 0.02510443 -0.05195500
v -0.01305592 0.02276932 -0.05421401
v -0.01271006 0.02648127 -0.04971500
v -0.01446756 0.02434734 -0.05138801
v -0.01198291 0.02080817 -0.05689501
v -0.01681566 0.02209149 -0.05246699
v -0.01496565 0.02151805 -0.05432401
v -0.01201742 0.01822641 -0.05948500
v -0.01362021 0.01952815 -0.05715501
v -0.01546393 0.01984255 -0.05557401
v -0.01499621 0.01707476 -0.05845800
v -0.01716446 0.02070669 -0.05365800
v -0.01743300 0.01828511 -0.05545700
v -0.01358577 0.01618492 -0.06027499
v -0.01964639 0.02065646 -0.05193000
v -0.01069702 0.01728571 -0.06113300
v -0.01464241 0.01489852 -0.06051399
v -0.00761872 0.01874601 -0.06118400
v -0.01287310 0.01559888 -0.06110900
v -0.00593565 0.01776652 -0.06215001
v -0.01674809 0.01498734 -0.05873700
v -0.00704802 0.01748258 -0.06203500
v -0.00669008 0.01744798 -0.06245400
v -0.00798227 0.01691446 -0.06218300
v -0.00830674 0.01672845 -0.06248901
v -0.00907514 0.01634631 -0.06219100
v -0.01066854 0.01528232 -0.06224000
v -0.00957538 0.01603285 -0.06240400
v -0.00756122 0.01780145 -0.06335999
v -0.01073325 0.01603331 -0.06341801
v -0.00635232 0.01853545 -0.06412801
v -0.00892102 0.01726731 -0.06364201
v -0.00839950 0.01769232 -0.06441200
v -0.00472637 0.01903375 -0.06608300
v -0.01017392 0.01664976 -0.06403601
v -0.00690091 0.01826424 -0.06744600
v -0.01023161 0.01666230 -0.06679700
v -0.00342853 0.01937584 -0.06651800
v -0.00488457 0.01914219 -0.06860201
v -0.00339349 0.01949677 -0.06889500
v -0.00148623 0.01971596 -0.07035301
v -0.00435033 0.01926957 -0.07042101
v -0.00383641 0.01946424 -0.07204199
v -0.00216997 0.01972265 -0.07316000
v -0.00575115 0.01886147 -0.07012701
v -0.00769946 0.01790576 -0.06999601
v -0.00618760 0.01878275 -0.07220400
v -0.00839680 0.01782154 -0.07161800
v -0.01041297 0.01678273 -0.06975300
v -0.00439844 0.01947358 -0.07324900
v -0.00792050 0.01807346 -0.07353600
v -0.00606306 0.01872553 -0.07376801
v -0.00966595 0.01723479 -0.07257299
v -0.00460617 0.01924781 -0.07370399
v -0.00711128 0.01823186 -0.07423700
v -0.00296737 0.01941040 -0.07388401
v -0.00545192 0.01833793 -0.07477400
v -0.00368515 0.01863306 -0.07491800
v -0.00808761 0.01787172 -0.07419800
v -0.00729682 0.01762839 -0.07489300
v -0.00452512 0.01791085 -0.07534500
v -0.01073754 0.01647619 -0.07360901
v -0.00643669 0.01719267 -0.07537201
v -0.01197433 0.01579423 -0.07247999
v -0.01065973 0.01622698 -0.07436800
v -0.01141951 0.01615947 -0.06829000
v -0.01218069 0.01543859 -0.07372700
v -0.01152227 0.01591738 -0.06703500
v -0.00983482 0.01629181 -0.07488600
v -0.01144219 0.01588339 -0.06499300
v -0.00913748 0.01595887 -0.07532999
v -0.01252210 0.01494908 -0.06382700
v -0.01291230 0.01471058 -0.06622499
v -0.01175839 0.01445000 -0.06227901
v -0.01254358 0.01379796 -0.06224101
v -0.01389103 0.01371267 -0.06155800
v -0.01354706 0.01399577 -0.06375100
v -0.01323336 0.01316083 -0.06226600
v -0.01609585 0.01296905 -0.06070200
v -0.01408688 0.01218147 -0.06220700
v -0.01453664 0.01253208 -0.06312800
v -0.01507228 0.01095283 -0.06215001
v -0.01488637 0.01258601 -0.06379000
v -0.01629941 0.01074150 -0.06364100
v -0.01490656 0.01273038 -0.06591200
v -0.01650631 0.01061749 -0.06482100
v -0.01423764 0.01355127 -0.06678600
v -0.01364413 0.01430966 -0.06860600
v -0.01511427 0.01276314 -0.06832701
v -0.01415377 0.01390241 -0.07155399
v -0.01349992 0.01441139 -0.07320499
v -0.01619893 0.01099869 -0.06695100
v -0.01295361 0.01435223 -0.07448200
v -0.01501573 0.01282126 -0.07324301
v -0.01185605 0.01489558 -0.07479599
v -0.01457440 0.01285772 -0.07434401
v -0.01098923 0.01487744 -0.07521099
v -0.01251357 0.01377653 -0.07518501
v -0.01390250 0.01266703 -0.07505100
v -0.01240472 0.01294271 -0.07540899
v -0.01023398 0.01408972 -0.07546200
v -0.00848953 0.01536879 -0.07548401
v -0.01291943 0.01108516 -0.07547100
v -0.00595239 0.01600720 -0.07550800
v -0.01395401 0.01119949 -0.07542501
v -0.00903533 0.01209695 -0.07541901
v -0.01527236 0.01105731 -0.07506701
v -0.00625174 0.01296535 -0.07544899
v -0.00982755 0.01044302 -0.07540501
v -0.00836874 0.01097751 -0.07553699
v -0.01264577 0.00967732 -0.07542400
v -0.01031225 0.00848473 -0.07574501
v -0.01118065 0.00869365 -0.07545301
v -0.01516517 0.00771145 -0.07545601
v -0.01303820 0.00636754 -0.07541500
v -0.01233083 0.00537744 -0.07573601
v -0.01569462 0.00911814 -0.07537701
v -0.01469754 0.00421150 -0.07540001
v -0.01668561 0.00813739 -0.07521301
v -0.01386845 0.00325990 -0.07546101
v -0.01706468 0.00441890 -0.07553600
v -0.01480867 0.00115494 -0.07535301
v -0.01727639 0.00837078 -0.07480001
v -0.01769729 0.00566190 -0.07517300
v -0.01702435 0.00123287 -0.07540001
v -0.01848747 0.00345740 -0.07511900
v -0.01826828 0.00196729 -0.07531301
v -0.01861723 0.00566238 -0.07456499
v -0.01895231 0.00160475 -0.07504702
v -0.01907294 0.00329635 -0.07471201
v -0.01819309 -0.00010264 -0.07531301
v -0.01967257 0.00316848 -0.07378201
v -0.01949471 0.00280945 -0.07430201
v -0.01870500 0.00662522 -0.07404800
v -0.01961064 -0.00037870 -0.07452700
v -0.01779708 0.00850054 -0.07380001
v -0.01912735 -0.00176363 -0.07497301
v -0.01659686 0.01007146 -0.07440701
v -0.01602247 0.01134529 -0.07396601
v -0.01739202 0.00960834 -0.07294500
v -0.01628609 0.01133335 -0.07304199
v -0.01578490 0.01205596 -0.07133900
v -0.01653165 0.01099543 -0.07113401
v -0.01599163 0.01157663 -0.06928301
v -0.01732250 0.00921164 -0.06951000
v -0.01831659 0.00794975 -0.07063601
v -0.01846449 0.00754756 -0.07312300
v -0.01710301 0.00952912 -0.06662601
v -0.01931977 0.00525881 -0.07305302
v -0.01893718 0.00648260 -0.07067400
v -0.01834538 0.00765670 -0.06977701
v -0.01828814 0.00735647 -0.06671100
v -0.01768793 0.00856828 -0.06470000
v -0.01902979 0.00611344 -0.06807701
v -0.01954381 0.00469774 -0.07099300
v -0.01987907 0.00311708 -0.07232300
v -0.01879419 0.00617965 -0.06634600
v -0.01999049 0.00112962 -0.07369900
v -0.02013416 0.00151543 -0.07210100
v -0.02012442 -0.00057560 -0.07342400
v -0.01994424 0.00294051 -0.06898300
v -0.02019647 0.00058805 -0.07102400
v -0.01981334 -0.00281410 -0.07406200
v -0.02018468 -0.00160053 -0.07169401
v -0.02002529 -0.00333901 -0.07290199
v -0.02010528 0.00087199 -0.06843700
v -0.01936976 0.00426319 -0.06584900
v -0.01987801 0.00197813 -0.06625400
v -0.01886636 0.00574857 -0.06415600
v -0.01943413 0.00377884 -0.06473000
v -0.01758273 0.00856273 -0.06360301
v -0.01918114 0.00420594 -0.06350400
v -0.01647993 0.00956121 -0.06288000
v -0.01848019 0.00616694 -0.06330100
v -0.01594461 0.00964251 -0.06210501
v -0.01975422 0.00172461 -0.06372700
v -0.01650088 0.00874664 -0.06207701
v -0.01714065 0.01103232 -0.06093101
v -0.01710578 0.00763894 -0.06236500
v -0.01823647 0.01230246 -0.05929501
v -0.01769156 0.00613094 -0.06228499
v -0.01863845 0.01523027 -0.05688701
v -0.01834175 0.00411037 -0.06215600
v -0.01732253 0.00709759 -0.06200800
v -0.01792583 0.00575564 -0.06188000
v -0.01918982 0.00273435 -0.06287501
v -0.01834567 0.00902781 -0.06082801
v -0.01913831 0.00734473 -0.06078101
v -0.01867836 0.01057043 -0.05987000
v -0.02010215 0.00883369 -0.05934001
v -0.02131948 0.01117658 -0.05688001
v -0.02059489 0.01329052 -0.05636200
v -0.02266721 0.01246240 -0.05483300
v -0.02198526 0.01498008 -0.05402699
v -0.02344631 0.00971328 -0.05535501
v -0.02030031 0.01683303 -0.05426201
v -0.01916378 0.01923923 -0.05347200
v -0.02103073 0.01863899 -0.05257700
v -0.02141212 0.01968300 -0.05152600
v -0.02346251 0.01783418 -0.05134400
v -0.02420714 0.01533006 -0.05208600
v -0.02123829 0.02097803 -0.05033600
v -0.02343691 0.01378423 -0.05345799
v -0.02473924 0.01121266 -0.05345301
v -0.02591920 0.01274014 -0.05187700
v -0.02762784 0.01624432 -0.04926701
v -0.02544966 0.01838653 -0.04953801
v -0.02341217 0.02005397 -0.04957900
v -0.02753351 0.01789465 -0.04827901
v -0.02616514 0.01910414 -0.04833100
v -0.02215273 0.02158780 -0.04876601
v -0.02442027 0.02082952 -0.04768301
v -0.01776522 0.02336581 -0.05021801
v -0.01547837 0.02529568 -0.04933701
v -0.01944727 0.02401244 -0.04771600
v -0.01439116 0.02613456 -0.04888901
v -0.01687234 0.02548978 -0.04790501
v -0.01179113 0.02684948 -0.04921101
v -0.01485484 0.02606849 -0.04778100
v -0.01123967 0.02685875 -0.04850301
v -0.01349471 0.02628093 -0.04769401
v -0.01189742 0.02641226 -0.04772100
v -0.01448667 0.02576881 -0.04689000
v -0.01639949 0.02537272 -0.04629801
v -0.01086481 0.02538731 -0.04687600
v -0.01772485 0.02512705 -0.04628901
v -0.01319782 0.02506855 -0.04630501
v -0.01490655 0.02458256 -0.04555799
v -0.01804161 0.02468790 -0.04539300
v -0.01870203 0.02485960 -0.04690400
v -0.01937301 0.02433073 -0.04491500
v -0.02133989 0.02354368 -0.04644700
v -0.02019582 0.02430412 -0.04574100
v -0.02314427 0.02178816 -0.04739201
v -0.02421984 0.02206437 -0.04563601
v -0.02253578 0.02337777 -0.04474900
v -0.02127043 0.02369454 -0.04406099
v -0.01797418 0.02413783 -0.04462301
v -0.01904977 0.02362319 -0.04347100
v -0.02270037 0.02309240 -0.04298201
v -0.01615951 0.02417472 -0.04430401
v -0.01338534 0.02465493 -0.04492601
v -0.01587753 0.02404308 -0.04136800
v -0.01116248 0.02500850 -0.04606900
v -0.01030926 0.02493531 -0.04194700
v -0.00772562 0.02541710 -0.04704201
v -0.00604627 0.02547557 -0.04432901
v -0.00851466 0.02591281 -0.04761001
v -0.00205010 0.02567391 -0.04316501
v -0.00387944 0.02551289 -0.04171600
v 0.00072974 0.02561724 -0.04084700
v -0.00160085 0.02554731 -0.03970100
v -0.00652430 0.02522981 -0.04042701
v -0.00364307 0.02539409 -0.03804300
v 0.00002421 0.02547022 -0.03675500
v 0.00273581 0.02551638 -0.03776800
v 0.00461336 0.02529193 -0.03502501
v 0.00142369 0.02531724 -0.03411901
v -0.00215614 0.02523983 -0.03411300
v 0.00287438 0.02516207 -0.03126400
v 0.00514768 0.02509445 -0.03197001
v 0.00791283 0.02480610 -0.03012800
v 0.00412609 0.02502185 -0.02831301
v 0.00837652 0.02467771 -0.02748800
v -0.00034486 0.02515866 -0.03138901
v 0.00107711 0.02510476 -0.02897600
v -0.00267021 0.02509086 -0.03197400
v -0.00146000 0.02502691 -0.02909000
v -0.00628206 0.02485866 -0.03336401
v -0.00388138 0.02486081 -0.02887200
v -0.00111978 0.02495311 -0.02630900
v 0.00147219 0.02499899 -0.02591600
v -0.00232301 0.02485440 -0.02421000
v 0.00354954 0.02494066 -0.02458100
v 0.00001477 0.02497451 -0.02397500
v 0.00546453 0.02482743 -0.02421101
v 0.00392511 0.02493225 -0.02203100
v 0.00825248 0.02459023 -0.02312600
v 0.00616948 0.02476067 -0.02108800
v 0.01045811 0.02434274 -0.02431300
v 0.00953769 0.02444447 -0.02068400
v 0.01131511 0.02416582 -0.01818601
v 0.00844082 0.02453744 -0.01828100
v 0.01378445 0.02375643 -0.01829600
v 0.00930077 0.02445704 -0.01460300
v 0.01756597 0.02299863 -0.01598101
v 0.01181082 0.02408469 -0.01587900
v 0.01462754 0.02361583 -0.01561300
v 0.01875766 0.02278611 -0.01369201
v 0.01327496 0.02391513 -0.01249801
v 0.01597132 0.02339307 -0.01336100
v 0.01105285 0.02425433 -0.01247101
v 0.01285648 0.02402975 -0.00958000
v 0.01777127 0.02305489 -0.01047600
v 0.00834021 0.02458449 -0.01190600
v 0.00685536 0.02470526 -0.01574900
v 0.00432201 0.02486916 -0.01944901
v 0.00283815 0.02493085 -0.01604200
v 0.00137521 0.02490871 -0.01947101
v 0.00368512 0.02492223 -0.01343201
v -0.00085077 0.02488563 -0.02180800
v -0.00018281 0.02488781 -0.01519700
v -0.00163949 0.02483694 -0.01830900
v -0.00363031 0.02470753 -0.02233000
v -0.00501700 0.02465519 -0.02571100
v -0.00484643 0.02457844 -0.01949000
v -0.00756543 0.02450717 -0.02979001
v -0.00647358 0.02438700 -0.02162700
v -0.00837741 0.02419894 -0.02523901
v -0.00910377 0.02396190 -0.01943900
v -0.00365337 0.02465322 -0.01577400
v -0.00619007 0.02438181 -0.01604401
v -0.00047067 0.02489811 -0.01151200
v -0.00517615 0.02450547 -0.01250200
v 0.00387116 0.02492800 -0.01056001
v -0.00887443 0.02397753 -0.01398100
v -0.00258095 0.02475857 -0.00890100
v 0.00048473 0.02493254 -0.00817801
v 0.00415299 0.02491374 -0.00734100
v -0.00521046 0.02451678 -0.00767400
v 0.00729702 0.02472203 -0.00768500
v -0.00039209 0.02491689 -0.00609301
v 0.01007830 0.02444096 -0.00815901
v -0.00322459 0.02471130 -0.00494801
v 0.00319191 0.02496320 -0.00460800
v -0.00035947 0.02493999 -0.00302800
v 0.00545977 0.02487507 -0.00380501
v 0.00345202 0.02496686 -0.00132300
v 0.00931413 0.02458065 -0.00281700
v 0.00649848 0.02485241 -0.00173301
v 0.01081728 0.02436736 -0.00484800
v 0.01367195 0.02393672 -0.00625300
v 0.01278784 0.02413167 -0.00219000
v 0.01675485 0.02338856 -0.00605500
v 0.01619637 0.02358543 -0.00234500
v 0.01241199 0.02425970 0.00070100
v 0.01974383 0.02265756 -0.00914201
v 0.00983130 0.02459360 0.00105300
v 0.00686203 0.02482846 0.00073200
v 0.00786677 0.02483325 0.00356100
v 0.00498243 0.02499947 0.00234400
v 0.00833792 0.02486574 0.00447700
v 0.00624739 0.02497746 0.00444499
v 0.00513038 0.02496926 0.00390699
v 0.00666859 0.02479759 0.00516999
v 0.00525343 0.02496483 0.00533099
v 0.00302660 0.02507791 0.00438200
v 0.00165961 0.02506175 0.00585700
v 0.00234978 0.02494478 0.00520200
v 0.00250484 0.02502345 0.00361000
v 0.00086565 0.02504678 0.00419900
v 0.00021434 0.02497887 0.00532700
v -0.00058194 0.02498662 0.00594000
v 0.00111108 0.02504146 0.00199699
v -0.00137362 0.02492071 0.00403900
v -0.00176583 0.02484385 0.00525599
v -0.00343039 0.02479974 0.00556800
v -0.00304676 0.02481289 0.00400100
v -0.00334854 0.02482366 0.00312599
v -0.00449788 0.02463690 0.00385400
v -0.00643208 0.02449757 0.00619400
v -0.00612489 0.02447907 0.00455000
v -0.00625264 0.02451592 0.00290899
v -0.00733557 0.02429879 0.00508000
v -0.00810911 0.02430123 0.00915900
v -0.00896522 0.02418337 0.00570000
v -0.00863926 0.02412975 0.00424800
v -0.00908049 0.02414213 0.00256400
v -0.00626047 0.02446166 0.00147000
v -0.00195435 0.02487064 0.00204100
v -0.00207770 0.02488715 0.00081900
v 0.00166384 0.02497957 -0.00004300
v -0.00438055 0.02465227 -0.00123601
v -0.00656106 0.02439589 -0.00277800
v -0.00840417 0.02415380 -0.00066600
v -0.00602676 0.02442873 -0.00505800
v -0.00886783 0.02404426 -0.00441800
v -0.00783263 0.02416432 -0.00800601
v -0.00811720 0.02413628 -0.01080700
v -0.01044767 0.02384143 -0.00640401
v -0.01030887 0.02379989 -0.00907900
v -0.01007676 0.02385020 -0.01147100
v -0.01194199 0.02362511 -0.00271400
v -0.01310799 0.02339653 -0.00870700
v -0.01201219 0.02353649 -0.01158900
v -0.01182851 0.02358020 -0.01381100
v -0.01080723 0.02370073 -0.01583100
v -0.01375970 0.02317669 -0.01490400
v -0.01491597 0.02305805 -0.01182800
v -0.01360146 0.02321165 -0.01676300
v -0.01613384 0.02282759 -0.01518001
v -0.01278962 0.02337111 -0.01925300
v -0.01248567 0.02345502 -0.02254300
v -0.01663728 0.02271647 -0.01785700
v -0.01570090 0.02286218 -0.02099300
v -0.01082177 0.02380468 -0.02506500
v -0.01499524 0.02308627 -0.02549200
v -0.01032255 0.02403383 -0.02859900
v -0.01416850 0.02338064 -0.02847600
v -0.00999214 0.02432596 -0.03264299
v -0.01289023 0.02383533 -0.03225500
v -0.01038168 0.02461624 -0.03709201
v -0.00622752 0.02518423 -0.03835001
v -0.00895436 0.02495116 -0.03998199
v -0.01377810 0.02420569 -0.03915200
v -0.01570657 0.02366524 -0.03614601
v -0.01913152 0.02326679 -0.03931000
v -0.01962358 0.02271413 -0.03343300
v -0.02296041 0.02264873 -0.04120900
v -0.02147037 0.02250945 -0.03540201
v -0.02238422 0.02253452 -0.03834001
v -0.02427054 0.02274857 -0.04306201
v -0.02543463 0.02204335 -0.04040300
v -0.02474030 0.02182359 -0.03605800
v -0.02584757 0.02165917 -0.04424400
v -0.02732059 0.02151094 -0.04038801
v -0.02802938 0.02022246 -0.04478600
v -0.02621663 0.02183646 -0.04280601
v -0.02921665 0.02052219 -0.04238000
v -0.02835523 0.02111579 -0.04100700
v -0.02745064 0.02137603 -0.03790200
v -0.02945172 0.02083598 -0.03875100
v -0.03023289 0.02050054 -0.04003001
v -0.02788078 0.02106649 -0.03509500
v -0.03029136 0.02051124 -0.03572401
v -0.03237382 0.01984604 -0.03674999
v -0.02414452 0.02181187 -0.03366199
v -0.03006629 0.02039397 -0.03283901
v -0.02821979 0.02083342 -0.03243601
v -0.03204710 0.01995287 -0.03471500
v -0.03360983 0.01939623 -0.03174100
v -0.03439983 0.01910908 -0.03425000
v -0.03128196 0.01998441 -0.03043600
v -0.02611728 0.02120548 -0.03043600
v -0.02800155 0.02071798 -0.02842100
v -0.02238553 0.02200166 -0.03060901
v -0.02193506 0.02194191 -0.02768500
v -0.01985763 0.02250060 -0.03080700
v -0.01696172 0.02294001 -0.02939400
v -0.01803858 0.02263992 -0.02710600
v -0.02525092 0.02124512 -0.02579901
v -0.02204483 0.02186248 -0.02535400
v -0.01841636 0.02248957 -0.02407100
v -0.01801147 0.02250674 -0.02048700
v -0.02114283 0.02196304 -0.02186100
v -0.01982566 0.02218177 -0.01917601
v -0.02340529 0.02155458 -0.02215800
v -0.02236092 0.02175765 -0.02036100
v -0.01878073 0.02241176 -0.01601800
v -0.02220485 0.02181308 -0.01761500
v -0.02586037 0.02110947 -0.02123300
v -0.02542630 0.02123374 -0.01708400
v -0.02033466 0.02215991 -0.01463500
v -0.01845892 0.02249678 -0.01186300
v -0.02387172 0.02156136 -0.01553600
v -0.02280563 0.02178999 -0.01292400
v -0.01761312 0.02270810 -0.00865500
v -0.02218627 0.02198226 -0.00960400
v -0.02441717 0.02156368 -0.01161500
v -0.02650506 0.02110067 -0.01424001
v -0.02126121 0.02220883 -0.00756500
v -0.02420931 0.02171553 -0.00823101
v -0.02621145 0.02124980 -0.00962900
v -0.02291047 0.02195507 -0.00578300
v -0.02761887 0.02100529 -0.01093301
v -0.02563335 0.02152912 -0.00559501
v -0.02789371 0.02100788 -0.00896300
v -0.02884744 0.02064466 -0.01488400
v -0.02911201 0.02052557 -0.01683700
v -0.02992559 0.02045158 -0.01283100
v -0.03084676 0.02016253 -0.01545000
v -0.02958419 0.02037293 -0.01940101
v -0.03050814 0.02039467 -0.01034600
v -0.03219994 0.01987435 -0.01331800
v -0.02922945 0.02080681 -0.00740601
v -0.03196374 0.01999571 -0.01177000
v -0.03170455 0.02015076 -0.00891800
v -0.03372299 0.01961591 -0.00915501
v -0.02912519 0.02088097 -0.00463900
v -0.03601820 0.01892042 -0.00917200
v -0.02652626 0.02149859 -0.00346800
v -0.02494784 0.02173135 -0.00377000
v -0.02527509 0.02174098 -0.00132401
v -0.02251639 0.02213869 -0.00281700
v -0.02339052 0.02202956 -0.00021400
v -0.02158812 0.02223461 -0.00500300
v -0.02067799 0.02229804 -0.00617500
v -0.02071447 0.02244498 -0.00322701
v -0.02171582 0.02229207 -0.00146000
v -0.01876506 0.02266366 -0.00553900
v -0.01917020 0.02264335 -0.00035601
v -0.01825796 0.02278084 -0.00371500
v -0.01599529 0.02301321 -0.00592800
v -0.01334586 0.02341711 -0.00518300
v -0.01467016 0.02328397 -0.00289901
v -0.01718263 0.02295448 -0.00216200
v -0.01418322 0.02330758 -0.00170001
v -0.01618512 0.02303948 -0.00007200
v -0.01131853 0.02377328 0.00090199
v -0.01463943 0.02332308 0.00127099
v -0.01851329 0.02280123 0.00099500
v -0.01125354 0.02385216 0.00298300
v -0.01245530 0.02367244 0.00310699
v -0.00983975 0.02400163 0.00536699
v -0.01070575 0.02393468 0.00591800
v -0.01196840 0.02366782 0.00401199
v -0.01270353 0.02365070 0.00497100
v -0.01345204 0.02351758 0.00488000
v -0.01308340 0.02361314 0.00643800
v -0.01096467 0.02389033 0.00807900
v -0.01000659 0.02406159 0.00931600
v -0.01142443 0.02386929 0.00907700
v -0.01302373 0.02359759 0.00879100
v -0.01206045 0.02382205 0.01050799
v -0.01399971 0.02351215 0.00957399
v -0.01438689 0.02349832 0.00687200
v -0.01549312 0.02333889 0.01017000
v -0.01530087 0.02329531 0.00934000
v -0.01752296 0.02310220 0.01018300
v -0.01598715 0.02327810 0.00859699
v -0.02012651 0.02279616 0.01113900
v -0.01819891 0.02301976 0.00867800
v -0.02191517 0.02252879 0.00912800
v -0.01953029 0.02277012 0.00931400
v -0.02189359 0.02247726 0.00767500
v -0.01695471 0.02315105 0.00729000
v -0.02097381 0.02267347 0.00838900
v -0.01979899 0.02274622 0.00751599
v -0.02236162 0.02245213 0.00682300
v -0.01972730 0.02274620 0.00581500
v -0.01844305 0.02295392 0.00661200
v -0.02070323 0.02260967 0.00449800
v -0.01645297 0.02310972 0.00580400
v -0.01849439 0.02276387 0.00502000
v -0.01764333 0.02301315 0.00498800
v -0.01908750 0.02284073 0.00392799
v -0.01869598 0.02281359 0.00270900
v -0.01598938 0.02324210 0.00395200
v -0.01712130 0.02302730 0.00303499
v -0.01554420 0.02318784 0.00516999
v -0.01519748 0.02328293 0.00273999
v -0.01415693 0.02348980 0.00480299
v -0.01720899 0.02294611 0.00192600
v -0.01984675 0.02258507 0.00184200
v -0.02113239 0.02243551 0.00160800
v -0.02041062 0.02263104 0.00322100
v -0.02162483 0.02237078 0.00356299
v -0.02267626 0.02230975 0.00293500
v -0.02221011 0.02230744 0.00544499
v -0.02325634 0.02218445 0.00429299
v 0.01820963 0.02318929 -0.00459300
v 0.02166240 0.02234290 -0.00568201
v 0.02415957 0.02186086 -0.00382900
v 0.02323047 0.02185003 -0.00899000
v 0.02753535 0.02121445 -0.00118300
v 0.02761420 0.02100608 -0.00471400
v 0.02642454 0.02116452 -0.00763700
v 0.03106204 0.02003034 -0.00651100
v 0.02891960 0.02037810 -0.01040600
v 0.03556569 0.01875743 -0.00651401
v 0.03227126 0.01945730 -0.01086000
v 0.02619519 0.02099788 -0.01238600
v 0.03871875 0.01770149 -0.00719801
v 0.03011719 0.01990560 -0.01422300
v 0.04135806 0.01667134 -0.00837801
v 0.03748604 0.01800421 -0.00966200
v 0.03498646 0.01869043 -0.01111400
v 0.03345948 0.01903441 -0.01353400
v 0.03702339 0.01802243 -0.01304800
v 0.03960089 0.01724340 -0.01070600
v 0.03684755 0.01798952 -0.01660001
v 0.04050113 0.01682541 -0.01374801
v 0.04183276 0.01635903 -0.01045501
v 0.03460879 0.01862478 -0.01725000
v 0.04321526 0.01553646 -0.00938101
v 0.04320687 0.01545528 -0.00575900
v 0.04423586 0.01445251 -0.00605300
v 0.02558514 0.02107323 -0.01493000
v 0.02306193 0.02175753 -0.01327001
v 0.04441584 0.01454124 -0.00965000
v 0.04351669 0.01532268 -0.01168501
v 0.04399168 0.01489075 -0.01471400
v 0.04236596 0.01599256 -0.01368900
v 0.04240362 0.01584839 -0.01694300
v 0.04103468 0.01654679 -0.01590800
v 0.03894564 0.01728905 -0.01839101
v 0.04058784 0.01666368 -0.01880900
v 0.04215850 0.01587747 -0.02102401
v 0.03919219 0.01718657 -0.02230800
v 0.04054701 0.01658541 -0.02379400
v 0.03839406 0.01750471 -0.02508801
v 0.03753292 0.01777682 -0.02295601
v 0.03572444 0.01830221 -0.01981700
v 0.00802101 -0.02765562 0.07567400
v 0.00647344 -0.02758535 0.07359000
v 0.00912710 -0.02707679 0.07136900
v 0.00296750 -0.02772671 0.07301300
v 0.00703043 -0.02724058 0.07076200
v 0.00943872 -0.02655508 0.06739100
v 0.00519409 -0.02738994 0.07087600
v 0.00659616 -0.02696608 0.06851000
v 0.01056289 -0.02584921 0.06325800
v 0.00796895 -0.02638855 0.06498800
v 0.00397774 -0.02699747 0.06731299
v 0.00248702 -0.02753036 0.07080500
v 0.00063950 -0.02767280 0.07204300
v 0.00071386 -0.02715467 0.06745100
v -0.00206131 -0.02791366 0.07412600
v -0.00035390 -0.02757921 0.07076700
v -0.00534582 -0.02784048 0.07470900
v -0.00387345 -0.02754532 0.07125000
v -0.00237390 -0.02724757 0.06853300
v -0.00866120 -0.02784003 0.07714600
v -0.00743227 -0.02735571 0.07180200
v -0.01138104 -0.02778275 0.07946400
v -0.00971488 -0.02744056 0.07437400
v -0.01306995 -0.02724184 0.07647600
v -0.01218229 -0.02701895 0.07358800
v -0.01624145 -0.02647248 0.07414400
v -0.01127752 -0.02696303 0.07167399
v -0.01457253 -0.02636178 0.07092000
v -0.01763659 -0.02556197 0.06920700
v -0.01385151 -0.02606055 0.06723900
v -0.00986417 -0.02679925 0.06894700
v -0.00697638 -0.02716465 0.06952800
v -0.01014431 -0.02651739 0.06661400
v -0.00417785 -0.02711845 0.06803300
v -0.00632047 -0.02683253 0.06657599
v -0.00236128 -0.02691072 0.06597600
v -0.00522575 -0.02664648 0.06459599
v 0.00154691 -0.02670980 0.06463200
v -0.00087534 -0.02643773 0.06219700
v 0.00480112 -0.02649093 0.06389400
v 0.00167943 -0.02619029 0.06029799
v 0.00589656 -0.02605749 0.06104100
v 0.00868342 -0.02575213 0.06061700
v 0.00463864 -0.02586791 0.05799399
v 0.01170181 -0.02534407 0.06013499
v 0.00119637 -0.02596677 0.05819100
v 0.01335099 -0.02533362 0.06274899
v 0.01416074 -0.02475937 0.05826500
v 0.00983091 -0.02529842 0.05706900
v 0.01612546 -0.02418216 0.05578099
v 0.01269784 -0.02468158 0.05440100
v 0.00785149 -0.02545983 0.05632000
v 0.01861725 -0.02349191 0.05290600
v 0.01559159 -0.02411415 0.05299500
v 0.01707263 -0.02374228 0.05075300
v 0.02014668 -0.02302650 0.04707200
v 0.01303919 -0.02436369 0.04937700
v 0.02216959 -0.02260653 0.04317400
v 0.01554486 -0.02385314 0.04564400
v 0.01770122 -0.02344637 0.04238300
v 0.02364382 -0.02235561 0.04009900
v 0.02010679 -0.02299762 0.03861600
v 0.02631535 -0.02192525 0.03586600
v 0.02170662 -0.02272723 0.03542000
v 0.02868912 -0.02162053 0.03152900
v 0.02526971 -0.02217993 0.03030800
v 0.03064230 -0.02127525 0.02963800
v 0.02987026 -0.02144075 0.02738300
v 0.03177241 -0.02095974 0.02806400
v 0.03288718 -0.02053451 0.02678400
v 0.03195755 -0.02091774 0.02463400
v 0.03449944 -0.01945680 0.02486600
v 0.03314065 -0.02039550 0.02451600
v 0.03334316 -0.02033046 0.02232100
v 0.03543800 -0.01869170 0.02299300
v 0.03431919 -0.01969207 0.02070000
v 0.03620333 -0.01791499 0.02177600
v 0.03547833 -0.01877074 0.02034900
v 0.03736174 -0.01644257 0.02106500
v 0.03660265 -0.01784441 0.01819600
v 0.03789570 -0.01631072 0.01721500
v 0.03893673 -0.01495360 0.01503700
v 0.03721360 -0.01761053 0.01518000
v 0.03977339 -0.01456676 0.01214700
v 0.03870641 -0.01612579 0.01336100
v 0.03615724 -0.01848424 0.01672999
v 0.03802618 -0.01743400 0.01142700
v 0.03500093 -0.01938613 0.01728500
v 0.03608742 -0.01890979 0.01302700
v 0.03346466 -0.02026688 0.01928400
v 0.03374414 -0.02020735 0.01569200
v 0.03229570 -0.02077882 0.02065500
v 0.03212502 -0.02082262 0.01743900
v 0.03094221 -0.02116247 0.02057600
v 0.02990154 -0.02141057 0.02460400
v 0.03278313 -0.02051859 0.01320700
v 0.02782686 -0.02178358 0.02509900
v 0.03454967 -0.01985291 0.01188700
v 0.02829085 -0.02169374 0.02239799
v 0.02529167 -0.02218708 0.02539100
v 0.02652352 -0.02190063 0.02351100
v 0.02838078 -0.02161241 0.01912700
v 0.03010852 -0.02115840 0.01480400
v 0.02562238 -0.02202219 0.02182800
v 0.03155180 -0.02072704 0.01071500
v 0.02464035 -0.02217568 0.02296900
v 0.03390876 -0.02004474 0.00947300
v 0.02382435 -0.02242681 0.02435600
v 0.03557768 -0.01940172 0.00909599
v 0.02313205 -0.02252730 0.02784500
v 0.03706959 -0.01849237 0.00979700
v 0.02182936 -0.02271958 0.03119500
v 0.03658729 -0.01894272 0.00701099
v 0.01961702 -0.02307653 0.03406300
v 0.03538725 -0.01946646 0.00680400
v 0.01805787 -0.02333811 0.03657500
v 0.01895212 -0.02319951 0.03143500
v 0.01751331 -0.02344373 0.04001100
v 0.01780437 -0.02339020 0.03418000
v 0.01551162 -0.02377277 0.04149300
v 0.01653296 -0.02355231 0.03785300
v 0.01633775 -0.02360525 0.03968699
v 0.01649506 -0.02360575 0.03453300
v 0.01594328 -0.02355947 0.03793700
v 0.01589273 -0.02371183 0.03666800
v 0.01426887 -0.02390576 0.03802400
v 0.01476284 -0.02386557 0.03990900
v 0.01508520 -0.02375363 0.03632600
v 0.01314008 -0.02411320 0.04070800
v 0.01331801 -0.02411376 0.03980500
v 0.01381055 -0.02396433 0.03493999
v 0.01303607 -0.02406904 0.03657400
v 0.01231111 -0.02410570 0.03904900
v 0.01267336 -0.02420949 0.04288300
v 0.01156458 -0.02424182 0.04082300
v 0.01095337 -0.02451470 0.04661600
v 0.01050629 -0.02444442 0.04243900
v 0.01033822 -0.02440784 0.03974100
v 0.00857298 -0.02487853 0.04902800
v 0.00837669 -0.02477022 0.04598700
v 0.01110409 -0.02469709 0.05084400
v 0.01061723 -0.02500971 0.05446899
v 0.00873499 -0.02509830 0.05280100
v 0.00913474 -0.02526473 0.05482500
v 0.00667428 -0.02510571 0.04999200
v 0.00655155 -0.02530782 0.05326900
v 0.00595502 -0.02557171 0.05598100
v 0.00405621 -0.02531542 0.05090700
v 0.00372124 -0.02572836 0.05616300
v 0.00326349 -0.02557317 0.05360300
v 0.00126422 -0.02580437 0.05560800
v 0.00380557 -0.02513298 0.04741899
v 0.00113600 -0.02540774 0.05092900
v 0.00524010 -0.02494234 0.04428100
v 0.00123136 -0.02522660 0.04705800
v 0.00289279 -0.02503885 0.04334599
v 0.00769439 -0.02468593 0.04183499
v 0.00578961 -0.02478668 0.04087500
v 0.00807664 -0.02465046 0.04035100
v 0.00077782 -0.02507428 0.04300200
v 0.00314430 -0.02490444 0.03997100
v 0.00596703 -0.02475770 0.03944500
v 0.00469092 -0.02485154 0.03986300
v 0.00803002 -0.02449923 0.03923600
v 0.00403627 -0.02475074 0.03883100
v 0.00938117 -0.02445896 0.03860500
v 0.00485371 -0.02480331 0.03829400
v 0.00690119 -0.02465559 0.03848899
v 0.00316337 -0.02483649 0.03678900
v 0.00560234 -0.02474413 0.03691100
v 0.00440035 -0.02474015 0.03651200
v 0.00819432 -0.02454724 0.03655600
v 0.00535744 -0.02474012 0.03548900
v 0.00701488 -0.02461042 0.03671999
v 0.00609486 -0.02458708 0.03598100
v 0.00727537 -0.02464169 0.03548800
v 0.00640076 -0.02464957 0.03442200
v 0.01021940 -0.02433459 0.03789500
v 0.00837845 -0.02436684 0.03406800
v 0.01157753 -0.02422668 0.03842600
v 0.01013035 -0.02432939 0.03542900
v 0.01143641 -0.02416243 0.03668000
v 0.01114041 -0.02411501 0.03570000
v 0.01226944 -0.02409127 0.03453899
v 0.01039546 -0.02440607 0.03452400
v 0.01332523 -0.02384850 0.03368800
v 0.01168606 -0.02413478 0.03293600
v 0.01056151 -0.02438856 0.03287500
v 0.01406431 -0.02387325 0.03335000
v 0.01340111 -0.02395893 0.03212500
v 0.01501309 -0.02389793 0.03492800
v 0.01535547 -0.02372604 0.03250600
v 0.01645466 -0.02361902 0.03284200
v 0.01769067 -0.02335606 0.03192200
v 0.01654176 -0.02374399 0.03173500
v 0.01790091 -0.02328561 0.03059900
v 0.01678775 -0.02345623 0.03065400
v 0.01588872 -0.02365473 0.03018499
v 0.01890397 -0.02321057 0.02867500
v 0.01711547 -0.02337263 0.02892400
v 0.01984805 -0.02301598 0.02611500
v 0.01747329 -0.02341262 0.02708100
v 0.01646313 -0.02356069 0.02828500
v 0.01453029 -0.02386572 0.03021500
v 0.01442474 -0.02383287 0.02830999
v 0.01370557 -0.02383286 0.02950000
v 0.01193173 -0.02405764 0.02967200
v 0.01544180 -0.02363015 0.02559499
v 0.01254170 -0.02399499 0.02714000
v 0.01024809 -0.02424140 0.03084000
v 0.01089241 -0.02412598 0.02781600
v 0.00962198 -0.02423201 0.03240900
v 0.01031973 -0.02422618 0.02942300
v 0.00952569 -0.02421830 0.03049400
v 0.00852066 -0.02440548 0.03253600
v 0.01012799 -0.02425560 0.02737700
v 0.00874374 -0.02440458 0.02924900
v 0.00848898 -0.02447242 0.03101700
v 0.00773789 -0.02439152 0.02963000
v 0.00664103 -0.02452886 0.03080500
v 0.00646396 -0.02458515 0.03354899
v 0.00754200 -0.02436160 0.02763299
v 0.00508132 -0.02474567 0.03341900
v 0.00419603 -0.02474033 0.03410600
v 0.00485223 -0.02464299 0.03189100
v 0.00574831 -0.02469202 0.03111500
v 0.00505930 -0.02464398 0.02993500
v 0.00332063 -0.02478591 0.03270600
v 0.00622541 -0.02459687 0.02865100
v 0.00376270 -0.02469654 0.03008300
v 0.00411991 -0.02471237 0.02852700
v 0.00501652 -0.02461170 0.02646200
v 0.00285353 -0.02481143 0.03459300
v 0.00128476 -0.02487556 0.03324600
v 0.00168242 -0.02474235 0.03179600
v 0.00105769 -0.02497798 0.03468900
v 0.00064271 -0.02496261 0.03147700
v 0.00055615 -0.02491827 0.03570600
v -0.00047165 -0.02486222 0.03214300
v 0.00003555 -0.02492651 0.03399899
v 0.00154137 -0.02480849 0.03017099
v -0.00028028 -0.02484133 0.03067700
v -0.00112740 -0.02493802 0.03423600
v -0.00196237 -0.02494210 0.03082000
v 0.00124104 -0.02476358 0.02841499
v -0.00021241 -0.02487340 0.02896500
v 0.00160280 -0.02480198 0.02763600
v -0.00165377 -0.02491122 0.03237600
v 0.00331079 -0.02463507 0.02758100
v 0.00256839 -0.02471538 0.02657500
v -0.00182430 -0.02503655 0.03360000
v 0.00323238 -0.02470717 0.02492700
v -0.00232970 -0.02503712 0.03585900
v -0.00259816 -0.02497857 0.03296100
v -0.00266865 -0.02494756 0.03432900
v -0.00242690 -0.02510233 0.03199600
v -0.00395600 -0.02486825 0.03318700
v -0.00367310 -0.02488513 0.03598600
v -0.00277841 -0.02487599 0.03063499
v -0.00308289 -0.02499443 0.03138599
v -0.00278861 -0.02496400 0.02940800
v -0.00389243 -0.02491045 0.02919499
v -0.00439778 -0.02492625 0.03052500
v -0.00191092 -0.02478251 0.02779099
v -0.00340827 -0.02484219 0.02751800
v -0.00117363 -0.02485756 0.02733700
v -0.00219863 -0.02485376 0.02596400
v -0.00018139 -0.02488222 0.02604600
v -0.00117898 -0.02479337 0.02647400
v 0.00028994 -0.02478788 0.02513800
v 0.00136634 -0.02484718 0.02606400
v -0.00020959 -0.02485395 0.02389700
v 0.00195985 -0.02477211 0.02391900
v -0.00184002 -0.02482021 0.02487100
v 0.00458292 -0.02464274 0.02367600
v -0.00391503 -0.02494322 0.02505700
v -0.00268667 -0.02493883 0.02409800
v -0.00311727 -0.02488859 0.02271900
v -0.00472535 -0.02486107 0.02358300
v -0.00486603 -0.02484699 0.02568200
v -0.00469515 -0.02478481 0.02691700
v -0.00548561 -0.02486318 0.02738599
v -0.00633185 -0.02483749 0.02420700
v -0.00594033 -0.02490047 0.02220000
v -0.00561339 -0.02478287 0.03000000
v -0.00605266 -0.02484519 0.02060600
v -0.00543432 -0.02503922 0.03138900
v -0.00781715 -0.02477410 0.02181200
v -0.00544707 -0.02507183 0.03327600
v -0.00552671 -0.02505214 0.03479000
v -0.00697265 -0.02479362 0.03301800
v -0.00702201 -0.02475637 0.03102600
v -0.00704102 -0.02480371 0.02813000
v -0.00764829 -0.02477298 0.02603700
v -0.00801327 -0.02482664 0.02382400
v -0.00893436 -0.02468553 0.02479000
v -0.00933659 -0.02467340 0.02307199
v -0.00890460 -0.02471011 0.02668700
v -0.00993818 -0.02469071 0.02446000
v -0.01049618 -0.02463094 0.02289700
v -0.00893579 -0.02476314 0.01896200
v -0.01013886 -0.02464138 0.02740300
v -0.00562563 -0.02488848 0.01773900
v -0.01107273 -0.02456111 0.02501900
v -0.00292961 -0.02489437 0.02011800
v 0.00030355 -0.02481213 0.02079900
v -0.00086871 -0.02490443 0.01745900
v 0.00235869 -0.02475130 0.01908500
v 0.00436583 -0.02463207 0.02149700
v -0.00348182 -0.02491309 0.01553000
v 0.00708473 -0.02445865 0.02376699
v -0.00671485 -0.02491826 0.01466200
v 0.00576770 -0.02452860 0.02460299
v 0.00612373 -0.02458304 0.02585999
v 0.00718797 -0.02450464 0.02526200
v 0.00750870 -0.02445284 0.02688499
v 0.00777365 -0.02436868 0.02484000
v 0.00915945 -0.02428771 0.02480200
v 0.01103270 -0.02410514 0.02583899
v 0.00838759 -0.02439137 0.02225999
v 0.01223739 -0.02408744 0.02607100
v 0.00715526 -0.02442558 0.02169700
v 0.01317942 -0.02394630 0.02573200
v 0.00533778 -0.02459706 0.01908900
v 0.01479634 -0.02375595 0.02430200
v 0.00338765 -0.02472528 0.01654400
v 0.01245695 -0.02401551 0.02428400
v 0.01599709 -0.02355299 0.02363800
v 0.01191033 -0.02394427 0.02488699
v 0.01429878 -0.02374572 0.02318500
v 0.01179527 -0.02401058 0.02321099
v 0.01097993 -0.02407079 0.02446600
v 0.00959444 -0.02412798 0.02317700
v 0.01080277 -0.02417592 0.02214400
v 0.01256754 -0.02394947 0.02192200
v 0.01426110 -0.02382424 0.02231100
v 0.01348803 -0.02384373 0.02057000
v 0.00934042 -0.02425807 0.02129200
v 0.01059191 -0.02414291 0.01922800
v 0.00782939 -0.02438582 0.01837300
v 0.00614117 -0.02457524 0.01603700
v 0.00850599 -0.02437861 0.01676900
v 0.01123583 -0.02406425 0.01775899
v 0.00353243 -0.02474762 0.01481900
v 0.01309964 -0.02392439 0.01872900
v 0.01061179 -0.02419589 0.01675100
v 0.00587280 -0.02458299 0.01358300
v 0.00808158 -0.02448526 0.01432600
v 0.00520723 -0.02470243 0.01449500
v 0.00355730 -0.02483748 0.01273400
v 0.00186068 -0.02487777 0.01481300
v 0.00295860 -0.02474305 0.01361900
v 0.00219433 -0.02487490 0.01349100
v -0.00068324 -0.02496143 0.01394600
v 0.00119770 -0.02487337 0.01298200
v 0.00164586 -0.02483872 0.01172600
v 0.00383074 -0.02481776 0.01018499
v -0.00005239 -0.02497500 0.01195100
v -0.00102152 -0.02487541 0.01279600
v 0.00136604 -0.02495026 0.00994299
v -0.00261323 -0.02502432 0.01054899
v -0.00084970 -0.02500810 0.00982100
v -0.00222402 -0.02499290 0.01255800
v -0.00283034 -0.02497019 0.01403800
v -0.00309477 -0.02494051 0.01254900
v -0.00505680 -0.02504303 0.01313700
v -0.00389011 -0.02501246 0.01169600
v -0.00515536 -0.02494253 0.01214100
v -0.00357390 -0.02501741 0.00958200
v -0.00541098 -0.02495353 0.01057899
v -0.00616126 -0.02484255 0.01244300
v -0.00278869 -0.02497700 0.00869400
v -0.00497890 -0.02501308 0.00870399
v -0.00625199 -0.02503325 0.01335600
v -0.00727135 -0.02487541 0.01355599
v -0.00762854 -0.02490304 0.01044600
v -0.00788835 -0.02495463 0.01475599
v -0.00769052 -0.02486478 0.00863500
v -0.00806097 -0.02481617 0.01228100
v -0.00975049 -0.02478342 0.00933100
v -0.00632218 -0.02505018 0.00737999
v -0.00979941 -0.02460948 0.01407800
v -0.01027367 -0.02469280 0.01088400
v -0.00935477 -0.02476997 0.00686099
v -0.01126365 -0.02456046 0.00924200
v -0.01163375 -0.02453916 0.01171499
v -0.00985092 -0.02467453 0.01499499
v -0.01332163 -0.02429526 0.01165999
v -0.01050888 -0.02464293 0.00585999
v -0.00978978 -0.02485039 0.00484100
v -0.00788459 -0.02486388 0.00576500
v -0.00844410 -0.02493817 0.00464300
v -0.00814319 -0.02499963 0.00334900
v -0.00688777 -0.02499804 0.00572900
v -0.00661958 -0.02501628 0.00359400
v -0.00647065 -0.02494696 0.00458800
v -0.00436273 -0.02503563 0.00723000
v -0.00534563 -0.02501711 0.00537400
v -0.00221427 -0.02507743 0.00759200
v -0.00319814 -0.02504328 0.00602600
v -0.00044112 -0.02495665 0.00813299
v -0.00050482 -0.02502738 0.00683100
v 0.00109102 -0.02500951 0.00790000
v -0.00087787 -0.02510260 0.00541699
v 0.00086251 -0.02495922 0.00508500
v -0.00104004 -0.02517499 0.00415299
v -0.00018917 -0.02498755 0.00307800
v 0.00083841 -0.02509022 0.00279400
v 0.00316433 -0.02492380 0.00714800
v 0.00257101 -0.02501633 0.00335800
v 0.00193985 -0.02502653 0.00252600
v 0.00143384 -0.02503878 0.00112399
v 0.00224948 -0.02499066 0.00484700
v 0.00272699 -0.02508906 0.00202200
v 0.00199761 -0.02509776 0.00046200
v 0.00476294 -0.02475610 0.00215199
v 0.00228580 -0.02512775 -0.00133600
v 0.00384247 -0.02490530 0.00118000
v 0.00262225 -0.02502613 -0.00028300
v 0.00434613 -0.02493441 -0.00065801
v 0.00570075 -0.02479893 0.00083200
v 0.00414807 -0.02491987 0.00408199
v 0.00523395 -0.02483653 0.00274500
v 0.00613251 -0.02465195 0.00297899
v 0.00621326 -0.02468949 0.00396700
v 0.00730885 -0.02463960 0.00212200
v 0.00616027 -0.02478106 -0.00043800
v 0.00529422 -0.02491209 -0.00225300
v 0.00497021 -0.02504071 -0.00338201
v 0.00735207 -0.02472204 -0.00217600
v 0.00853336 -0.02447280 -0.00079101
v 0.00945545 -0.02448615 -0.00234200
v 0.01000823 -0.02440466 -0.00371901
v 0.00781974 -0.02463376 0.00088400
v 0.01060363 -0.02423045 -0.00376801
v 0.01076571 -0.02435791 -0.00202300
v 0.01201189 -0.02426548 -0.00328001
v 0.01035891 -0.02431560 -0.00036000
v 0.01203595 -0.02419857 -0.00180800
v 0.01341038 -0.02394222 -0.00219800
v 0.01509117 -0.02377029 -0.00314500
v 0.01454149 -0.02380095 -0.00024900
v 0.01499668 -0.02378558 -0.00168900
v 0.01584707 -0.02353276 -0.00216101
v 0.01621733 -0.02356391 -0.00285200
v 0.01574024 -0.02358736 -0.00087300
v 0.01699096 -0.02340235 -0.00132501
v 0.01760650 -0.02339312 -0.00404700
v 0.01772535 -0.02332299 -0.00222000
v 0.01827771 -0.02327065 -0.00521200
v 0.01946494 -0.02306629 -0.00333400
v 0.01877736 -0.02312750 -0.00101500
v 0.01821205 -0.02319498 -0.00617001
v 0.01934036 -0.02288630 -0.00685801
v 0.02004300 -0.02270004 -0.00592100
v 0.02065111 -0.02270831 -0.00516500
v 0.02114902 -0.02259484 -0.00737301
v 0.02239294 -0.02237978 -0.00501801
v 0.02201625 -0.02242520 -0.00442000
v 0.02400399 -0.02205223 -0.00585100
v 0.02350263 -0.02211752 -0.00289300
v 0.02198454 -0.02252038 -0.00314700
v 0.02163946 -0.02251947 -0.00263400
v 0.02112165 -0.02265166 -0.00174300
v 0.02219525 -0.02232085 -0.00068900
v 0.01993815 -0.02287281 -0.00197600
v 0.02114595 -0.02261743 -0.00007700
v 0.01891098 -0.02303538 0.00112500
v 0.02404184 -0.02198355 -0.00136701
v 0.01706722 -0.02343254 0.00079800
v 0.02494965 -0.02193327 -0.00315600
v 0.02355694 -0.02214057 -0.00000401
v 0.02485489 -0.02194410 -0.00110301
v 0.02653909 -0.02158242 -0.00498000
v 0.02484229 -0.02202240 0.00082999
v 0.02663381 -0.02152051 -0.00652600
v 0.02366410 -0.02206982 0.00179600
v 0.02417553 -0.02202944 -0.00862300
v 0.02188583 -0.02241764 0.00221200
v 0.02118217 -0.02257306 -0.00882100
v 0.02023977 -0.02287373 -0.01071601
v 0.02181328 -0.02254763 -0.01083900
v 0.02199898 -0.02255801 -0.01237700
v 0.02398111 -0.02211638 -0.01089601
v 0.02641183 -0.02157511 -0.00934701
v 0.02729222 -0.02141541 -0.00768701
v 0.02793614 -0.02114991 -0.00596200
v 0.02776954 -0.02119434 -0.00903601
v 0.02674628 -0.02157803 -0.01051800
v 0.02873576 -0.02106021 -0.01073800
v 0.02876918 -0.02104290 -0.00941900
v 0.02873451 -0.02104013 -0.01247500
v 0.03058628 -0.02057032 -0.01104000
v 0.03075752 -0.02049961 -0.00962700
v 0.03211112 -0.02003128 -0.01061800
v 0.03272529 -0.01989219 -0.00901600
v 0.03056477 -0.02057749 -0.00846500
v 0.02899137 -0.02093406 -0.00780500
v 0.03026817 -0.02073622 -0.00678400
v 0.02961772 -0.02082514 -0.00568201
v 0.03068416 -0.02047282 -0.00788600
v 0.03152355 -0.02026639 -0.00738400
v 0.03090041 -0.02050595 -0.00588000
v 0.02897614 -0.02104927 -0.00349601
v 0.03053617 -0.02062184 -0.00328300
v 0.03212723 -0.02013154 -0.00415200
v 0.03436653 -0.01940907 -0.00579100
v 0.03550574 -0.01895185 -0.00888600
v 0.03365909 -0.01976277 -0.00160400
v 0.03702138 -0.01840889 -0.01065201
v 0.03754715 -0.01822469 -0.00842001
v 0.03724656 -0.01840562 -0.00507800
v 0.03936010 -0.01754178 -0.00586801
v 0.03656476 -0.01876803 -0.00185900
v 0.03860199 -0.01793806 -0.00269500
v 0.03992846 -0.01740823 -0.00339300
v 0.03971905 -0.01752793 -0.00108101
v 0.03796189 -0.01832252 0.00072399
v 0.03581035 -0.01917349 0.00157500
v 0.03870696 -0.01799022 0.00196300
v 0.04066278 -0.01685302 0.00077000
v 0.04235400 -0.01571214 -0.00125800
v 0.03654050 -0.01896848 0.00404700
v 0.04298834 -0.01472448 0.00019899
v 0.04174870 -0.01572027 0.00176200
v 0.04404281 -0.01353275 -0.00043200
v 0.04289225 -0.01420352 0.00227400
v 0.04504188 -0.01204158 -0.00121100
v 0.04408186 -0.01267807 0.00114200
v 0.04616971 -0.01045949 -0.00356601
v 0.04626218 -0.00891591 -0.00251600
v 0.04560096 -0.01025609 -0.00115601
v 0.04558138 -0.00812938 0.00020900
v 0.04473790 -0.01067953 0.00131000
v 0.04467699 -0.00780306 0.00286400
v 0.04424602 -0.00976786 0.00308300
v 0.04389397 -0.01146741 0.00298500
v 0.04309534 -0.01165204 0.00484600
v 0.04309118 -0.01321790 0.00332899
v 0.04177554 -0.01361218 0.00662499
v 0.04158473 -0.01485763 0.00512700
v 0.04106901 -0.01328294 0.00915100
v 0.04090895 -0.01510092 0.00708899
v 0.04018009 -0.01302512 0.01241100
v 0.04048380 -0.01457716 0.00945499
v 0.03962951 -0.01567352 0.01045000
v 0.03953917 -0.01654663 0.00781300
v 0.04062569 -0.01611376 0.00483800
v 0.03900455 -0.01732241 0.00670200
v 0.03969272 -0.01720605 0.00385300
v 0.03802984 -0.01807542 0.00652800
v 0.03771912 -0.01843891 0.00456900
v 0.03474395 -0.01964858 0.00446500
v 0.03353129 -0.02009201 0.00723299
v 0.03248601 -0.02022300 0.00178100
v 0.03142613 -0.02057267 0.00471499
v 0.03180226 -0.02055416 0.00784500
v 0.03071379 -0.02061033 -0.00114201
v 0.02920716 -0.02117557 0.00880900
v 0.02889261 -0.02108225 -0.00144501
v 0.02995389 -0.02087006 0.00099299
v 0.02858143 -0.02123696 0.00432599
v 0.02894486 -0.02107945 0.00138700
v 0.02863283 -0.02129246 0.00703600
v 0.02742395 -0.02153760 0.00251599
v 0.02739693 -0.02158588 0.00922199
v 0.02826633 -0.02128572 0.00030000
v 0.02778472 -0.02144522 0.00745100
v 0.02729044 -0.02166018 0.00521500
v 0.02691554 -0.02180631 0.00668900
v 0.02631444 -0.02170216 0.00417800
v 0.02687571 -0.02175681 0.00858900
v 0.02623098 -0.02171453 0.00623000
v 0.02604848 -0.02183479 0.00776899
v 0.02535710 -0.02182051 0.00863100
v 0.02486693 -0.02185687 0.00706200
v 0.02541058 -0.02179432 0.00514799
v 0.02462627 -0.02197851 0.00610800
v 0.02594273 -0.02166931 0.00284599
v 0.02385278 -0.02210646 0.00374900
v 0.02658594 -0.02153604 0.00152300
v 0.02492705 -0.02208120 0.00309899
v 0.02585574 -0.02172581 0.00080900
v 0.02685741 -0.02147745 -0.00039201
v 0.02620716 -0.02169899 -0.00228801
v 0.02728576 -0.02133337 -0.00225700
v 0.02676741 -0.02150009 -0.00361300
v 0.02760608 -0.02123903 -0.00428201
v 0.02246030 -0.02226715 0.00414499
v 0.02259191 -0.02231540 0.00546100
v 0.02136866 -0.02258160 0.00429299
v 0.02250998 -0.02228063 0.00672600
v 0.02071765 -0.02277675 0.00585200
v 0.02095556 -0.02261809 0.00246700
v 0.02390423 -0.02209787 0.00828100
v 0.02039722 -0.02284062 0.00414599
v 0.02011892 -0.02289739 0.00193500
v 0.01847487 -0.02317726 0.00244200
v 0.01912994 -0.02301860 0.00348800
v 0.01927249 -0.02300524 0.00666599
v 0.01806387 -0.02332654 0.00372299
v 0.01709799 -0.02344452 0.00322700
v 0.01809856 -0.02325761 0.00471499
v 0.01742451 -0.02320506 0.00425800
v 0.01624552 -0.02347702 0.00215000
v 0.01673015 -0.02343069 0.00430200
v 0.01751221 -0.02335419 0.00528000
v 0.01745258 -0.02331041 0.00623599
v 0.01807592 -0.02331862 0.00760200
v 0.01491283 -0.02376303 0.00353100
v 0.01539769 -0.02367009 0.00635900
v 0.01348646 -0.02388326 0.00026099
v 0.01510674 -0.02360308 0.00474900
v 0.01429451 -0.02372762 0.00491799
v 0.01365159 -0.02382951 0.00281799
v 0.01171605 -0.02411275 0.00002300
v 0.01299136 -0.02401313 0.00108600
v 0.01034397 -0.02436357 0.00105300
v 0.01108633 -0.02419634 0.00170400
v 0.01293815 -0.02404378 0.00357400
v 0.01211590 -0.02407932 0.00296400
v 0.00853585 -0.02446950 0.00170100
v 0.00975440 -0.02428605 0.00203400
v 0.01125673 -0.02414809 0.00310200
v 0.01045310 -0.02398621 0.00256900
v 0.01057135 -0.02412223 0.00385599
v 0.00946315 -0.02432211 0.00281899
v 0.01184275 -0.02414698 0.00386600
v 0.00809254 -0.02450295 0.00281300
v 0.00903234 -0.02451295 0.00339600
v 0.00794638 -0.02453760 0.00494200
v 0.00941801 -0.02436705 0.00456100
v 0.00680000 -0.02459199 0.00541100
v 0.00829539 -0.02457276 0.00588900
v 0.01076793 -0.02412746 0.00577900
v 0.01054496 -0.02427398 0.00655100
v 0.01188205 -0.02419516 0.00501600
v 0.00741712 -0.02458670 0.00797900
v 0.01259459 -0.02398811 0.00523999
v 0.01243382 -0.02401113 0.00623500
v 0.01169879 -0.02424556 0.00721300
v 0.01359268 -0.02391966 0.00709700
v 0.01351271 -0.02376512 0.00508400
v 0.01444907 -0.02380626 0.00589499
v 0.01475648 -0.02373468 0.00747900
v 0.01328500 -0.02398677 0.00871700
v 0.01617214 -0.02355776 0.00746099
v 0.01458829 -0.02370349 0.00898100
v 0.01678953 -0.02347763 0.00863799
v 0.01571064 -0.02360847 0.00927800
v 0.01411338 -0.02386257 0.01131400
v 0.01620336 -0.02354820 0.01085500
v 0.01851429 -0.02318422 0.00970400
v 0.02051919 -0.02283482 0.00826599
v 0.02141617 -0.02257461 0.00778399
v 0.02246651 -0.02235234 0.00896399
v 0.02137567 -0.02267257 0.00990100
v 0.02325707 -0.02218927 0.00893700
v 0.02331862 -0.02225668 0.01012500
v 0.02239337 -0.02231478 0.00987100
v 0.02527252 -0.02196603 0.01100500
v 0.02263957 -0.02238995 0.01108700
v 0.02626715 -0.02192108 0.00985000
v 0.02631176 -0.02191069 0.01127800
v 0.02701987 -0.02163984 0.01119800
v 0.02451035 -0.02202382 0.01241300
v 0.02196712 -0.02245649 0.01194200
v 0.01973204 -0.02280813 0.01125600
v 0.02636196 -0.02181033 0.01285900
v 0.01831353 -0.02311204 0.01098000
v 0.02038110 -0.02284790 0.01245999
v 0.02302870 -0.02237153 0.01360600
v 0.01740330 -0.02341116 0.01182599
v 0.02486494 -0.02204071 0.01461400
v 0.01822249 -0.02317551 0.01324800
v 0.01568980 -0.02361918 0.01326700
v 0.01926509 -0.02303035 0.01393200
v 0.02153547 -0.02263394 0.01440300
v 0.02339591 -0.02231774 0.01668200
v 0.02096784 -0.02271456 0.01639900
v 0.01778145 -0.02329574 0.01619200
v 0.02467247 -0.02208720 0.01663300
v 0.02649439 -0.02190782 0.01541500
v 0.02536095 -0.02198292 0.01828799
v 0.02734356 -0.02160668 0.01412000
v 0.02662817 -0.02182555 0.01865700
v 0.02800805 -0.02151286 0.01169000
v 0.02811318 -0.02153902 0.01403100
v 0.02840212 -0.02159540 0.01676799
v 0.02736759 -0.02168315 0.01705699
v 0.02744480 -0.02172135 0.02021400
v 0.02603924 -0.02201011 0.02036900
v 0.02501166 -0.02209430 0.01942699
v 0.02522957 -0.02203905 0.02085700
v 0.02281838 -0.02241914 0.01921200
v 0.02415761 -0.02227387 0.02046800
v 0.02386497 -0.02228762 0.02194700
v 0.02303129 -0.02254971 0.02227399
v 0.02241200 -0.02246283 0.02164099
v 0.02257349 -0.02253029 0.02307399
v 0.02171920 -0.02272062 0.02191599
v 0.02199622 -0.02255684 0.02091200
v 0.02123555 -0.02278257 0.02328899
v 0.02026501 -0.02288336 0.02119200
v 0.02112961 -0.02271479 0.01901600
v 0.01917831 -0.02303262 0.01940800
v 0.01971227 -0.02290077 0.01718800
v 0.01896961 -0.02317108 0.02056900
v 0.01773134 -0.02334726 0.01881900
v 0.01846597 -0.02318543 0.02197100
v 0.01797369 -0.02326002 0.02023600
v 0.01800999 -0.02327433 0.02356300
v 0.01634845 -0.02351093 0.02123500
v 0.01476273 -0.02371995 0.01981299
v 0.01538175 -0.02373068 0.01850200
v 0.01629434 -0.02350534 0.01726500
v 0.01496478 -0.02371229 0.01647799
v 0.01236413 -0.02405759 0.01623300
v 0.01424420 -0.02379752 0.01341700
v 0.01093438 -0.02418833 0.01491100
v 0.01277442 -0.02396884 0.01521999
v 0.01390931 -0.02389545 0.01501400
v 0.01229729 -0.02402053 0.01299300
v 0.01004084 -0.02426641 0.01266500
v 0.00783548 -0.02447640 0.01180200
v 0.00946809 -0.02434376 0.01079900
v 0.01138139 -0.02419991 0.01098000
v 0.00622348 -0.02464494 0.01085099
v 0.01203421 -0.02411309 0.00972500
v 0.00494001 -0.02481496 0.00936299
v 0.01227023 -0.02405358 0.00826400
v 0.01101566 -0.02426303 0.00827200
v 0.00898326 -0.02440847 0.00817200
v 0.00509247 -0.02478082 0.00795700
v 0.00628551 -0.02469843 0.00689300
v 0.00452303 -0.02475312 0.00544600
v 0.00564036 -0.02476461 0.00585500
v 0.00361817 -0.02493720 0.00549999
v -0.02183318 -0.02491696 0.07136499
v -0.01999659 -0.02480029 0.06722500
v -0.02382853 -0.02408193 0.06865700
v -0.02649689 -0.02357068 0.07096100
v -0.01596088 -0.02540200 0.06474500
v -0.02995548 -0.02255887 0.07202200
v -0.01281243 -0.02592367 0.06474100
v -0.03255569 -0.02174629 0.07387199
v -0.02817163 -0.02287609 0.06938900
v -0.03381612 -0.02128622 0.07511700
v -0.03422796 -0.02088979 0.07169700
v -0.03087975 -0.02187757 0.06860100
v -0.03562447 -0.02038175 0.07523900
v -0.03706285 -0.01972665 0.07326400
v -0.03582298 -0.02008673 0.07649899
v -0.03751015 -0.01936514 0.07450400
v -0.03702671 -0.01894026 0.07807100
v -0.03829803 -0.01821919 0.07680799
v -0.03678961 -0.01907783 0.08115200
v -0.03933276 -0.01779301 0.07581500
v -0.03425408 -0.02108185 0.08281299
v -0.04007567 -0.01806647 0.07325300
v -0.03456176 -0.02084696 0.08651000
v -0.03725966 -0.01874686 0.08489798
v -0.03426708 -0.02089492 0.08922400
v -0.03474276 -0.02018567 0.09091900
v -0.03590577 -0.01961379 0.08958799
v -0.03786034 -0.01823225 0.08976800
v -0.03731348 -0.01837204 0.09137899
v -0.03801174 -0.01773669 0.09205900
v -0.03913670 -0.01745907 0.09072400
v -0.03908365 -0.01764889 0.08597700
v -0.03803347 -0.01699961 0.09309000
v -0.03870818 -0.01785715 0.08258500
v -0.04036742 -0.01541902 0.09308900
v -0.03987723 -0.01648314 0.09240800
v -0.04248082 -0.01454474 0.09213600
v -0.04248930 -0.01554494 0.09119799
v -0.04020788 -0.01682187 0.09149700
v -0.04384653 -0.01432245 0.09080600
v -0.04375943 -0.01513073 0.08967700
v -0.04251383 -0.01589194 0.09047999
v -0.04383556 -0.01544062 0.08849600
v -0.04247854 -0.01614918 0.08931100
v -0.04310791 -0.01602977 0.08767000
v -0.04032569 -0.01700217 0.08884800
v -0.04290967 -0.01621278 0.08450200
v -0.04053508 -0.01697848 0.08525400
v -0.04144494 -0.01666505 0.08310300
v -0.04173017 -0.01658200 0.07956500
v -0.04011313 -0.01718474 0.08065100
v -0.03861947 -0.01787851 0.07879400
v -0.03989111 -0.01721706 0.07801100
v -0.04034171 -0.01719092 0.07598200
v -0.04205098 -0.01645995 0.07631900
v -0.04190356 -0.01667570 0.07509000
v -0.04050986 -0.01796582 0.07184700
v -0.04098045 -0.01759007 0.06795900
v -0.03885321 -0.01874398 0.06998600
v -0.03652998 -0.01977142 0.06970900
v -0.03903711 -0.01846060 0.06632600
v -0.03420745 -0.02067254 0.06898399
v -0.03617912 -0.01962051 0.06551900
v -0.03965510 -0.01806357 0.06345200
v -0.03249084 -0.02094601 0.06450000
v -0.04115017 -0.01730402 0.06024500
v -0.03796841 -0.01868393 0.06094900
v -0.03958311 -0.01796051 0.05736500
v -0.03395486 -0.02020289 0.06123000
v -0.03638372 -0.01919907 0.05725100
v -0.03905586 -0.01808762 0.05377500
v -0.03802496 -0.01858170 0.05443800
v -0.03948200 -0.01773509 0.05236400
v -0.03428465 -0.01987931 0.05413500
v -0.03958655 -0.01742347 0.05056300
v -0.03775445 -0.01855096 0.05041300
v -0.03665285 -0.01910112 0.05159300
v -0.03906938 -0.01714436 0.04710000
v -0.03777925 -0.01828948 0.04761199
v -0.03837115 -0.01712460 0.04419600
v -0.03752147 -0.01818380 0.04560700
v -0.03703421 -0.01779857 0.04129300
v -0.03658004 -0.01900384 0.04805700
v -0.03564442 -0.01928474 0.04496000
v -0.03578643 -0.01892571 0.04161000
v -0.03641779 -0.01755180 0.03659600
v -0.03591843 -0.01831021 0.03816200
v -0.03580396 -0.01773088 0.03351700
v -0.03503313 -0.01873271 0.03523400
v -0.03472730 -0.01930467 0.03833600
v -0.03434478 -0.01897167 0.03122400
v -0.03357635 -0.01943147 0.02766900
v -0.03347631 -0.01980745 0.03329400
v -0.03200056 -0.02052294 0.02651500
v -0.03266264 -0.02017347 0.03011400
v -0.03140540 -0.02084836 0.03018100
v -0.03000758 -0.02135588 0.02746100
v -0.03383977 -0.01969119 0.03572400
v -0.03201652 -0.02065523 0.03520100
v -0.03263941 -0.02047447 0.03804700
v -0.03059772 -0.02115427 0.03258600
v -0.03107912 -0.02099338 0.03632500
v -0.03423090 -0.01981413 0.04115900
v -0.03085899 -0.02100968 0.03894400
v -0.03301065 -0.02034839 0.04129499
v -0.03364160 -0.02015336 0.04423500
v -0.02816958 -0.02172216 0.03538300
v -0.03044455 -0.02105959 0.04262100
v -0.02789991 -0.02171387 0.03970400
v -0.02807464 -0.02180048 0.03140500
v -0.02544250 -0.02224095 0.03701900
v -0.02645905 -0.02209951 0.03397900
v -0.02659809 -0.02214044 0.02778999
v -0.02404633 -0.02261415 0.03092700
v -0.02320576 -0.02275042 0.03434599
v -0.02796703 -0.02185920 0.02507700
v -0.02559894 -0.02234076 0.02358300
v -0.02307578 -0.02285882 0.02686000
v -0.02329732 -0.02281258 0.02136000
v -0.02150352 -0.02316010 0.01793500
v -0.02040943 -0.02335945 0.02363400
v -0.01900400 -0.02360078 0.02089600
v -0.01811483 -0.02374029 0.01773400
v -0.01609711 -0.02405684 0.01566099
v -0.01436504 -0.02428364 0.02048600
v -0.01376500 -0.02431347 0.01386700
v -0.01421214 -0.02429966 0.01681100
v -0.01356887 -0.02437608 0.01259500
v -0.01183883 -0.02458464 0.01306300
v -0.01151935 -0.02451276 0.01436399
v -0.01134768 -0.02456390 0.01596000
v -0.00850971 -0.02479843 0.01614699
v -0.01117903 -0.02461702 0.01807800
v -0.01358825 -0.02435265 0.02315100
v -0.01669556 -0.02395925 0.02409900
v -0.01453657 -0.02423474 0.02593900
v -0.01768390 -0.02381023 0.02651600
v -0.01180854 -0.02449538 0.02693300
v -0.02026252 -0.02335119 0.02994600
v -0.01584512 -0.02402367 0.02838299
v -0.01754129 -0.02381210 0.02888299
v -0.02048353 -0.02327041 0.03493400
v -0.01749605 -0.02383348 0.03226000
v -0.01543061 -0.02401711 0.02997600
v -0.01448048 -0.02427919 0.02864399
v -0.01302277 -0.02441017 0.02771500
v -0.01403699 -0.02433490 0.03078199
v -0.01129195 -0.02458104 0.02842000
v -0.01242911 -0.02438080 0.02977300
v -0.00976588 -0.02462263 0.02834900
v -0.01109088 -0.02462945 0.03203000
v -0.00773489 -0.02482857 0.02980300
v -0.00964276 -0.02457060 0.03010800
v -0.00901442 -0.02469500 0.02987900
v -0.00968362 -0.02452609 0.03179300
v -0.00830746 -0.02492338 0.03067300
v -0.00831143 -0.02483805 0.03168900
v -0.00924559 -0.02467400 0.03277800
v -0.00826042 -0.02489447 0.03284500
v -0.00840193 -0.02486699 0.03413899
v -0.00735085 -0.02485796 0.03539299
v -0.01009830 -0.02467381 0.03459900
v -0.00761539 -0.02486951 0.03661900
v -0.00660684 -0.02478920 0.03764600
v -0.00532103 -0.02503082 0.03676500
v -0.00746709 -0.02484773 0.03911300
v -0.00347565 -0.02487552 0.03741600
v -0.00567015 -0.02488588 0.03832900
v -0.00417041 -0.02502276 0.03847200
v -0.00172864 -0.02501849 0.03734499
v -0.00261819 -0.02499506 0.03855500
v -0.00395368 -0.02500612 0.03960200
v -0.00049367 -0.02491153 0.03711900
v -0.00045802 -0.02492992 0.03869200
v -0.00203919 -0.02505397 0.03981700
v -0.00538393 -0.02499217 0.04015900
v -0.00243485 -0.02508266 0.04197100
v 0.00022831 -0.02492794 0.03774199
v 0.00077022 -0.02500261 0.03956400
v 0.00184315 -0.02493442 0.03692600
v 0.00114951 -0.02479751 0.03797300
v 0.00228107 -0.02493671 0.03850900
v -0.00167794 -0.02524968 0.04669100
v -0.00411452 -0.02508559 0.04287700
v -0.00287285 -0.02539537 0.05002200
v -0.00715913 -0.02493608 0.04134700
v -0.00544922 -0.02520997 0.04811200
v -0.00738190 -0.02502837 0.04475600
v -0.00881960 -0.02487329 0.03986199
v -0.00943211 -0.02480885 0.04141600
v -0.00834131 -0.02500570 0.03863200
v -0.00830728 -0.02501254 0.03689800
v -0.00915270 -0.02480577 0.03809500
v -0.00914708 -0.02475927 0.03572200
v -0.00987225 -0.02488600 0.03975500
v -0.01115630 -0.02465817 0.03641400
v -0.01106749 -0.02455899 0.03839200
v -0.01129580 -0.02472063 0.03450600
v -0.01178551 -0.02454861 0.03715199
v -0.01236444 -0.02436153 0.03292800
v -0.01242467 -0.02437290 0.03563900
v -0.01240425 -0.02450650 0.03815700
v -0.01383534 -0.02439985 0.03558700
v -0.01391760 -0.02438123 0.03269600
v -0.01591270 -0.02396022 0.03210700
v -0.01479960 -0.02422738 0.03437799
v -0.01557646 -0.02394868 0.03478000
v -0.01714571 -0.02387573 0.03545800
v -0.01506514 -0.02417984 0.03645900
v -0.01605121 -0.02396661 0.03798800
v -0.01726613 -0.02387023 0.03779500
v -0.01366440 -0.02443222 0.03743000
v -0.01447551 -0.02415745 0.03868100
v -0.01340004 -0.02436736 0.03875800
v -0.01249249 -0.02439192 0.03923800
v -0.01595982 -0.02400213 0.04053800
v -0.01300710 -0.02457543 0.04015500
v -0.01161471 -0.02457874 0.03929500
v -0.01102909 -0.02465024 0.04063500
v -0.01470891 -0.02410074 0.04014200
v -0.01136385 -0.02463526 0.04213200
v -0.01370647 -0.02433940 0.04090899
v -0.01095317 -0.02473244 0.04412500
v -0.01342351 -0.02445082 0.04325600
v -0.01679442 -0.02396183 0.04375900
v -0.00857269 -0.02503894 0.04705900
v -0.01486314 -0.02430796 0.04638900
v -0.01267270 -0.02467827 0.04892100
v -0.01778811 -0.02374861 0.04131599
v -0.01880064 -0.02362843 0.04637000
v -0.02072409 -0.02319220 0.03993200
v -0.02045064 -0.02325179 0.04292900
v -0.02247704 -0.02285333 0.03796900
v -0.02435388 -0.02241733 0.04103799
v -0.02316364 -0.02266400 0.04540000
v -0.02705060 -0.02183212 0.04463799
v -0.02272113 -0.02281925 0.04791800
v -0.02939055 -0.02128428 0.04581699
v -0.02471509 -0.02234440 0.04788800
v -0.01871713 -0.02370299 0.04910400
v -0.02264184 -0.02296263 0.05218400
v -0.01615472 -0.02421815 0.05023000
v -0.01932932 -0.02372993 0.05201499
v -0.02214686 -0.02329115 0.05573000
v -0.01817196 -0.02415385 0.05541599
v -0.01430066 -0.02459777 0.05195499
v -0.02583628 -0.02220634 0.05282000
v -0.01405106 -0.02493620 0.05665000
v -0.02686075 -0.02193769 0.04978199
v -0.01005868 -0.02519469 0.05334300
v -0.03018988 -0.02107643 0.04908000
v -0.00925457 -0.02507649 0.04992200
v -0.03321458 -0.02023250 0.04682400
v -0.00743048 -0.02521960 0.04995400
v -0.03520475 -0.01960282 0.04760400
v -0.03426071 -0.01988947 0.04918300
v -0.03191967 -0.02059856 0.05298300
v -0.02833128 -0.02162962 0.05317600
v -0.03268919 -0.02046638 0.05776800
v -0.02936537 -0.02146553 0.05649600
v -0.02687343 -0.02214415 0.05647099
v -0.03052482 -0.02142529 0.06204100
v -0.02797830 -0.02216728 0.06151100
v -0.02918607 -0.02212827 0.06530700
v -0.02570249 -0.02318871 0.06533900
v -0.02481889 -0.02285764 0.05953799
v -0.02499521 -0.02309132 0.06266300
v -0.02295736 -0.02383902 0.06472400
v -0.02127895 -0.02400285 0.06253300
v -0.01915459 -0.02462864 0.06381700
v -0.01790465 -0.02471163 0.06170400
v -0.02023888 -0.02396090 0.05899400
v -0.02450226 -0.02271828 0.05655000
v -0.01661216 -0.02475836 0.05923600
v -0.01448428 -0.02534003 0.06146100
v -0.01311641 -0.02531664 0.05958400
v -0.01161144 -0.02582510 0.06248100
v -0.01098546 -0.02534340 0.05682500
v -0.00950700 -0.02574283 0.05958500
v -0.00842089 -0.02621689 0.06295300
v -0.00940561 -0.02552188 0.05724000
v -0.00724252 -0.02592078 0.05967900
v -0.00390772 -0.02636945 0.06200700
v -0.00357826 -0.02603348 0.05902500
v -0.00600208 -0.02580093 0.05775400
v -0.00797253 -0.02548054 0.05587399
v -0.00816959 -0.02533823 0.05325100
v -0.00612240 -0.02571074 0.05610000
v -0.00426754 -0.02582998 0.05744900
v -0.00566815 -0.02550052 0.05281800
v -0.00442924 -0.02573744 0.05560700
v -0.00198000 -0.02580261 0.05578600
v -0.00509087 -0.02540227 0.05121799
v -0.00352474 -0.02567706 0.05481300
v -0.00360400 -0.02557714 0.05287900
v -0.00106274 -0.02567377 0.05336500
v 0.00085833 -0.02561144 0.05272900
v 0.00013148 -0.02566793 0.05407900
v -0.00058577 -0.02599356 0.05759500
v -0.00187830 -0.02601091 0.05836100
v -0.00043292 -0.02607365 0.05922299
v 0.01711365 0.01018581 -0.06694100
v 0.01583050 0.01177990 -0.06742201
v 0.01695014 0.01072453 -0.06982599
v 0.01500821 0.01285245 -0.07011299
v 0.01385218 0.01425462 -0.07001301
v 0.01539952 0.01273524 -0.07180799
v 0.01636211 0.01156837 -0.07300001
v 0.01425495 0.01397502 -0.07285500
v 0.01315682 0.01500171 -0.07148500
v 0.01606663 0.01154279 -0.07412699
v 0.01198379 0.01592874 -0.07285301
v 0.01568138 0.01070687 -0.07500601
v 0.01445333 0.01356707 -0.07374401
v 0.01407506 0.01318012 -0.07476500
v 0.01350479 0.01227173 -0.07534401
v 0.01277303 0.01461709 -0.07452200
v 0.01127162 0.01193992 -0.07545301
v 0.01208950 0.01441186 -0.07505400
v 0.01099787 0.01435594 -0.07537399
v 0.01055417 0.01602608 -0.07482100
v 0.01254586 0.01541531 -0.07345200
v 0.01114682 0.01638830 -0.07353102
v 0.01090133 0.01625786 -0.07422201
v 0.00829738 0.01788571 -0.07411800
v 0.00797360 0.01750169 -0.07472601
v 0.00540176 0.01831200 -0.07487400
v 0.00774282 0.01684028 -0.07527201
v 0.00972126 0.01584513 -0.07525400
v 0.00917180 0.01522123 -0.07542999
v 0.00527995 0.01769233 -0.07534201
v 0.00656400 0.01599032 -0.07545500
v 0.00850072 0.01335618 -0.07544500
v 0.00953864 0.01083632 -0.07538700
v 0.00556065 0.01402839 -0.07545700
v 0.00802512 0.01097143 -0.07565500
v 0.00748806 0.01211195 -0.07547300
v 0.00750862 0.01030746 -0.07619801
v 0.00636700 0.01145691 -0.07591700
v 0.00613693 0.01043887 -0.07698999
v 0.00580036 0.01283485 -0.07553501
v 0.00544907 0.01163362 -0.07602600
v 0.00604409 0.00987209 -0.07847000
v 0.00488716 0.00967769 -0.08079300
v 0.00470038 0.01033817 -0.07806700
v 0.00426535 0.01125069 -0.07638700
v 0.00413934 0.01237425 -0.07578699
v 0.00387330 0.01355181 -0.07549200
v 0.00301488 0.01220516 -0.07637800
v 0.00245282 0.01358877 -0.07574400
v 0.00338873 0.01519475 -0.07545700
v 0.00339484 0.01123455 -0.07743601
v 0.00312429 0.01090941 -0.07916401
v 0.00162120 0.01159632 -0.07747200
v 0.00311019 0.01043088 -0.08170000
v 0.00120004 0.01100595 -0.08100000
v 0.00371396 0.00989540 -0.08330999
v 0.00288198 0.01020293 -0.08323000
v 0.00360913 0.00990948 -0.08436899
v 0.00430704 0.00945246 -0.08485500
v 0.00226790 0.01007684 -0.08446301
v 0.00392151 0.01017449 -0.08548700
v 0.00330070 0.01043692 -0.08540399
v 0.00393262 0.00977325 -0.08620399
v 0.00343503 0.01032341 -0.08590700
v 0.00238779 0.00946865 -0.08695101
v 0.00251054 0.01046163 -0.08561901
v 0.00136413 0.00958052 -0.08682701
v 0.00149984 0.01012801 -0.08573399
v 0.00101306 0.01002286 -0.08478601
v 0.00111481 0.00923117 -0.08900499
v 0.00030378 0.00970579 -0.08631901
v -0.00024555 0.01029529 -0.08398300
v -0.00071389 0.00979339 -0.08491400
v -0.00035376 0.01116903 -0.08015299
v -0.00142432 0.01026442 -0.08373499
v -0.00255995 0.00945478 -0.08640901
v -0.00278720 0.00967183 -0.08489601
v -0.00078347 0.00945030 -0.08763599
v -0.00051807 0.00887268 -0.09083101
v -0.00197710 0.00889560 -0.08981800
v 0.00056075 0.00849406 -0.09295101
v -0.00051670 0.00832566 -0.09366198
v 0.00041600 0.00809162 -0.09434101
v -0.00194633 0.00820030 -0.09346700
v -0.00129615 0.00779721 -0.09468000
v -0.00029344 0.00748239 -0.09511801
v 0.00022282 0.00681241 -0.09550300
v -0.00187460 0.00682602 -0.09541899
v -0.00143602 0.00610102 -0.09565000
v -0.00322856 0.00710417 -0.09479400
v -0.00288914 0.00627351 -0.09548200
v -0.00339992 0.00483471 -0.09564899
v -0.00336769 0.00758256 -0.09407301
v -0.00428893 0.00594971 -0.09518400
v -0.00414151 0.00687030 -0.09437601
v -0.00375752 0.00772630 -0.09273901
v -0.00499873 0.00468447 -0.09557499
v -0.00572534 0.00542962 -0.09485300
v -0.00495147 0.00692513 -0.09340101
v -0.00297302 0.00854050 -0.09023300
v -0.00417709 0.00823248 -0.08945400
v -0.00381131 0.00881269 -0.08763201
v -0.00512633 0.00732961 -0.09120701
v -0.00557814 0.00777777 -0.08816900
v -0.00647197 0.00649613 -0.09031099
v -0.00390631 0.00917240 -0.08666099
v -0.00494313 0.00864673 -0.08687000
v -0.00411284 0.00981194 -0.08568800
v -0.00518724 0.00955860 -0.08594200
v -0.00572820 0.00815108 -0.08681700
v -0.00498473 0.00973880 -0.08534099
v -0.00566097 0.00917197 -0.08555098
v -0.00635394 0.00778769 -0.08607500
v -0.00772206 0.00635865 -0.08667000
v -0.00613940 0.00813442 -0.08432701
v -0.00763574 0.00683586 -0.08522299
v -0.00403256 0.00949432 -0.08452299
v -0.00507157 0.00906843 -0.08428600
v -0.00341483 0.00989262 -0.08329000
v -0.00627360 0.00820985 -0.08339001
v -0.00494596 0.00931061 -0.08303600
v -0.00346319 0.01035964 -0.08138601
v -0.00756140 0.00754846 -0.08296200
v -0.00629270 0.00868184 -0.08116600
v -0.00468118 0.00990109 -0.08127901
v -0.00197027 0.01086444 -0.08031799
v -0.00291847 0.01117459 -0.07826401
v -0.00107293 0.01155035 -0.07810701
v 0.00009892 0.01172104 -0.07761200
v -0.00246730 0.01170768 -0.07718399
v -0.00485918 0.01052852 -0.07797201
v 0.00029959 0.01250603 -0.07652601
v -0.00205474 0.01227780 -0.07653700
v 0.00024834 0.01346532 -0.07583601
v -0.00130556 0.01324170 -0.07583000
v -0.00268488 0.01276907 -0.07602699
v -0.00012657 0.01457067 -0.07557600
v -0.00130208 0.01447324 -0.07549702
v -0.00331156 0.01355001 -0.07573000
v 0.00181080 0.01508344 -0.07561001
v 0.00042934 0.01693219 -0.07562801
v 0.00256519 0.01730857 -0.07550200
v 0.00417435 0.01731428 -0.07552700
v 0.00331155 0.01821718 -0.07532700
v 0.00104386 0.01799344 -0.07549200
v 0.00387906 0.01886058 -0.07469900
v 0.00192052 0.01865880 -0.07512400
v 0.00199929 0.01930760 -0.07438501
v -0.00000625 0.01842180 -0.07529501
v 0.00028060 0.01923323 -0.07462400
v -0.00052357 0.01690105 -0.07565901
v -0.00063216 0.01966522 -0.07374500
v -0.00035750 0.01539330 -0.07570400
v -0.00009757 0.01988045 -0.07318300
v -0.00234594 0.01904450 -0.07458000
v -0.00095957 0.01873522 -0.07490900
v -0.00245575 0.01856314 -0.07492901
v -0.00151005 0.01734368 -0.07518700
v -0.00337682 0.01775477 -0.07544500
v -0.00148646 0.01656235 -0.07622900
v -0.00455233 0.01700986 -0.07558001
v -0.00226486 0.01694491 -0.07553900
v -0.00261827 0.01631709 -0.07569901
v -0.00107047 0.01625759 -0.07622400
v -0.00158608 0.01601801 -0.07627399
v -0.00247581 0.01526043 -0.07568100
v -0.00313492 0.01482864 -0.07562099
v -0.00482966 0.01394563 -0.07565701
v -0.00502834 0.01266115 -0.07582201
v -0.00500369 0.01161104 -0.07637100
v -0.00644251 0.01133096 -0.07578600
v -0.00511766 0.01085117 -0.07702900
v -0.00626132 0.01019920 -0.07657101
v -0.00778587 0.01025970 -0.07599401
v -0.00632002 0.00963096 -0.07736301
v -0.00650585 0.00911126 -0.07868502
v -0.00749118 0.00896026 -0.07777000
v -0.00702571 0.00862362 -0.08009399
v -0.00787096 0.00927355 -0.07674801
v -0.00826961 0.00749493 -0.08071600
v -0.00839663 0.00818871 -0.07769899
v -0.00920335 0.00829214 -0.07648800
v -0.00946151 0.00696990 -0.07793900
v -0.01071244 0.00696097 -0.07613699
v -0.00972081 0.00722662 -0.07695101
v -0.01200193 0.00466532 -0.07610300
v -0.01121804 0.00512236 -0.07671301
v -0.01013311 0.00612734 -0.07766199
v -0.01304063 0.00263801 -0.07585300
v -0.01226210 0.00335371 -0.07632301
v -0.01110814 0.00417838 -0.07787701
v -0.01394532 0.00017142 -0.07553699
v -0.01285382 0.00147344 -0.07616800
v -0.01201036 0.00266456 -0.07687700
v -0.01453980 -0.00068650 -0.07534599
v -0.01282958 -0.00025330 -0.07637100
v -0.01732940 -0.00258765 -0.07536699
v -0.01367966 -0.00260402 -0.07563000
v -0.01847966 -0.00235686 -0.07520601
v -0.01464826 -0.00352692 -0.07533201
v -0.01753115 -0.00518206 -0.07529501
v -0.01859511 -0.00454576 -0.07503401
v -0.01922798 -0.00447810 -0.07453201
v -0.01788910 -0.00650649 -0.07514702
v -0.01576149 -0.00689684 -0.07530701
v -0.01957904 -0.00494940 -0.07365400
v -0.01377413 -0.00569046 -0.07534899
v -0.01267137 -0.00570555 -0.07575800
v -0.01848642 -0.00734039 -0.07447500
v -0.01889530 -0.00692674 -0.07407200
v -0.01866779 -0.00816182 -0.07371799
v -0.01959480 -0.00551630 -0.07305601
v -0.01897763 -0.00768375 -0.07305601
v -0.01993440 -0.00402832 -0.07094200
v -0.01957042 -0.00592209 -0.07117500
v -0.01904552 -0.00760822 -0.06976000
v -0.01923091 -0.00689075 -0.06838900
v -0.01957507 -0.00548774 -0.06847200
v -0.01924512 -0.00593632 -0.06565700
v -0.01969451 -0.00387268 -0.06809099
v -0.01986016 -0.00256609 -0.06954800
v -0.01993168 -0.00128859 -0.06725201
v -0.01966225 -0.00420359 -0.06464300
v -0.01919566 -0.00592473 -0.06377001
v -0.01992642 0.00022356 -0.06611300
v -0.01985378 -0.00220813 -0.06465801
v -0.01988250 -0.00055336 -0.06361001
v -0.01969752 -0.00311965 -0.06343300
v -0.01924016 0.00024840 -0.06245800
v -0.01910564 -0.00215524 -0.06235700
v -0.01909365 -0.00497292 -0.06292700
v -0.01869143 -0.00350325 -0.06207100
v -0.01793041 -0.00690068 -0.06206300
v -0.01826192 -0.00558561 -0.06200900
v -0.01805769 -0.00628175 -0.06180900
v -0.01855854 -0.00441354 -0.06185400
v -0.01871385 -0.00275501 -0.06188900
v -0.01918852 -0.00423412 -0.06143401
v -0.01818872 -0.00753737 -0.06153299
v -0.01979181 -0.00667656 -0.06056900
v -0.01889242 -0.00135602 -0.06217900
v -0.02175457 -0.00611283 -0.05870399
v -0.01899055 -0.00187385 -0.06181700
v -0.02459180 -0.00548753 -0.05556200
v -0.02105718 -0.00362017 -0.06001699
v -0.02259716 -0.00395943 -0.05827600
v -0.02613689 -0.00548567 -0.05385100
v -0.02570581 -0.00219230 -0.05484701
v -0.02877304 -0.00472193 -0.05147901
v -0.02257430 -0.00138468 -0.05866500
v -0.03181425 -0.00358419 -0.04914800
v -0.02818642 -0.00281017 -0.05225500
v -0.03431108 -0.00422233 -0.04678301
v -0.02970275 -0.00095414 -0.05107700
v -0.03605614 -0.00475807 -0.04488001
v -0.03379951 -0.00096204 -0.04759001
v -0.03754146 -0.00468707 -0.04318700
v -0.03515984 -0.00157418 -0.04621301
v -0.03638144 -0.00182370 -0.04488101
v -0.03555462 0.00102249 -0.04588900
v -0.03166881 -0.00008592 -0.04947701
v -0.03318910 0.00192713 -0.04813999
v -0.03034604 0.00219343 -0.05050099
v -0.02821437 -0.00008892 -0.05242100
v -0.03255956 0.00422154 -0.04847201
v -0.02691961 -0.00079060 -0.05366301
v -0.02874146 0.00268233 -0.05181900
v -0.02538566 0.00068102 -0.05538799
v -0.02687366 0.00121921 -0.05369201
v -0.02594661 0.00303210 -0.05449400
v -0.02197139 0.00040936 -0.05942201
v -0.02267096 0.00331684 -0.05826200
v -0.02523571 0.00651631 -0.05451701
v -0.02946018 0.00425736 -0.05101801
v -0.02742615 0.00631845 -0.05244101
v -0.03154156 0.00635106 -0.04905900
v -0.02902704 0.00802134 -0.05076699
v -0.02672509 0.00968734 -0.05221600
v -0.03311009 0.00754158 -0.04747400
v -0.03146451 0.00893323 -0.04859101
v -0.03048294 0.01164747 -0.04872400
v -0.03451529 0.00495284 -0.04657500
v -0.03324526 0.01096993 -0.04646700
v -0.03502083 0.00806149 -0.04544000
v -0.03670969 0.00347368 -0.04443300
v -0.03655954 0.00747184 -0.04391100
v -0.03559847 0.01011222 -0.04425701
v -0.03739490 0.00030338 -0.04381501
v -0.03792582 0.00467538 -0.04279400
v -0.03812528 -0.00183959 -0.04278900
v -0.03845982 0.00227849 -0.04237700
v -0.03923364 0.00012788 -0.04148000
v -0.03901289 -0.00427106 -0.04135200
v -0.03993348 -0.00203783 -0.04035400
v -0.04011106 -0.00486194 -0.03966100
v -0.04153795 -0.00419000 -0.03748000
v -0.04029398 0.00108748 -0.04000501
v -0.04138040 -0.00126721 -0.03815300
v -0.04250772 -0.00397933 -0.03577300
v -0.04249142 -0.00133554 -0.03623300
v -0.04341318 -0.00493773 -0.03378901
v -0.04356452 -0.00169589 -0.03408900
v -0.04435299 -0.00416509 -0.03184501
v -0.04141968 0.00116118 -0.03821600
v -0.04310946 0.00104739 -0.03522701
v -0.04454505 -0.00054312 -0.03207300
v -0.04486306 -0.00603983 -0.03001101
v -0.04499615 -0.00329242 -0.03041201
v -0.04553105 -0.00637225 -0.02787000
v -0.04566139 -0.00328055 -0.02856501
v -0.04616976 -0.00689418 -0.02537500
v -0.04630670 -0.00261771 -0.02659401
v -0.04603983 -0.00115468 -0.02778700
v -0.04619404 -0.00822335 -0.02430700
v -0.04668762 -0.00697528 -0.02276300
v -0.04684319 -0.00383811 -0.02382600
v -0.04685080 -0.00861377 -0.02013300
v -0.04709263 -0.00563118 -0.02126700
v -0.04692582 -0.00144020 -0.02417100
v -0.04662233 -0.01031748 -0.01797701
v -0.04682618 0.00080104 -0.02493700
v -0.04723541 -0.00065697 -0.02260700
v -0.04729623 -0.00341332 -0.02111700
v -0.04752318 0.00020065 -0.02051200
v -0.04746741 -0.00444875 -0.01858601
v -0.04730786 -0.00710309 -0.01794000
v -0.04703029 -0.00906990 -0.01650001
v -0.04746331 -0.00654282 -0.01433400
v -0.04758990 0.00009209 -0.01833900
v -0.04655396 -0.01087556 -0.01454000
v -0.04758465 -0.00168960 -0.01399100
v -0.04594407 -0.01196225 -0.01652500
v -0.04586432 -0.01212755 -0.01343900
v -0.04562385 -0.01225461 -0.00973200
v -0.04629774 -0.01122658 -0.01091801
v -0.04535807 -0.01203283 -0.00580701
v -0.04624367 -0.01106593 -0.00916800
v -0.04674466 -0.01021667 -0.01163700
v -0.04698154 -0.00957185 -0.01449600
v -0.04723886 -0.00814596 -0.01234000
v -0.04683208 -0.00920183 -0.00934200
v -0.04626925 -0.01023813 -0.00708000
v -0.04718369 -0.00731985 -0.01002000
v -0.04748242 -0.00489104 -0.01027801
v -0.04682725 -0.00832285 -0.00777400
v -0.04710468 -0.00632242 -0.00806500
v -0.04758502 -0.00275516 -0.01071900
v -0.04744193 -0.00297342 -0.00828900
v -0.04766299 0.00125076 -0.01449301
v -0.04709604 -0.00252709 -0.00562200
v -0.04756268 0.00163294 -0.02009501
v -0.04741661 0.00347425 -0.02086700
v -0.04731779 0.00129108 -0.02217900
v -0.04700085 0.00444605 -0.02301000
v -0.04649145 0.00734550 -0.02409201
v -0.04649391 0.00475992 -0.02530801
v -0.04616594 0.00132252 -0.02754300
v -0.04597408 0.00904549 -0.02492201
v -0.04596626 0.00697809 -0.02647600
v -0.04549963 0.00263120 -0.02944301
v -0.04547661 0.00023361 -0.02969800
v -0.04416495 0.00136070 -0.03298800
v -0.04408178 0.00365782 -0.03276199
v -0.04330379 0.00445413 -0.03428600
v -0.04460400 0.00581864 -0.03096300
v -0.04516179 0.00680282 -0.02906600
v -0.04496381 0.01003327 -0.02792300
v -0.04416384 0.00899517 -0.03077301
v -0.04542435 0.01106743 -0.02490801
v -0.04291274 0.00815993 -0.03397201
v -0.04515165 0.01236503 -0.02300800
v -0.04434575 0.01196537 -0.02743700
v -0.04468443 0.01345296 -0.02130701
v -0.04433257 0.01263114 -0.02608601
v -0.04401505 0.01391406 -0.02329101
v -0.04391434 0.01436887 -0.02100000
v -0.04391622 0.01104758 -0.03014200
v -0.04345977 0.01278320 -0.02916300
v -0.04288663 0.01108528 -0.03266200
v -0.04284355 0.01225656 -0.03169000
v -0.04267726 0.01424789 -0.02815500
v -0.04243210 0.01341270 -0.03100600
v -0.04201271 0.01201035 -0.03390700
v -0.04138251 0.01366136 -0.03335800
v -0.04122350 0.01494964 -0.03107301
v -0.04275455 0.01457510 -0.02664101
v -0.04117426 0.01566964 -0.02881201
v -0.04248068 0.01522799 -0.02462300
v -0.03938472 0.01659171 -0.03165800
v -0.04029027 0.01653395 -0.02787000
v -0.04231670 0.01553752 -0.02320800
v -0.03948845 0.01564607 -0.03420701
v -0.04116756 0.01623822 -0.02447100
v -0.04300799 0.01529865 -0.02004001
v -0.04151257 0.01618043 -0.02169400
v -0.04006428 0.01683346 -0.02458800
v -0.04394399 0.01462915 -0.01820001
v -0.04310717 0.01542331 -0.01672600
v -0.04196348 0.01610350 -0.01817900
v -0.04176421 0.01638611 -0.01436300
v -0.04000893 0.01700225 -0.02066900
v -0.04004827 0.01710151 -0.01696701
v -0.04018172 0.01715055 -0.01287701
v -0.03844338 0.01799549 -0.00982300
v -0.03739556 0.01830139 -0.01273400
v -0.03856266 0.01778105 -0.01522901
v -0.03722498 0.01826050 -0.01589000
v -0.03767642 0.01799803 -0.01945100
v -0.03530527 0.01894154 -0.01466900
v -0.03476314 0.01917964 -0.01265901
v -0.03348882 0.01948935 -0.01498200
v -0.03605716 0.01864691 -0.01737000
v -0.03305568 0.01949886 -0.01931100
v -0.03713605 0.01813475 -0.02157801
v -0.03473585 0.01895730 -0.02058701
v -0.03815474 0.01772088 -0.02407201
v -0.03543723 0.01875096 -0.02198701
v -0.03322885 0.01941593 -0.02247300
v -0.03518861 0.01877362 -0.02486700
v -0.03823265 0.01761925 -0.02764101
v -0.03644875 0.01835142 -0.02711500
v -0.03367109 0.01926471 -0.02690400
v -0.03939662 0.01695526 -0.02947400
v -0.03584664 0.01859774 -0.02926900
v -0.03730780 0.01790673 -0.03186601
v -0.03283660 0.01952102 -0.02873200
v -0.03733902 0.01755931 -0.03418001
v -0.03607697 0.01833919 -0.03414201
v -0.03020171 0.02017987 -0.02750401
v -0.03195999 0.01974860 -0.02614100
v -0.02842053 0.02059598 -0.02460501
v -0.03018939 0.02014748 -0.02368200
v -0.02871716 0.02052418 -0.02201501
v -0.03143069 0.01989763 -0.02268200
v -0.03370886 0.01928834 -0.03668000
v -0.03523807 0.01849586 -0.03636001
v -0.03275315 0.01946170 -0.03884801
v -0.03420574 0.01872686 -0.03817000
v -0.03655332 0.01726817 -0.03719400
v -0.03103166 0.01990098 -0.04097900
v -0.03288381 0.01863178 -0.04100200
v -0.03077078 0.01953278 -0.04236000
v -0.03526138 0.01730207 -0.03965000
v -0.03294346 0.01799985 -0.04213200
v -0.02996821 0.01895637 -0.04456500
v -0.02751024 0.01959254 -0.04640601
v -0.02873032 0.01814629 -0.04698000
v -0.03009790 0.01807498 -0.04560300
v -0.03042223 0.01663525 -0.04664401
v -0.03206708 0.01708033 -0.04455300
v -0.03004743 0.01556036 -0.04766000
v -0.03285774 0.01527907 -0.04511300
v -0.03310747 0.01686361 -0.04349800
v -0.03477190 0.01632841 -0.04186100
v -0.03470770 0.01496711 -0.04323100
v -0.03299479 0.01432150 -0.04552301
v -0.02924340 0.01357975 -0.04909101
v -0.03142707 0.01343877 -0.04732501
v -0.02726095 0.01085884 -0.05142401
v -0.02481247 0.00877771 -0.05427300
v -0.02134385 0.00627441 -0.05896501
v -0.02009629 0.00627282 -0.06023800
v -0.02127169 0.00292278 -0.05986401
v -0.01991350 0.00418764 -0.06083701
v -0.02112506 0.00058352 -0.06026100
v -0.01846603 0.00367426 -0.06190400
v -0.01989391 0.00281594 -0.06104100
v -0.01882870 0.00189339 -0.06223201
v -0.01867864 0.00208825 -0.06192901
v -0.01883712 0.00068350 -0.06199301
v -0.01968212 0.00058157 -0.06131500
v -0.01880205 -0.00060569 -0.06192800
v -0.01946136 -0.00147302 -0.06147901
v -0.02118577 -0.00103111 -0.06018801
v -0.03770429 0.01705711 -0.03505301
v -0.03777205 0.01618854 -0.03689699
v -0.03938842 0.01466608 -0.03618501
v -0.03714731 0.01547469 -0.03918601
v -0.04039586 0.01301441 -0.03623100
v -0.03925567 0.01334086 -0.03789301
v -0.03640443 0.01405127 -0.04173201
v -0.03808856 0.01324958 -0.03988900
v -0.03913490 0.01191318 -0.03905801
v -0.04129420 0.01159673 -0.03560700
v -0.03749464 0.01199476 -0.04132701
v -0.04059306 0.01001612 -0.03748800
v -0.03553471 0.01300855 -0.04334801
v -0.03905511 0.00900697 -0.04024099
v -0.03425533 0.01212220 -0.04507900
v -0.03700184 0.01047869 -0.04251201
v -0.03835917 0.00718632 -0.04174200
v -0.04040272 0.00745734 -0.03875000
v -0.03934633 0.00471996 -0.04089000
v -0.04071562 0.00442450 -0.03893200
v -0.04170640 0.00876248 -0.03603200
v -0.04197428 0.00686968 -0.03618101
v -0.04187287 0.00432149 -0.03703000
v -0.04699697 -0.00447679 -0.00585300
v -0.04630547 -0.00444984 -0.00270600
v -0.04669331 -0.00666108 -0.00560901
v -0.04562292 -0.00312849 -0.00002400
v -0.04610123 -0.00923830 -0.00480500
v -0.04478902 -0.00504899 0.00180699
v -0.04573370 -0.00655022 -0.00153200
v -0.04467734 -0.00753202 0.00115700
v -0.04583069 -0.00879801 -0.00325500
v -0.04500711 -0.00880540 -0.00037001
v -0.04539929 -0.01089638 -0.00366100
v -0.04515547 -0.00998413 -0.00176300
v -0.04424416 -0.01060127 0.00065100
v -0.04419475 -0.01269610 -0.00184000
v -0.04430125 -0.01182091 -0.00072001
v -0.04300243 -0.01331410 0.00106100
v -0.04324145 -0.01216757 0.00207100
v -0.04171610 -0.01401004 0.00367599
v 0.00012589 -0.00939622 -0.09484900
v -0.00035049 -0.00852481 -0.09541700
v -0.00125924 -0.00921457 -0.09494200
v -0.00089924 -0.00992251 -0.09383400
v -0.00107200 -0.00792632 -0.09554500
v -0.00142490 -0.01010134 -0.09285299
v -0.00266703 -0.00836713 -0.09533100
v -0.00254044 -0.00924107 -0.09451500
v -0.00319343 -0.00946905 -0.09368400
v -0.00282058 -0.01009554 -0.09111000
v -0.00427330 -0.00988628 -0.08914100
v -0.00376396 -0.00871194 -0.09458099
v -0.00500098 -0.00890820 -0.09194201
v -0.00562839 -0.00928066 -0.08830000
v -0.00612410 -0.00953738 -0.08594000
v -0.00510403 -0.00831150 -0.09384300
v -0.00727544 -0.00854133 -0.08595501
v -0.00615563 -0.00813237 -0.09134300
v -0.00870331 -0.00777446 -0.08309801
v -0.00645458 -0.00719613 -0.09368801
v -0.00897011 -0.00819570 -0.08080299
v -0.00737075 -0.00760137 -0.08886501
v -0.00965664 -0.00776306 -0.07920200
v -0.00984511 -0.00650001 -0.08196899
v -0.01047290 -0.00721886 -0.07719101
v -0.00844963 -0.00712820 -0.08636999
v -0.01140633 -0.00662058 -0.07637400
v -0.01103420 -0.00582580 -0.07789101
v -0.01215288 -0.00500874 -0.07631901
v -0.01290367 -0.00266725 -0.07615700
v -0.01226457 -0.00282772 -0.07705500
v -0.01160556 -0.00448713 -0.07761900
v -0.01152101 -0.00388098 -0.07899200
v -0.01073850 -0.00453796 -0.08202001
v -0.00982317 -0.00498950 -0.08570000
v -0.01111495 -0.00276058 -0.08258901
v -0.01048661 -0.00390615 -0.08421699
v -0.00917551 -0.00561097 -0.08713100
v -0.01035722 -0.00286168 -0.08615200
v -0.00933880 -0.00426301 -0.08901800
v -0.00834611 -0.00627264 -0.08905300
v -0.00758450 -0.00635693 -0.09219499
v -0.00825357 -0.00497461 -0.09288700
v -0.00754521 -0.00572179 -0.09379400
v -0.00687228 -0.00609434 -0.09456899
v -0.00819780 -0.00435950 -0.09411199
v -0.00910762 -0.00299667 -0.09217600
v -0.00969234 -0.00303310 -0.08901600
v -0.00960053 -0.00148598 -0.09064899
v -0.01007825 -0.00113980 -0.08823299
v -0.00889653 -0.00260175 -0.09360800
v -0.00939432 -0.00059579 -0.09184400
v -0.01063985 -0.00068414 -0.08573101
v -0.01017854 0.00108853 -0.08730499
v -0.00894608 -0.00046884 -0.09381300
v -0.01151840 -0.00141279 -0.08120701
v -0.00862320 -0.00228540 -0.09441400
v -0.01177891 -0.00220824 -0.07936899
v -0.01206226 -0.00236390 -0.07772800
v -0.01192214 -0.00081557 -0.07879400
v -0.01230691 -0.00053708 -0.07736601
v -0.01146158 0.00053049 -0.08129600
v -0.01197597 0.00077491 -0.07827400
v -0.01207650 0.00125212 -0.07745401
v -0.01157222 0.00278819 -0.07812201
v -0.01138747 0.00203080 -0.08028601
v -0.01109468 0.00294834 -0.08038200
v -0.01086581 0.00245358 -0.08238499
v -0.01059124 0.00093780 -0.08540201
v -0.01000002 0.00330062 -0.08524401
v -0.01037585 0.00391751 -0.08220100
v -0.01016928 0.00519756 -0.08023100
v -0.00960492 0.00500688 -0.08314300
v -0.00911973 0.00591445 -0.08274801
v -0.00843766 0.00608555 -0.08481300
v -0.00904844 0.00474134 -0.08622000
v -0.00826102 0.00497635 -0.08877800
v -0.00916717 0.00300793 -0.08942900
v -0.00686673 0.00537419 -0.09274900
v -0.00952925 0.00109537 -0.09034899
v -0.00631016 0.00542365 -0.09411800
v -0.00779797 0.00408887 -0.09301401
v -0.00688944 0.00450170 -0.09451299
v -0.00867769 0.00252314 -0.09261001
v -0.00823945 0.00284662 -0.09395500
v -0.00884526 0.00109183 -0.09360401
v -0.00627176 0.00434706 -0.09516100
v -0.00766252 0.00285703 -0.09478201
v -0.00826368 0.00135121 -0.09466002
v -0.00868810 0.00007238 -0.09441499
v -0.00772910 0.00066042 -0.09535600
v -0.00685587 0.00273298 -0.09544201
v -0.00821787 -0.00133307 -0.09506899
v -0.00689502 0.00111028 -0.09559999
v -0.00775737 -0.00296363 -0.09518900
v -0.00729274 -0.00116521 -0.09556000
v -0.00710705 -0.00439013 -0.09528099
v -0.00690936 -0.00301072 -0.09556600
v -0.00650414 -0.00089159 -0.09560299
v -0.00556700 0.00259327 -0.09564300
v -0.00570209 -0.00514185 -0.09555401
v -0.00440857 0.00273490 -0.09551201
v -0.00619268 -0.00619270 -0.09508699
v -0.00539235 0.00153055 -0.09552998
v -0.00536089 -0.00758324 -0.09467901
v -0.00409835 -0.00781824 -0.09515800
v -0.00460327 -0.00697056 -0.09542002
v -0.00312324 -0.00691330 -0.09557198
v -0.00552928 -0.00362911 -0.09555000
v -0.00054435 -0.00646317 -0.09541401
v -0.00224103 -0.00599175 -0.09533100
v -0.00112224 -0.00426460 -0.09434101
v -0.00344150 -0.00525731 -0.09540701
v -0.00234202 -0.00375226 -0.09449301
v -0.00023865 -0.00286889 -0.09388300
v -0.00210543 -0.00215580 -0.09403200
v -0.00087186 -0.00081088 -0.09372600
v -0.00444348 -0.00359463 -0.09526500
v -0.00340680 -0.00261371 -0.09454700
v -0.00509504 -0.00249351 -0.09534500
v -0.00350983 -0.00137716 -0.09443001
v -0.00549198 -0.00124300 -0.09542400
v -0.00209155 -0.00096886 -0.09392601
v -0.00474837 0.00049349 -0.09516401
v -0.00321541 -0.00009747 -0.09432300
v -0.00193645 0.00057637 -0.09403200
v -0.00317639 0.00099514 -0.09447500
v -0.00055086 0.00045210 -0.09380800
v -0.00302359 0.00373527 -0.09547300
v -0.00144658 0.00217831 -0.09432300
v -0.00147569 0.00436448 -0.09541000
v 0.00018911 0.00168606 -0.09404199
v -0.00051633 0.00295454 -0.09455000
f 1 2 3
f 2 1 3
f 4 1 2
f 1 4 5
f 4 2 6
f 2 7 6
f 1 7 2
f 1 5 7
f 6 8 4
f 9 6 7
f 10 6 9
f 7 5 11
f 9 7 11
f 10 9 12
f 9 11 12
f 12 13 10
f 11 5 14
f 14 5 4
f 15 13 12
f 13 15 16
f 12 11 17
f 15 12 17
f 16 15 18
f 15 17 18
f 19 16 18
f 16 19 20
f 21 18 17
f 18 21 19
f 11 22 17
f 22 11 14
f 17 23 21
f 17 22 23
f 19 21 24
f 25 21 23
f 21 25 24
f 26 20 19
f 20 26 27
f 28 19 24
f 26 19 28
f 27 26 29
f 27 29 30
f 31 29 26
f 30 29 31
f 28 32 26
f 30 31 33
f 30 33 34
f 26 35 31
f 26 32 35
f 31 36 33
f 31 35 36
f 37 34 33
f 34 37 38
f 36 39 33
f 40 38 37
f 40 41 38
f 33 42 37
f 42 40 37
f 33 39 42
f 41 40 43
f 41 43 44
f 40 42 45
f 43 40 46
f 45 46 40
f 42 39 47
f 45 42 47
f 36 48 39
f 35 48 36
f 47 39 49
f 39 48 49
f 35 50 48
f 35 32 50
f 48 51 49
f 50 51 48
f 47 49 52
f 49 51 53
f 49 53 52
f 54 47 52
f 54 45 47
f 55 54 52
f 55 45 54
f 53 56 52
f 45 55 57
f 45 57 46
f 58 55 52
f 52 56 58
f 55 59 57
f 59 55 58
f 46 57 60
f 46 60 43
f 57 59 61
f 57 61 60
f 60 62 43
f 43 62 44
f 60 63 62
f 60 61 63
f 62 64 44
f 62 63 64
f 61 65 63
f 64 63 65
f 59 66 61
f 61 66 65
f 59 58 67
f 59 67 66
f 58 68 67
f 68 58 56
f 67 69 66
f 69 67 68
f 68 56 70
f 56 53 70
f 68 71 69
f 53 72 70
f 51 72 53
f 70 73 68
f 71 68 73
f 51 74 72
f 50 74 51
f 72 75 70
f 70 75 73
f 76 72 74
f 76 75 72
f 74 50 77
f 77 76 74
f 76 78 75
f 78 76 77
f 73 75 79
f 79 75 78
f 73 79 71
f 80 77 50
f 32 80 50
f 77 81 78
f 81 77 80
f 78 82 79
f 78 81 82
f 80 32 83
f 28 83 32
f 28 24 83
f 24 84 83
f 25 84 24
f 83 85 80
f 84 85 83
f 85 86 80
f 86 81 80
f 84 87 85
f 25 87 84
f 85 88 86
f 88 85 87
f 86 89 81
f 88 89 86
f 25 90 87
f 89 91 81
f 81 91 82
f 92 90 25
f 23 92 25
f 90 93 87
f 87 93 88
f 92 94 90
f 93 90 94
f 92 23 95
f 95 94 92
f 23 22 95
f 94 96 93
f 97 95 22
f 96 94 98
f 94 95 99
f 99 98 94
f 95 97 100
f 100 99 95
f 101 97 22
f 14 101 22
f 99 102 98
f 102 96 98
f 101 14 103
f 4 103 14
f 104 101 103
f 105 103 4
f 103 105 104
f 104 106 101
f 106 97 101
f 105 107 104
f 104 107 106
f 4 108 105
f 8 108 4
f 8 109 108
f 110 108 109
f 108 110 105
f 110 109 111
f 110 112 105
f 110 111 112
f 112 107 105
f 113 112 111
f 114 113 111
f 115 107 112
f 107 115 106
f 113 116 112
f 112 116 115
f 117 113 114
f 114 118 117
f 119 116 113
f 117 119 113
f 117 118 120
f 120 119 117
f 118 121 120
f 116 119 122
f 122 119 120
f 116 122 115
f 120 121 123
f 120 123 122
f 122 124 115
f 115 124 106
f 122 123 124
f 97 106 124
f 124 100 97
f 123 121 125
f 121 126 125
f 100 124 127
f 124 123 127
f 125 126 128
f 129 128 126
f 128 129 130
f 125 131 123
f 128 131 125
f 131 132 123
f 132 127 123
f 128 133 131
f 131 133 132
f 128 130 134
f 130 135 134
f 136 133 128
f 128 134 136
f 135 137 134
f 137 135 138
f 136 134 139
f 134 137 139
f 137 138 140
f 139 137 140
f 138 141 140
f 140 141 142
f 143 140 142
f 140 143 139
f 142 144 143
f 136 139 145
f 133 136 145
f 139 143 146
f 145 139 146
f 133 145 147
f 132 133 147
f 147 145 148
f 148 145 146
f 149 132 147
f 149 147 148
f 132 149 150
f 132 150 127
f 151 149 148
f 151 148 146
f 150 149 152
f 127 150 152
f 149 151 153
f 152 149 153
f 127 152 154
f 100 127 154
f 99 100 154
f 99 154 155
f 154 152 155
f 155 102 99
f 156 155 152
f 156 102 155
f 152 153 156
f 156 157 102
f 156 153 157
f 102 157 158
f 102 158 96
f 153 159 157
f 153 151 159
f 96 158 160
f 96 160 93
f 161 159 151
f 151 146 161
f 162 93 160
f 88 93 162
f 88 162 163
f 88 163 89
f 162 160 164
f 162 164 163
f 164 160 165
f 160 158 165
f 164 166 163
f 89 163 166
f 164 165 167
f 166 164 167
f 158 168 165
f 168 167 165
f 157 168 158
f 89 166 169
f 169 91 89
f 157 170 168
f 91 169 171
f 170 157 172
f 157 159 172
f 173 168 170
f 167 168 173
f 170 172 174
f 173 170 174
f 159 175 172
f 175 159 161
f 172 176 174
f 176 172 175
f 173 174 177
f 174 176 177
f 167 173 178
f 166 167 178
f 173 177 179
f 179 178 173
f 166 178 180
f 179 181 178
f 178 181 180
f 182 179 177
f 181 179 183
f 183 179 182
f 177 184 182
f 184 177 176
f 182 185 183
f 182 184 185
f 186 181 183
f 183 185 186
f 180 181 187
f 186 187 181
f 166 180 188
f 188 169 166
f 169 188 171
f 188 180 189
f 180 187 189
f 190 171 188
f 190 188 189
f 191 187 186
f 187 191 192
f 189 187 192
f 186 193 191
f 191 193 192
f 186 194 193
f 194 186 185
f 194 195 193
f 185 196 194
f 194 196 195
f 192 193 197
f 197 193 195
f 198 189 192
f 195 199 197
f 189 198 200
f 200 190 189
f 195 201 199
f 201 195 196
f 190 200 202
f 201 203 199
f 190 202 204
f 204 171 190
f 200 205 202
f 205 200 198
f 204 202 206
f 205 206 202
f 204 207 171
f 206 207 204
f 171 207 208
f 91 171 208
f 82 91 208
f 208 207 209
f 209 207 206
f 210 82 208
f 210 208 209
f 211 82 210
f 82 211 79
f 212 210 209
f 211 210 212
f 79 211 213
f 71 79 213
f 213 211 214
f 212 214 211
f 71 213 215
f 215 213 214
f 69 71 215
f 69 215 66
f 66 215 216
f 66 216 65
f 214 217 215
f 217 216 215
f 217 214 218
f 218 214 212
f 216 217 219
f 217 218 219
f 220 65 216
f 216 219 220
f 220 64 65
f 219 218 221
f 218 212 221
f 220 219 222
f 220 223 64
f 220 222 223
f 219 221 224
f 222 219 224
f 225 64 223
f 44 64 225
f 44 225 226
f 227 223 222
f 225 228 226
f 226 228 229
f 230 229 228
f 225 223 231
f 223 227 231
f 225 232 228
f 231 232 225
f 230 228 233
f 230 233 234
f 233 235 234
f 236 233 228
f 228 232 236
f 233 237 235
f 237 233 236
f 237 238 235
f 237 236 238
f 236 232 239
f 239 238 236
f 240 232 231
f 239 232 240
f 241 240 231
f 240 241 239
f 241 231 227
f 227 242 241
f 222 242 227
f 224 242 222
f 243 241 242
f 242 224 243
f 244 239 241
f 244 241 243
f 224 245 243
f 245 224 221
f 243 246 244
f 221 247 245
f 212 247 221
f 248 243 245
f 246 243 248
f 212 249 247
f 212 209 249
f 245 247 250
f 245 250 248
f 247 249 251
f 247 251 250
f 209 252 249
f 249 252 251
f 209 206 252
f 251 253 250
f 252 253 251
f 254 248 250
f 253 254 250
f 254 255 248
f 255 246 248
f 253 256 254
f 246 255 257
f 246 257 244
f 258 255 254
f 256 258 254
f 244 257 259
f 259 239 244
f 256 253 260
f 260 253 252
f 259 261 239
f 261 238 239
f 262 261 259
f 257 262 259
f 263 238 261
f 238 263 235
f 261 262 264
f 261 264 263
f 263 265 235
f 265 266 235
f 265 267 266
f 264 268 263
f 265 263 268
f 269 267 265
f 268 269 265
f 270 267 269
f 271 270 269
f 271 269 268
f 272 270 271
f 264 273 268
f 264 262 273
f 274 272 271
f 274 275 272
f 271 268 276
f 276 268 273
f 271 277 274
f 277 271 276
f 278 275 274
f 279 275 278
f 274 277 280
f 278 274 280
f 278 281 279
f 281 282 279
f 278 283 281
f 278 280 283
f 281 284 282
f 281 283 284
f 285 282 284
f 277 286 280
f 286 277 276
f 284 287 285
f 285 287 288
f 286 276 289
f 287 290 288
f 290 291 288
f 287 284 292
f 290 287 292
f 291 290 293
f 291 293 294
f 295 294 293
f 296 294 295
f 290 297 293
f 295 293 297
f 296 295 298
f 298 299 296
f 297 300 295
f 295 300 298
f 297 290 301
f 292 301 290
f 297 302 300
f 303 297 301
f 297 303 302
f 304 303 301
f 292 304 301
f 305 302 303
f 304 305 303
f 300 302 306
f 300 306 298
f 305 307 302
f 302 308 306
f 307 308 302
f 298 306 309
f 298 310 299
f 298 309 310
f 310 311 299
f 310 312 311
f 310 309 312
f 313 311 312
f 314 312 309
f 314 313 312
f 315 309 306
f 308 315 306
f 314 309 316
f 315 316 309
f 314 317 313
f 314 316 317
f 318 313 317
f 318 319 313
f 320 318 317
f 321 319 318
f 322 319 321
f 320 323 318
f 318 323 321
f 320 317 324
f 324 317 316
f 325 323 320
f 325 320 324
f 321 323 326
f 326 323 325
f 321 327 322
f 321 326 327
f 328 322 327
f 327 329 328
f 329 330 328
f 327 326 331
f 331 329 327
f 330 329 332
f 332 329 331
f 333 330 332
f 334 330 333
f 335 333 332
f 336 334 333
f 335 336 333
f 337 334 336
f 337 338 334
f 339 336 335
f 336 339 337
f 340 335 332
f 335 340 339
f 340 332 331
f 341 338 337
f 341 342 338
f 343 342 341
f 341 337 344
f 344 337 339
f 343 341 345
f 344 345 341
f 345 346 343
f 344 339 347
f 348 343 346
f 343 348 349
f 350 349 348
f 345 344 351
f 347 351 344
f 345 352 346
f 352 348 346
f 345 351 353
f 352 345 353
f 351 347 354
f 354 353 351
f 339 355 347
f 339 340 355
f 347 356 354
f 355 356 347
f 355 340 357
f 358 356 355
f 358 355 357
f 357 340 359
f 359 340 331
f 360 358 357
f 357 359 360
f 361 356 358
f 362 358 360
f 361 358 362
f 359 363 360
f 356 361 364
f 354 356 364
f 363 359 365
f 365 359 331
f 366 354 364
f 353 354 366
f 367 365 331
f 367 331 326
f 326 325 367
f 365 367 368
f 368 367 325
f 365 369 363
f 369 365 368
f 360 363 370
f 370 363 369
f 362 360 370
f 369 368 371
f 372 362 370
f 372 361 362
f 368 373 371
f 325 373 368
f 374 369 371
f 375 373 325
f 324 375 325
f 371 373 376
f 374 371 376
f 373 375 377
f 376 373 377
f 378 375 324
f 375 378 377
f 378 324 379
f 379 324 316
f 380 377 378
f 379 316 381
f 380 382 377
f 376 377 382
f 378 379 383
f 379 381 383
f 384 380 378
f 383 384 378
f 381 316 385
f 385 316 315
f 383 381 386
f 386 381 385
f 387 384 383
f 383 386 387
f 388 380 384
f 382 380 388
f 384 387 389
f 389 388 384
f 387 386 390
f 389 387 391
f 392 387 390
f 392 391 387
f 386 393 390
f 394 392 390
f 390 393 394
f 392 395 391
f 386 396 393
f 385 396 386
f 385 397 396
f 397 385 315
f 397 398 396
f 398 397 315
f 393 396 398
f 308 398 315
f 399 398 308
f 393 398 399
f 307 399 308
f 393 399 400
f 393 400 394
f 401 399 307
f 400 399 401
f 402 401 307
f 305 402 307
f 403 400 401
f 403 394 400
f 404 401 402
f 401 404 403
f 405 402 305
f 404 402 405
f 405 305 304
f 406 405 304
f 292 406 304
f 407 404 405
f 407 405 406
f 408 403 404
f 407 408 404
f 409 406 292
f 409 292 284
f 283 409 284
f 410 406 409
f 283 411 409
f 409 411 410
f 412 406 410
f 412 410 411
f 406 412 407
f 413 411 283
f 413 412 411
f 413 283 280
f 414 407 412
f 280 415 413
f 280 286 415
f 412 413 416
f 416 413 415
f 416 414 412
f 415 286 289
f 414 417 407
f 417 408 407
f 416 418 414
f 417 414 418
f 415 419 416
f 289 419 415
f 420 418 416
f 419 420 416
f 419 289 421
f 420 419 422
f 419 421 422
f 289 423 421
f 423 289 276
f 273 423 276
f 422 421 424
f 421 423 424
f 422 424 420
f 423 273 425
f 423 425 424
f 262 425 273
f 425 262 257
f 425 257 426
f 255 426 257
f 427 424 425
f 425 426 427
f 426 255 428
f 428 255 258
f 429 427 426
f 429 426 428
f 430 424 427
f 430 420 424
f 431 430 427
f 430 432 420
f 432 430 431
f 433 420 432
f 418 420 433
f 418 433 434
f 433 432 434
f 417 418 434
f 427 435 431
f 435 427 429
f 431 436 432
f 436 431 435
f 432 437 434
f 436 437 432
f 417 434 438
f 437 439 434
f 434 439 438
f 440 417 438
f 408 417 440
f 438 441 440
f 438 439 441
f 440 442 408
f 442 440 441
f 408 442 403
f 442 443 403
f 443 394 403
f 441 444 442
f 394 443 445
f 394 445 392
f 442 446 443
f 446 445 443
f 442 444 446
f 445 395 392
f 446 447 445
f 395 445 447
f 444 448 446
f 447 449 395
f 448 444 450
f 441 450 444
f 446 451 447
f 446 448 451
f 452 450 441
f 439 452 441
f 453 450 452
f 452 439 453
f 450 454 448
f 453 455 450
f 454 450 455
f 453 439 456
f 456 455 453
f 454 457 448
f 448 457 451
f 454 455 458
f 456 458 455
f 457 454 459
f 454 458 459
f 457 460 451
f 457 461 460
f 459 461 457
f 451 460 462
f 463 460 461
f 460 463 462
f 461 459 464
f 463 461 464
f 451 462 465
f 451 465 447
f 447 465 449
f 465 462 466
f 465 466 449
f 466 462 467
f 467 449 466
f 462 463 468
f 468 467 462
f 449 467 469
f 449 469 395
f 395 469 391
f 391 469 389
f 389 469 470
f 388 389 470
f 467 471 469
f 470 469 471
f 467 472 471
f 472 467 468
f 473 470 471
f 472 474 471
f 471 474 473
f 388 470 475
f 470 473 475
f 476 388 475
f 382 388 476
f 477 476 475
f 382 476 478
f 477 478 476
f 478 479 382
f 376 382 479
f 477 480 478
f 478 480 479
f 477 475 481
f 481 475 473
f 477 482 480
f 482 477 481
f 376 479 483
f 483 374 376
f 479 480 484
f 479 484 483
f 374 483 485
f 369 374 485
f 485 370 369
f 485 483 486
f 483 484 486
f 485 487 370
f 485 486 487
f 488 370 487
f 370 488 372
f 487 486 489
f 490 488 487
f 490 487 489
f 488 491 372
f 488 490 491
f 492 489 486
f 484 492 486
f 489 493 490
f 484 494 492
f 494 484 480
f 495 489 492
f 493 489 495
f 480 496 494
f 496 480 482
f 492 494 497
f 496 482 498
f 498 482 481
f 494 496 499
f 494 499 497
f 498 500 496
f 496 500 499
f 501 492 497
f 501 495 492
f 497 499 502
f 501 503 495
f 495 503 493
f 501 497 504
f 497 502 504
f 501 505 503
f 501 504 505
f 503 506 493
f 503 505 506
f 505 504 507
f 507 504 502
f 505 508 506
f 505 507 508
f 506 509 493
f 502 510 507
f 511 493 509
f 490 493 511
f 490 511 491
f 512 510 502
f 499 512 502
f 491 511 513
f 491 513 372
f 512 499 514
f 500 514 499
f 513 515 372
f 515 361 372
f 514 500 516
f 498 516 500
f 517 361 515
f 361 517 364
f 366 364 517
f 515 518 517
f 513 518 515
f 519 366 517
f 518 520 517
f 517 520 519
f 521 518 513
f 520 518 522
f 518 521 522
f 523 521 513
f 511 523 513
f 511 524 523
f 524 521 523
f 524 511 509
f 524 525 521
f 521 525 522
f 524 509 526
f 524 526 525
f 509 527 526
f 506 527 509
f 525 526 528
f 506 529 527
f 529 506 508
f 527 530 526
f 530 528 526
f 527 529 531
f 530 527 531
f 525 528 532
f 522 525 532
f 533 528 530
f 522 532 534
f 535 532 528
f 532 535 534
f 528 533 535
f 522 534 536
f 522 536 520
f 536 519 520
f 537 536 534
f 519 536 538
f 538 536 537
f 539 537 534
f 534 535 539
f 537 540 538
f 540 537 539
f 519 538 541
f 519 541 366
f 366 541 353
f 542 353 541
f 353 542 352
f 541 543 542
f 352 542 543
f 543 541 538
f 544 352 543
f 348 352 544
f 545 543 538
f 543 545 544
f 538 546 545
f 538 540 546
f 547 348 544
f 350 348 547
f 547 548 350
f 544 548 547
f 549 350 548
f 549 548 550
f 550 548 544
f 550 551 549
f 550 544 552
f 544 545 552
f 550 553 551
f 552 553 550
f 551 553 554
f 555 552 545
f 545 546 555
f 552 556 553
f 553 556 554
f 555 557 552
f 556 552 557
f 546 558 555
f 555 558 557
f 546 540 558
f 556 559 554
f 559 560 554
f 557 561 556
f 559 556 561
f 559 562 560
f 563 560 562
f 564 562 559
f 561 564 559
f 565 563 562
f 564 565 562
f 563 565 566
f 557 567 561
f 558 567 557
f 561 568 564
f 567 568 561
f 565 564 569
f 564 568 569
f 565 570 566
f 569 570 565
f 570 571 566
f 567 572 568
f 558 572 567
f 570 573 571
f 571 573 574
f 569 575 570
f 570 575 573
f 568 576 569
f 576 575 569
f 572 576 568
f 577 573 575
f 576 577 575
f 578 574 573
f 573 577 578
f 579 572 558
f 540 579 558
f 540 539 579
f 579 580 572
f 539 580 579
f 580 576 572
f 539 581 580
f 539 535 581
f 580 582 576
f 582 577 576
f 580 581 583
f 577 582 584
f 582 580 585
f 582 585 584
f 580 583 585
f 584 586 577
f 577 586 578
f 587 584 585
f 584 587 586
f 588 585 583
f 588 587 585
f 581 589 583
f 535 589 581
f 583 589 588
f 535 533 589
f 587 588 590
f 533 591 589
f 592 588 589
f 533 593 591
f 533 530 593
f 592 594 588
f 594 590 588
f 589 595 592
f 589 591 595
f 594 592 596
f 596 592 595
f 597 590 594
f 594 596 597
f 595 598 596
f 591 599 595
f 598 595 599
f 600 596 598
f 599 600 598
f 596 601 597
f 596 600 601
f 602 599 591
f 593 602 591
f 600 599 603
f 602 593 604
f 593 530 604
f 531 604 530
f 602 605 599
f 605 603 599
f 531 606 604
f 607 602 604
f 606 607 604
f 602 608 605
f 608 602 607
f 531 609 606
f 609 531 529
f 606 610 607
f 606 609 610
f 529 611 609
f 529 612 611
f 612 529 508
f 609 611 613
f 612 613 611
f 609 613 610
f 614 612 508
f 615 613 612
f 612 614 615
f 616 610 613
f 614 508 617
f 507 617 508
f 610 616 618
f 610 618 607
f 507 619 617
f 507 510 619
f 618 620 607
f 607 620 608
f 618 621 620
f 620 622 608
f 620 621 622
f 618 623 621
f 622 621 623
f 616 623 618
f 608 622 624
f 608 624 605
f 625 605 624
f 605 625 603
f 624 622 626
f 626 625 624
f 627 603 625
f 627 625 626
f 603 627 628
f 603 628 600
f 629 627 626
f 628 630 600
f 601 600 630
f 627 629 631
f 627 631 628
f 632 601 630
f 601 632 597
f 633 628 631
f 634 597 632
f 590 597 634
f 631 635 633
f 629 635 631
f 628 633 636
f 633 635 636
f 637 635 629
f 626 637 629
f 636 635 638
f 638 635 637
f 639 628 636
f 639 630 628
f 638 640 636
f 641 639 636
f 640 641 636
f 639 642 630
f 640 643 641
f 630 642 644
f 644 632 630
f 645 643 640
f 638 645 640
f 632 644 646
f 634 632 646
f 645 638 647
f 634 646 648
f 649 647 638
f 650 634 648
f 590 634 650
f 587 590 650
f 587 650 651
f 587 651 586
f 651 650 652
f 650 648 652
f 586 651 653
f 653 651 652
f 586 653 578
f 652 648 654
f 578 653 655
f 578 655 574
f 655 656 574
f 653 652 657
f 655 653 657
f 656 655 658
f 656 658 659
f 657 660 655
f 655 660 658
f 652 661 657
f 652 654 661
f 657 662 660
f 657 661 662
f 660 663 658
f 660 662 663
f 658 664 659
f 658 663 664
f 664 665 659
f 664 663 666
f 664 666 665
f 663 662 666
f 666 667 665
f 665 667 668
f 667 669 668
f 662 670 666
f 670 667 666
f 662 671 670
f 667 672 669
f 673 671 662
f 661 673 662
f 671 674 670
f 673 674 671
f 675 667 670
f 670 674 675
f 675 672 667
f 673 661 676
f 676 661 654
f 673 677 674
f 678 676 654
f 648 678 654
f 648 646 678
f 676 679 673
f 677 673 679
f 680 676 678
f 680 678 646
f 680 679 676
f 646 644 680
f 674 677 681
f 675 674 681
f 682 677 679
f 675 681 683
f 675 683 672
f 684 681 677
f 684 677 682
f 681 685 683
f 681 684 685
f 683 686 672
f 683 685 687
f 687 686 683
f 686 688 672
f 669 672 688
f 688 689 669
f 687 690 686
f 690 688 686
f 688 691 689
f 688 690 691
f 692 689 691
f 687 693 690
f 687 685 693
f 694 692 691
f 694 695 692
f 690 696 691
f 696 694 691
f 693 696 690
f 695 694 697
f 694 696 697
f 697 698 695
f 693 699 696
f 697 700 698
f 700 701 698
f 697 696 702
f 702 696 699
f 703 700 697
f 697 702 703
f 701 700 704
f 700 703 704
f 705 703 702
f 704 703 705
f 699 705 702
f 701 704 706
f 701 706 707
f 704 708 706
f 707 706 709
f 708 709 706
f 709 710 707
f 709 711 710
f 712 708 704
f 705 712 704
f 709 713 711
f 711 713 714
f 708 715 709
f 709 715 713
f 712 716 708
f 708 716 715
f 705 717 712
f 716 712 718
f 717 718 712
f 719 717 705
f 719 705 699
f 718 717 720
f 719 720 717
f 721 716 718
f 699 722 719
f 720 723 718
f 721 718 723
f 699 724 722
f 699 693 724
f 685 724 693
f 725 722 724
f 722 725 719
f 685 726 724
f 726 725 724
f 684 726 685
f 725 727 719
f 727 720 719
f 684 728 726
f 727 729 720
f 723 720 729
f 727 725 730
f 729 727 730
f 725 726 731
f 728 731 726
f 730 725 732
f 731 732 725
f 733 729 730
f 732 733 730
f 723 729 734
f 733 735 729
f 735 734 729
f 732 736 733
f 734 737 723
f 723 737 721
f 738 736 732
f 732 731 738
f 736 739 733
f 735 733 739
f 738 731 740
f 736 738 741
f 741 738 740
f 731 742 740
f 731 728 742
f 740 742 743
f 741 740 743
f 744 742 728
f 744 743 742
f 744 728 745
f 741 746 736
f 746 739 736
f 744 745 747
f 747 743 744
f 745 728 748
f 748 728 684
f 682 748 684
f 749 747 745
f 748 749 745
f 750 747 749
f 750 749 748
f 682 751 748
f 751 750 748
f 752 751 682
f 682 679 752
f 751 753 750
f 752 679 754
f 680 754 679
f 751 752 755
f 755 753 751
f 755 752 754
f 753 756 750
f 757 754 680
f 644 757 680
f 756 753 758
f 755 758 753
f 750 756 759
f 750 759 747
f 758 755 760
f 759 761 747
f 747 761 743
f 762 758 760
f 760 755 763
f 763 762 760
f 764 756 758
f 758 762 764
f 765 759 756
f 764 765 756
f 765 766 759
f 761 759 766
f 764 767 765
f 768 761 766
f 767 769 765
f 766 765 769
f 770 761 768
f 761 770 743
f 766 771 768
f 771 766 769
f 772 770 768
f 772 768 771
f 743 770 773
f 743 773 741
f 770 774 773
f 774 770 772
f 773 775 741
f 774 775 773
f 775 746 741
f 772 776 774
f 774 777 775
f 777 774 776
f 746 775 778
f 777 778 775
f 779 746 778
f 779 739 746
f 780 778 777
f 779 781 739
f 739 781 735
f 779 778 782
f 782 778 780
f 782 783 779
f 780 784 782
f 784 783 782
f 780 777 785
f 776 785 777
f 784 780 786
f 780 785 786
f 787 779 783
f 779 787 781
f 784 788 783
f 787 783 789
f 783 788 789
f 786 790 784
f 790 788 784
f 791 790 786
f 786 785 791
f 792 788 790
f 793 791 785
f 794 792 790
f 791 795 790
f 794 790 795
f 796 795 791
f 796 791 793
f 797 794 795
f 795 796 797
f 792 794 798
f 794 797 799
f 799 798 794
f 792 798 800
f 792 800 788
f 798 799 801
f 798 801 800
f 802 799 797
f 802 801 799
f 803 788 800
f 789 788 803
f 804 802 797
f 797 796 804
f 789 803 805
f 806 804 796
f 789 805 807
f 807 787 789
f 806 796 808
f 793 808 796
f 787 807 809
f 787 809 781
f 808 793 810
f 793 785 810
f 811 806 808
f 812 810 785
f 785 776 812
f 812 776 772
f 813 808 810
f 813 811 808
f 814 810 812
f 813 810 814
f 812 772 815
f 815 814 812
f 815 772 771
f 815 816 814
f 771 816 815
f 814 817 813
f 817 814 816
f 771 818 816
f 818 771 769
f 819 816 818
f 819 817 816
f 820 818 769
f 818 820 819
f 767 820 769
f 821 820 767
f 764 821 767
f 822 820 821
f 822 819 820
f 823 821 764
f 823 764 762
f 824 822 821
f 823 824 821
f 823 762 825
f 825 824 823
f 763 825 762
f 826 822 824
f 827 824 825
f 827 826 824
f 828 827 825
f 829 822 826
f 829 819 822
f 830 826 827
f 827 828 830
f 831 828 825
f 831 825 763
f 832 830 828
f 828 831 832
f 830 833 826
f 832 833 830
f 834 829 826
f 833 834 826
f 835 832 831
f 836 833 832
f 836 832 835
f 837 835 831
f 838 836 835
f 838 835 837
f 837 831 839
f 839 831 763
f 840 838 837
f 839 840 837
f 838 841 836
f 841 833 836
f 763 842 839
f 842 763 755
f 755 754 842
f 842 843 839
f 839 843 840
f 844 842 754
f 843 842 844
f 757 844 754
f 845 843 844
f 845 844 757
f 757 846 845
f 644 846 757
f 845 847 843
f 846 847 845
f 846 644 848
f 848 847 846
f 848 644 642
f 843 847 849
f 849 847 848
f 642 849 848
f 840 843 849
f 642 850 849
f 639 850 642
f 840 849 851
f 851 849 850
f 639 852 850
f 850 852 851
f 639 853 852
f 851 852 853
f 641 853 639
f 851 854 840
f 854 838 840
f 841 838 854
f 641 855 853
f 855 641 643
f 856 851 853
f 853 855 856
f 851 856 854
f 855 857 856
f 857 855 643
f 854 856 858
f 856 857 858
f 859 854 858
f 854 859 841
f 857 860 858
f 859 861 841
f 862 859 858
f 861 859 862
f 860 862 858
f 863 841 861
f 833 841 863
f 863 861 864
f 864 861 862
f 865 833 863
f 863 864 865
f 865 834 833
f 864 862 866
f 866 865 864
f 860 867 862
f 867 866 862
f 865 868 834
f 866 868 865
f 867 860 869
f 857 869 860
f 867 870 866
f 871 869 857
f 871 857 643
f 872 870 867
f 869 872 867
f 872 873 870
f 869 873 872
f 866 870 874
f 873 874 870
f 866 874 875
f 866 875 868
f 873 876 874
f 874 877 875
f 873 878 876
f 879 874 876
f 874 879 877
f 876 878 880
f 876 880 879
f 881 878 873
f 873 869 881
f 878 882 880
f 878 881 882
f 880 883 879
f 882 883 880
f 869 884 881
f 882 885 883
f 884 869 886
f 869 871 886
f 887 881 884
f 888 887 884
f 886 888 884
f 887 889 881
f 888 889 887
f 889 882 881
f 890 888 886
f 890 889 888
f 886 871 891
f 890 886 891
f 891 871 892
f 871 643 892
f 890 891 893
f 892 893 891
f 894 892 643
f 892 894 893
f 894 643 645
f 893 895 890
f 894 645 896
f 890 895 897
f 890 897 889
f 898 893 894
f 896 898 894
f 897 899 889
f 900 896 645
f 645 647 900
f 900 647 649
f 889 899 901
f 889 901 882
f 901 902 882
f 899 902 901
f 902 885 882
f 902 899 903
f 902 904 885
f 903 899 905
f 905 899 897
f 903 906 902
f 902 906 904
f 905 907 903
f 907 906 903
f 897 908 905
f 895 908 897
f 907 905 909
f 895 910 908
f 911 905 908
f 909 905 911
f 912 908 910
f 911 908 912
f 913 910 895
f 913 895 893
f 914 912 910
f 913 914 910
f 912 915 911
f 913 893 916
f 916 893 898
f 917 915 912
f 914 917 912
f 915 918 911
f 911 918 909
f 917 919 915
f 918 915 919
f 909 918 920
f 909 920 907
f 921 918 919
f 918 922 920
f 921 922 918
f 907 920 923
f 919 924 921
f 907 923 925
f 907 925 906
f 926 924 919
f 917 926 919
f 927 921 924
f 921 927 922
f 926 928 924
f 928 927 924
f 929 926 917
f 926 930 928
f 929 930 926
f 931 929 917
f 931 930 929
f 932 931 917
f 932 917 914
f 932 914 933
f 933 914 913
f 934 931 932
f 934 932 933
f 935 933 913
f 935 913 916
f 933 935 936
f 937 935 916
f 936 935 937
f 938 937 916
f 938 916 898
f 939 938 898
f 938 939 937
f 940 939 898
f 940 898 896
f 937 939 941
f 940 941 939
f 941 942 937
f 896 943 940
f 937 942 944
f 944 936 937
f 896 945 943
f 945 896 900
f 946 936 944
f 900 947 945
f 947 900 649
f 948 946 944
f 944 942 948
f 949 936 946
f 942 950 948
f 936 949 951
f 936 951 933
f 951 934 933
f 949 946 952
f 949 953 951
f 952 953 949
f 951 954 934
f 953 954 951
f 955 952 946
f 948 955 946
f 956 953 952
f 957 955 948
f 957 948 950
f 952 955 958
f 952 958 956
f 957 959 955
f 955 959 958
f 950 960 957
f 961 958 959
f 957 961 959
f 962 960 950
f 957 960 962
f 942 963 950
f 962 950 963
f 963 942 941
f 957 962 964
f 964 961 957
f 941 965 963
f 941 940 965
f 965 940 966
f 966 940 943
f 967 963 965
f 967 965 966
f 943 968 966
f 966 968 967
f 968 943 969
f 969 943 945
f 968 969 945
f 970 963 967
f 970 962 963
f 945 971 968
f 971 945 947
f 968 972 967
f 968 971 972
f 967 973 970
f 972 973 967
f 970 974 962
f 970 973 974
f 972 971 975
f 975 971 947
f 972 976 973
f 976 972 975
f 977 962 974
f 977 964 962
f 974 978 977
f 974 973 979
f 974 979 978
f 976 980 973
f 979 973 981
f 980 981 973
f 982 978 979
f 980 976 983
f 984 982 979
f 984 979 981
f 980 985 981
f 980 983 985
f 984 981 615
f 615 981 985
f 615 985 613
f 616 613 985
f 985 983 616
f 614 984 615
f 623 616 983
f 986 984 614
f 986 982 984
f 617 986 614
f 983 987 623
f 976 987 983
f 975 987 976
f 623 987 988
f 975 988 987
f 622 623 988
f 988 626 622
f 975 989 988
f 988 989 626
f 975 990 989
f 975 947 990
f 990 947 649
f 626 989 991
f 989 990 991
f 637 626 991
f 992 990 649
f 991 990 992
f 991 992 637
f 992 649 638
f 638 637 992
f 617 993 986
f 617 619 993
f 982 986 994
f 986 993 994
f 994 978 982
f 977 978 994
f 977 994 995
f 995 964 977
f 994 993 996
f 997 995 994
f 996 997 994
f 998 964 995
f 999 997 996
f 993 999 996
f 997 1000 995
f 995 1000 998
f 1000 997 999
f 964 998 1001
f 1001 961 964
f 1002 998 1000
f 1002 1001 998
f 1001 1003 961
f 1000 1004 1002
f 1003 1005 961
f 961 1005 958
f 1001 1006 1003
f 1005 1007 958
f 1007 956 958
f 1008 1005 1003
f 1006 1008 1003
f 1005 1009 1007
f 1008 1009 1005
f 1007 1010 956
f 953 956 1010
f 1009 1011 1007
f 1007 1011 1010
f 1010 1012 953
f 1012 954 953
f 1011 1013 1010
f 1013 1012 1010
f 1012 1014 954
f 1013 1014 1012
f 954 1014 934
f 1011 1015 1013
f 1009 1015 1011
f 1014 1016 934
f 1016 931 934
f 1017 1015 1009
f 1008 1017 1009
f 1016 1018 931
f 1018 930 931
f 1019 1016 1014
f 1018 1016 1020
f 1019 1020 1016
f 1018 1021 930
f 1020 1021 1018
f 1022 1019 1014
f 1022 1014 1013
f 1020 1019 1023
f 1022 1013 1024
f 1025 1019 1022
f 1024 1025 1022
f 1023 1019 1025
f 1026 1024 1013
f 1025 1024 1026
f 1015 1026 1013
f 1015 1027 1026
f 1027 1025 1026
f 1017 1027 1015
f 1028 1025 1027
f 1028 1023 1025
f 1027 1017 1029
f 1027 1029 1028
f 1017 1030 1029
f 1030 1017 1008
f 1031 1030 1008
f 1031 1008 1006
f 1030 1032 1029
f 1033 1031 1006
f 1033 1006 1001
f 1031 1034 1030
f 1031 1033 1034
f 1034 1032 1030
f 1002 1033 1001
f 1035 1029 1032
f 1035 1028 1029
f 1002 1036 1033
f 1004 1036 1002
f 1037 1034 1033
f 1033 1036 1037
f 1034 1038 1032
f 1037 1038 1034
f 1039 1035 1032
f 1038 1039 1032
f 1039 1040 1035
f 1035 1040 1028
f 1038 1041 1039
f 1037 1042 1038
f 1042 1041 1038
f 1036 1043 1037
f 1037 1043 1042
f 1043 1036 1044
f 1004 1044 1036
f 1045 1042 1043
f 1046 1044 1004
f 1046 1004 1000
f 1047 1043 1044
f 1047 1045 1043
f 1046 1048 1044
f 1048 1047 1044
f 1046 1000 1049
f 1049 1000 999
f 1050 1048 1046
f 1049 1050 1046
f 1051 1047 1048
f 1051 1048 1050
f 1051 1045 1047
f 1052 1050 1049
f 1042 1045 1053
f 1053 1041 1042
f 1052 1049 1054
f 1049 999 1054
f 1055 1053 1045
f 1054 999 1056
f 993 1056 999
f 993 619 1056
f 1057 1055 1045
f 1051 1057 1045
f 1058 1056 619
f 1057 1051 1059
f 1060 1058 619
f 619 510 1060
f 512 1060 510
f 1061 1056 1058
f 1061 1058 1060
f 512 1061 1060
f 1061 1054 1056
f 1061 512 1062
f 514 1062 512
f 1054 1061 1063
f 1062 1063 1061
f 1054 1063 1064
f 1064 1052 1054
f 1065 1063 1062
f 1065 1064 1063
f 1062 514 1066
f 1066 1065 1062
f 1066 514 516
f 1052 1064 1067
f 1052 1067 1050
f 1066 516 1068
f 498 1068 516
f 1067 1069 1050
f 498 1070 1068
f 481 1070 498
f 1071 1067 1064
f 1071 1069 1067
f 1072 1070 481
f 473 1072 481
f 1073 1071 1064
f 1073 1064 1065
f 473 1074 1072
f 473 474 1074
f 1070 1072 1075
f 1075 1072 1074
f 1075 1076 1070
f 1076 1068 1070
f 1075 1074 1077
f 1078 1068 1076
f 1068 1078 1066
f 1075 1079 1076
f 1079 1075 1077
f 1076 1080 1078
f 1079 1080 1076
f 1081 1066 1078
f 1081 1078 1080
f 1081 1065 1066
f 1081 1073 1065
f 1081 1080 1082
f 1081 1082 1073
f 1079 1083 1080
f 1083 1082 1080
f 1082 1084 1073
f 1073 1084 1071
f 1085 1082 1083
f 1082 1085 1084
f 1083 1079 1086
f 1077 1086 1079
f 1087 1085 1083
f 1083 1086 1087
f 1084 1088 1071
f 1088 1069 1071
f 1085 1089 1084
f 1089 1088 1084
f 1088 1090 1069
f 1085 1091 1089
f 1089 1092 1088
f 1090 1088 1092
f 1089 1091 1092
f 1090 1093 1069
f 1092 1093 1090
f 1050 1069 1093
f 1050 1093 1051
f 1093 1094 1051
f 1094 1059 1051
f 1094 1093 1095
f 1092 1095 1093
f 1094 1096 1059
f 1095 1096 1094
f 1097 1095 1092
f 1097 1096 1095
f 1098 1097 1092
f 1092 1091 1098
f 1097 1099 1096
f 1098 1099 1097
f 1100 1059 1096
f 1059 1100 1057
f 1100 1055 1057
f 1096 1101 1100
f 1096 1099 1101
f 1102 1100 1101
f 1099 1103 1101
f 1103 1102 1101
f 1102 1104 1100
f 1100 1104 1055
f 1103 1105 1102
f 1104 1102 1105
f 1103 1099 1106
f 1107 1105 1103
f 1106 1107 1103
f 1108 1106 1099
f 1099 1098 1108
f 1109 1107 1106
f 1110 1106 1108
f 1110 1109 1106
f 1107 1111 1105
f 1109 1111 1107
f 1112 1110 1108
f 1109 1110 1113
f 1112 1113 1110
f 1111 1109 1114
f 1113 1114 1109
f 1115 1112 1108
f 1115 1108 1098
f 1116 1113 1112
f 1116 1112 1115
f 1115 1098 1117
f 1098 1091 1117
f 1085 1117 1091
f 1087 1117 1085
f 1118 1115 1117
f 1116 1115 1118
f 1119 1117 1087
f 1119 1118 1117
f 1120 1119 1087
f 1086 1120 1087
f 1118 1119 1121
f 1121 1119 1120
f 1121 1116 1118
f 1122 1120 1086
f 1122 1121 1120
f 1077 1122 1086
f 1121 1123 1116
f 1122 1123 1121
f 1077 1124 1122
f 1122 1125 1123
f 1124 1125 1122
f 1077 1126 1124
f 1126 1077 1074
f 474 1126 1074
f 1127 1124 1126
f 1124 1127 1125
f 1128 1126 474
f 1126 1128 1127
f 474 472 1128
f 1129 1128 472
f 1127 1128 1129
f 468 1129 472
f 1130 1127 1129
f 1127 1130 1125
f 468 1131 1129
f 1129 1131 1130
f 463 1131 468
f 1132 1131 463
f 463 464 1132
f 1133 1130 1131
f 1131 1132 1133
f 1132 464 1134
f 459 1134 464
f 1135 1132 1134
f 1134 459 1136
f 1136 1135 1134
f 1137 1133 1132
f 1135 1137 1132
f 1138 1136 459
f 1135 1139 1137
f 459 1140 1138
f 458 1140 459
f 1141 1139 1135
f 1136 1141 1135
f 1142 1140 458
f 456 1142 458
f 1143 1141 1136
f 1138 1143 1136
f 1141 1144 1139
f 1139 1144 1137
f 1145 1143 1138
f 1140 1145 1138
f 1141 1143 1146
f 1144 1141 1146
f 1145 1147 1143
f 1147 1146 1143
f 1145 1140 1148
f 1145 1148 1147
f 1148 1140 1142
f 1149 1147 1148
f 1150 1148 1142
f 1150 1142 456
f 1148 1151 1149
f 1150 1151 1148
f 1149 1152 1147
f 1151 1152 1149
f 456 1153 1150
f 1154 1151 1150
f 1155 1153 456
f 456 439 1155
f 437 1155 439
f 436 1155 437
f 1155 1156 1153
f 436 1156 1155
f 1150 1153 1157
f 1156 1157 1153
f 1154 1150 1157
f 436 1158 1156
f 1158 1157 1156
f 436 435 1158
f 1158 1159 1157
f 1159 1154 1157
f 435 1160 1158
f 1160 1159 1158
f 435 1161 1160
f 1161 1159 1160
f 1161 435 429
f 1162 1154 1159
f 1161 429 1163
f 428 1163 429
f 1159 1161 1164
f 1163 1164 1161
f 1164 1162 1159
f 1164 1163 1165
f 428 1165 1163
f 1164 1166 1162
f 1166 1164 1165
f 1162 1167 1154
f 1154 1167 1151
f 1151 1167 1152
f 1162 1168 1167
f 1162 1166 1168
f 1168 1152 1167
f 1166 1165 1169
f 1166 1170 1168
f 1166 1169 1170
f 1169 1165 1171
f 1169 1171 1170
f 1165 428 1172
f 1165 1172 1171
f 1173 1172 428
f 258 1173 428
f 258 256 1173
f 1174 1171 1172
f 1172 1173 1174
f 256 1175 1173
f 256 260 1175
f 1176 1174 1173
f 1177 1173 1175
f 1173 1177 1176
f 1178 1174 1176
f 1174 1178 1171
f 1176 1177 1179
f 1178 1176 1179
f 1177 1175 1180
f 1181 1171 1178
f 1175 1182 1180
f 1175 260 1182
f 1181 1183 1171
f 1183 1170 1171
f 1182 260 1184
f 252 1184 260
f 1170 1183 1185
f 1170 1185 1168
f 252 1186 1184
f 1182 1184 1186
f 206 1186 252
f 206 205 1186
f 205 198 1186
f 1186 1187 1182
f 1182 1187 1180
f 198 1188 1186
f 1188 1187 1186
f 192 1188 198
f 192 197 1188
f 1189 1180 1187
f 1187 1188 1189
f 1190 1188 197
f 1189 1188 1190
f 197 1191 1190
f 197 199 1191
f 203 1191 199
f 1190 1192 1189
f 1191 1192 1190
f 1180 1189 1193
f 1177 1180 1193
f 1194 1189 1192
f 1193 1189 1194
f 1192 1191 1195
f 1195 1194 1192
f 1193 1196 1177
f 1196 1179 1177
f 1194 1197 1193
f 1197 1194 1195
f 1198 1196 1193
f 1198 1193 1197
f 1199 1179 1196
f 1196 1198 1200
f 1196 1200 1199
f 1201 1179 1199
f 1178 1179 1201
f 1199 1200 1202
f 1202 1201 1199
f 1198 1203 1200
f 1200 1203 1202
f 1178 1201 1204
f 1178 1204 1181
f 1202 1205 1201
f 1201 1205 1204
f 1203 1206 1202
f 1202 1206 1205
f 1204 1207 1181
f 1207 1183 1181
f 1208 1204 1205
f 1183 1207 1209
f 1204 1210 1207
f 1204 1208 1210
f 1209 1207 1210
f 1183 1209 1185
f 1208 1211 1210
f 1210 1212 1209
f 1210 1211 1212
f 1185 1209 1213
f 1208 1214 1211
f 1215 1185 1213
f 1168 1185 1215
f 1168 1215 1152
f 1216 1213 1209
f 1209 1212 1216
f 1213 1217 1215
f 1215 1217 1152
f 1216 1218 1213
f 1213 1218 1217
f 1219 1152 1217
f 1217 1218 1219
f 1152 1219 1147
f 1146 1147 1219
f 1218 1216 1220
f 1212 1220 1216
f 1218 1221 1219
f 1212 1222 1220
f 1218 1223 1221
f 1218 1220 1223
f 1219 1221 1224
f 1221 1223 1224
f 1146 1219 1225
f 1219 1224 1225
f 1226 1146 1225
f 1146 1226 1144
f 1227 1225 1224
f 1226 1228 1144
f 1224 1229 1227
f 1223 1229 1224
f 1227 1230 1225
f 1230 1227 1229
f 1231 1226 1225
f 1225 1230 1231
f 1228 1226 1231
f 1232 1144 1228
f 1137 1144 1232
f 1137 1232 1133
f 1231 1233 1228
f 1233 1232 1228
f 1133 1232 1234
f 1133 1234 1130
f 1233 1235 1232
f 1235 1234 1232
f 1130 1234 1236
f 1130 1236 1125
f 1234 1235 1237
f 1234 1237 1236
f 1125 1236 1238
f 1123 1125 1238
f 1237 1239 1236
f 1239 1238 1236
f 1237 1235 1239
f 1240 1123 1238
f 1238 1239 1240
f 1123 1240 1116
f 1239 1235 1241
f 1233 1241 1235
f 1240 1242 1116
f 1242 1113 1116
f 1243 1242 1240
f 1242 1244 1113
f 1243 1244 1242
f 1113 1244 1114
f 1240 1245 1243
f 1243 1245 1244
f 1239 1245 1240
f 1239 1246 1245
f 1239 1241 1246
f 1244 1245 1247
f 1248 1245 1246
f 1245 1248 1247
f 1241 1249 1246
f 1249 1248 1246
f 1247 1250 1244
f 1251 1249 1241
f 1247 1252 1250
f 1248 1252 1247
f 1244 1250 1253
f 1244 1253 1114
f 1250 1252 1254
f 1253 1250 1254
f 1248 1255 1252
f 1253 1256 1114
f 1114 1256 1111
f 1111 1256 1105
f 1257 1255 1248
f 1249 1257 1248
f 1256 1258 1105
f 1258 1104 1105
f 1249 1259 1257
f 1249 1251 1259
f 1260 1104 1258
f 1258 1256 1261
f 1258 1261 1260
f 1261 1256 1262
f 1104 1260 1263
f 1055 1104 1263
f 1261 1264 1260
f 1261 1262 1264
f 1263 1265 1055
f 1053 1055 1265
f 1265 1041 1053
f 1266 1265 1263
f 1265 1267 1041
f 1265 1266 1267
f 1263 1268 1266
f 1260 1268 1263
f 1266 1269 1267
f 1266 1268 1269
f 1267 1270 1041
f 1260 1271 1268
f 1270 1267 1272
f 1267 1269 1272
f 1270 1273 1041
f 1272 1273 1270
f 1041 1273 1039
f 1273 1040 1039
f 1268 1274 1269
f 1274 1268 1271
f 1274 1275 1269
f 1274 1271 1275
f 1276 1272 1269
f 1269 1275 1276
f 1272 1277 1273
f 1273 1278 1040
f 1273 1277 1278
f 1040 1278 1279
f 1040 1279 1028
f 1279 1278 1280
f 1279 1281 1028
f 1279 1280 1281
f 1282 1280 1278
f 1278 1277 1282
f 1028 1281 1283
f 1283 1023 1028
f 1023 1283 1284
f 1281 1284 1283
f 1284 1285 1023
f 1020 1023 1285
f 1281 1286 1284
f 1285 1287 1020
f 1020 1287 1021
f 1284 1288 1285
f 1288 1287 1285
f 1284 1289 1288
f 1286 1289 1284
f 1288 1290 1287
f 1289 1290 1288
f 1286 1291 1289
f 1290 1289 1291
f 1281 1292 1286
f 1286 1292 1291
f 1287 1290 1293
f 1294 1292 1281
f 1281 1280 1294
f 1293 1295 1287
f 1021 1287 1295
f 1293 1290 1296
f 1293 1296 1295
f 1290 1297 1296
f 1290 1291 1297
f 1296 1298 1295
f 1296 1297 1298
f 1291 1299 1297
f 1292 1299 1291
f 1298 1297 1300
f 1292 1301 1299
f 1297 1302 1300
f 1299 1302 1297
f 1301 1292 1303
f 1301 1304 1299
f 1304 1301 1303
f 1305 1302 1299
f 1305 1299 1304
f 1306 1300 1302
f 1305 1304 1307
f 1300 1306 1308
f 1300 1308 1298
f 1309 1306 1302
f 1302 1305 1309
f 1308 1306 1310
f 1306 1309 1310
f 1298 1308 1311
f 1308 1310 1311
f 1312 1298 1311
f 1312 1295 1298
f 1312 1311 1313
f 1312 1313 1295
f 1314 1311 1310
f 1311 1314 1313
f 1295 1313 1315
f 1315 1021 1295
f 1313 1314 1316
f 1021 1315 1317
f 930 1021 1317
f 1318 1315 1313
f 1316 1318 1313
f 930 1317 1319
f 1315 1319 1317
f 930 1319 928
f 1320 1315 1318
f 1319 1315 1320
f 1318 1316 1320
f 928 1319 1321
f 1319 1320 1321
f 927 928 1321
f 1320 1316 1322
f 1321 1320 1322
f 927 1321 1323
f 1322 1324 1321
f 1323 1321 1324
f 927 1323 1325
f 927 1325 922
f 1324 1326 1323
f 1323 1327 1325
f 1326 1327 1323
f 1325 1328 922
f 1325 1327 1328
f 922 1328 1329
f 922 1329 920
f 920 1329 923
f 1328 1327 1330
f 1328 1330 1329
f 1329 1331 923
f 1331 1329 1330
f 1332 1330 1327
f 1327 1326 1332
f 1330 1333 1331
f 1331 1334 923
f 1331 1333 1334
f 1333 1330 1335
f 1330 1332 1335
f 1334 1333 1336
f 1333 1337 1336
f 1333 1335 1337
f 1334 1336 1338
f 1336 1337 1338
f 923 1334 1339
f 1339 925 923
f 925 1339 906
f 1334 1338 1340
f 906 1339 1341
f 1342 1334 1340
f 1338 1342 1340
f 1339 1334 1343
f 1339 1343 1341
f 1343 1334 1342
f 906 1341 1344
f 904 906 1344
f 1341 1343 1345
f 1344 1341 1345
f 1346 904 1344
f 1345 1346 1344
f 1343 1347 1345
f 904 1346 1348
f 1343 1349 1347
f 1343 1342 1349
f 1345 1347 1350
f 1346 1345 1350
f 1349 1351 1347
f 1351 1350 1347
f 1342 1352 1349
f 1351 1349 1353
f 1352 1353 1349
f 1354 1350 1351
f 1354 1351 1353
f 1346 1350 1355
f 1356 1350 1354
f 1355 1350 1356
f 1346 1355 1357
f 1348 1346 1357
f 1357 1355 1358
f 1348 1357 1359
f 1358 1359 1357
f 1358 1355 1360
f 1356 1360 1355
f 1359 1358 1361
f 1358 1360 1361
f 1362 1348 1359
f 1348 1362 904
f 1362 885 904
f 883 885 1362
f 883 1362 879
f 1362 1359 1363
f 1362 1363 879
f 1359 1361 1363
f 1363 1364 879
f 879 1364 877
f 1361 1365 1363
f 1366 1364 1363
f 1363 1365 1366
f 1364 1366 1367
f 877 1364 1368
f 1364 1367 1368
f 1366 1369 1367
f 1365 1369 1366
f 1370 877 1368
f 875 877 1370
f 875 1370 868
f 1369 1365 1371
f 868 1370 1372
f 1371 804 1369
f 1373 1372 1370
f 1370 1368 1373
f 1372 1374 868
f 868 1374 834
f 834 1374 829
f 1372 1373 1375
f 1375 1374 1372
f 1376 829 1374
f 1376 1374 1375
f 829 1376 1377
f 1377 1376 1375
f 829 1377 819
f 1373 1378 1375
f 1375 1378 1377
f 1373 1368 1378
f 1379 819 1377
f 1379 817 819
f 1377 1380 1379
f 1379 1380 817
f 1380 1377 1378
f 817 1380 1381
f 813 817 1381
f 1378 1382 1380
f 1382 1378 1368
f 1381 1380 1383
f 1381 1383 813
f 1380 1382 1383
f 1383 811 813
f 1368 1384 1382
f 1367 1384 1368
f 1383 1382 1385
f 1382 1384 1385
f 1385 811 1383
f 1384 1367 1386
f 1384 1386 1385
f 1385 1386 811
f 1367 1369 1386
f 811 1386 806
f 804 1386 1369
f 1386 804 806
f 1387 804 1371
f 1365 1387 1371
f 1387 802 804
f 1365 1388 1387
f 1388 1365 1361
f 1387 1389 802
f 1389 1387 1388
f 802 1389 801
f 1361 1390 1388
f 1360 1390 1361
f 1360 1356 1390
f 1390 1391 1388
f 1356 1392 1390
f 1390 1392 1391
f 1356 1354 1392
f 1391 1393 1388
f 1391 1392 1393
f 1389 1388 1393
f 1353 1392 1354
f 1393 1394 1389
f 1389 1394 801
f 1392 1395 1393
f 1393 1395 1394
f 1392 1353 1395
f 1395 1396 1394
f 1394 1396 801
f 1395 1353 1397
f 1396 1395 1397
f 1397 1353 1398
f 1353 1352 1398
f 1397 1399 1396
f 1400 1398 1352
f 1398 1401 1397
f 1401 1398 1400
f 1399 1397 1402
f 1401 1402 1397
f 1352 1403 1400
f 1403 1352 1342
f 1400 1404 1401
f 1342 1405 1403
f 1338 1405 1342
f 1337 1405 1338
f 1403 1406 1400
f 1405 1406 1403
f 1400 1407 1404
f 1406 1407 1400
f 1404 1408 1401
f 1401 1408 1402
f 1404 1409 1408
f 1407 1409 1404
f 1408 1410 1402
f 1409 1410 1408
f 1410 1411 1402
f 1409 1411 1410
f 1407 1412 1409
f 1409 1413 1411
f 1409 1412 1413
f 1406 1414 1407
f 1414 1412 1407
f 1415 1414 1406
f 1416 1412 1414
f 1415 1416 1414
f 1417 1415 1406
f 1417 1406 1405
f 1417 1418 1415
f 1405 1419 1417
f 1419 1418 1417
f 1337 1419 1405
f 1418 1420 1415
f 1420 1416 1415
f 1418 1419 1421
f 1421 1420 1418
f 1337 1422 1419
f 1335 1422 1337
f 1419 1423 1421
f 1422 1423 1419
f 1335 1424 1422
f 1424 1423 1422
f 1332 1424 1335
f 1423 1425 1421
f 1424 1425 1423
f 1421 1425 1420
f 1332 1426 1424
f 1424 1426 1425
f 1332 1427 1426
f 1326 1427 1332
f 1426 1428 1425
f 1427 1429 1426
f 1426 1429 1428
f 1326 1430 1427
f 1427 1430 1429
f 1326 1431 1430
f 1324 1431 1326
f 1322 1431 1324
f 1430 1432 1429
f 1433 1431 1322
f 1322 1316 1433
f 1431 1434 1430
f 1434 1432 1430
f 1433 1435 1431
f 1435 1434 1431
f 1316 1436 1433
f 1314 1436 1316
f 1433 1437 1435
f 1436 1437 1433
f 1314 1438 1436
f 1314 1310 1438
f 1436 1439 1437
f 1438 1439 1436
f 1437 1440 1435
f 1441 1437 1439
f 1441 1440 1437
f 1435 1442 1434
f 1435 1440 1442
f 1442 1443 1434
f 1434 1443 1432
f 1440 1444 1442
f 1441 1445 1440
f 1445 1444 1440
f 1442 1444 1446
f 1442 1446 1443
f 1445 1447 1444
f 1444 1447 1446
f 1441 1448 1445
f 1445 1448 1447
f 1449 1448 1441
f 1439 1449 1441
f 1447 1448 1450
f 1451 1449 1439
f 1438 1451 1439
f 1449 1452 1448
f 1452 1450 1448
f 1451 1452 1449
f 1450 1453 1447
f 1454 1451 1438
f 1310 1454 1438
f 1452 1455 1450
f 1450 1455 1453
f 1454 1310 1456
f 1309 1456 1310
f 1456 1457 1454
f 1309 1458 1456
f 1458 1457 1456
f 1459 1451 1454
f 1454 1457 1459
f 1460 1452 1451
f 1459 1461 1451
f 1451 1461 1460
f 1460 1462 1452
f 1461 1462 1460
f 1452 1462 1455
f 1459 1463 1461
f 1457 1463 1459
f 1463 1464 1461
f 1461 1464 1462
f 1457 1465 1463
f 1463 1465 1464
f 1457 1458 1466
f 1466 1467 1457
f 1458 1467 1466
f 1467 1465 1457
f 1467 1458 1468
f 1309 1468 1458
f 1467 1469 1465
f 1470 1468 1309
f 1309 1305 1470
f 1470 1305 1307
f 1471 1465 1469
f 1464 1465 1471
f 1307 1472 1470
f 1471 1473 1464
f 1469 1473 1471
f 1474 1472 1307
f 1474 1307 1304
f 1303 1474 1304
f 1472 1475 1470
f 1475 1468 1470
f 1472 1474 1476
f 1477 1475 1472
f 1477 1472 1476
f 1475 1478 1468
f 1477 1479 1475
f 1479 1478 1475
f 1476 1480 1477
f 1480 1479 1477
f 1478 1481 1468
f 1468 1481 1467
f 1479 1482 1478
f 1481 1483 1467
f 1467 1483 1469
f 1481 1478 1484
f 1482 1484 1478
f 1485 1482 1479
f 1485 1479 1480
f 1485 1486 1482
f 1486 1484 1482
f 1480 1487 1485
f 1486 1485 1487
f 1484 1488 1481
f 1488 1483 1481
f 1484 1486 1489
f 1484 1490 1488
f 1490 1484 1489
f 1486 1491 1489
f 1489 1492 1490
f 1491 1492 1489
f 1486 1493 1491
f 1487 1493 1486
f 1494 1492 1491
f 1494 1491 1493
f 1493 1487 1495
f 1496 1494 1493
f 1495 1496 1493
f 1494 1497 1492
f 1498 1495 1487
f 1498 1487 1480
f 1494 1496 1499
f 1499 1497 1494
f 1498 1480 1500
f 1480 1476 1500
f 1500 1476 1501
f 1501 1476 1474
f 1500 1502 1498
f 1503 1501 1474
f 1303 1503 1474
f 1501 1504 1500
f 1502 1500 1504
f 1505 1501 1503
f 1505 1504 1501
f 1506 1503 1303
f 1507 1505 1503
f 1507 1503 1506
f 1303 1508 1506
f 1507 1506 1508
f 1508 1303 1292
f 1294 1508 1292
f 1294 1509 1508
f 1509 1294 1280
f 1282 1509 1280
f 1510 1508 1509
f 1510 1507 1508
f 1282 1511 1509
f 1511 1510 1509
f 1277 1511 1282
f 1512 1507 1510
f 1512 1510 1511
f 1513 1507 1512
f 1507 1513 1505
f 1513 1504 1505
f 1514 1512 1511
f 1514 1513 1512
f 1277 1515 1511
f 1515 1514 1511
f 1516 1515 1277
f 1515 1516 1514
f 1517 1516 1277
f 1516 1517 1514
f 1517 1513 1514
f 1277 1272 1517
f 1272 1276 1517
f 1518 1513 1517
f 1276 1518 1517
f 1513 1519 1504
f 1502 1504 1519
f 1518 1520 1513
f 1513 1520 1519
f 1276 1521 1518
f 1521 1520 1518
f 1276 1522 1521
f 1522 1276 1275
f 1521 1523 1520
f 1522 1523 1521
f 1520 1524 1519
f 1520 1523 1524
f 1524 1502 1519
f 1502 1524 1525
f 1525 1498 1502
f 1526 1525 1524
f 1525 1527 1498
f 1527 1525 1526
f 1495 1498 1527
f 1528 1526 1524
f 1523 1528 1524
f 1529 1527 1526
f 1528 1529 1526
f 1527 1530 1495
f 1496 1495 1530
f 1529 1531 1527
f 1531 1530 1527
f 1528 1532 1529
f 1529 1532 1531
f 1523 1533 1528
f 1532 1528 1533
f 1534 1533 1523
f 1534 1523 1522
f 1533 1535 1532
f 1533 1534 1535
f 1535 1536 1532
f 1536 1531 1532
f 1534 1537 1535
f 1536 1535 1537
f 1538 1534 1522
f 1275 1538 1522
f 1534 1539 1537
f 1538 1539 1534
f 1540 1536 1537
f 1539 1540 1537
f 1538 1275 1541
f 1538 1542 1539
f 1541 1542 1538
f 1540 1539 1543
f 1539 1542 1543
f 1544 1541 1275
f 1271 1544 1275
f 1545 1544 1271
f 1545 1541 1544
f 1260 1545 1271
f 1264 1545 1260
f 1542 1541 1546
f 1545 1264 1547
f 1545 1548 1541
f 1548 1546 1541
f 1545 1547 1549
f 1549 1548 1545
f 1550 1547 1264
f 1262 1550 1264
f 1551 1549 1547
f 1550 1551 1547
f 1552 1548 1549
f 1549 1551 1552
f 1553 1548 1552
f 1548 1553 1546
f 1552 1551 1554
f 1554 1553 1552
f 1555 1551 1550
f 1554 1551 1555
f 1555 1550 1556
f 1262 1556 1550
f 1557 1554 1555
f 1557 1555 1556
f 1558 1553 1554
f 1554 1557 1558
f 1559 1556 1262
f 1262 1256 1559
f 1253 1559 1256
f 1559 1253 1560
f 1560 1556 1559
f 1560 1253 1254
f 1560 1561 1556
f 1254 1561 1560
f 1561 1557 1556
f 1562 1561 1254
f 1562 1557 1561
f 1252 1562 1254
f 1562 1563 1557
f 1558 1557 1563
f 1252 1564 1562
f 1564 1563 1562
f 1563 1565 1558
f 1252 1566 1564
f 1255 1566 1252
f 1567 1563 1564
f 1565 1563 1567
f 1255 1568 1566
f 1568 1255 1257
f 1558 1565 1569
f 1553 1558 1569
f 1565 1570 1569
f 1567 1570 1565
f 1571 1553 1569
f 1553 1571 1546
f 1570 1572 1569
f 1571 1569 1572
f 1573 1546 1571
f 1546 1573 1542
f 1574 1571 1572
f 1571 1574 1573
f 1573 1575 1542
f 1543 1542 1575
f 1575 1573 1576
f 1574 1576 1573
f 1575 1577 1543
f 1575 1576 1577
f 1572 1578 1574
f 1576 1574 1579
f 1578 1579 1574
f 1578 1572 1580
f 1580 1572 1570
f 1581 1579 1578
f 1578 1580 1581
f 1582 1580 1570
f 1582 1570 1567
f 1581 1580 1583
f 1583 1580 1582
f 1582 1567 1584
f 1583 1585 1581
f 1586 1584 1567
f 1564 1586 1567
f 1587 1582 1584
f 1587 1583 1582
f 1588 1586 1564
f 1566 1588 1564
f 1586 1589 1584
f 1589 1587 1584
f 1588 1590 1586
f 1590 1589 1586
f 1591 1588 1566
f 1591 1566 1568
f 1592 1590 1588
f 1591 1592 1588
f 1593 1591 1568
f 1593 1568 1257
f 1591 1594 1592
f 1593 1594 1591
f 1592 1595 1590
f 1595 1589 1590
f 1596 1592 1594
f 1596 1595 1592
f 1597 1594 1593
f 1598 1593 1257
f 1598 1597 1593
f 1598 1257 1259
f 1599 1594 1597
f 1596 1594 1599
f 1598 1600 1597
f 1598 1259 1601
f 1600 1598 1601
f 1601 1259 1251
f 1600 1602 1597
f 1597 1602 1599
f 1603 1600 1601
f 1602 1600 1604
f 1603 1604 1600
f 1602 1605 1599
f 1604 1606 1602
f 1606 1605 1602
f 1605 1607 1599
f 1596 1599 1607
f 1608 1605 1606
f 1607 1609 1596
f 1609 1595 1596
f 1605 1610 1607
f 1610 1605 1608
f 1607 1611 1609
f 1611 1607 1610
f 1595 1609 1612
f 1611 1610 1613
f 1608 1613 1610
f 1611 1614 1609
f 1612 1609 1614
f 1611 1613 1615
f 1612 1616 1595
f 1595 1616 1589
f 1611 1615 1617
f 1617 1614 1611
f 1589 1616 1618
f 1589 1618 1587
f 1619 1616 1612
f 1619 1612 1614
f 1620 1618 1616
f 1620 1616 1619
f 1621 1587 1618
f 1620 1621 1618
f 1614 1622 1619
f 1622 1614 1617
f 1623 1620 1619
f 1623 1621 1620
f 1624 1619 1622
f 1619 1624 1623
f 1621 1625 1587
f 1587 1625 1583
f 1621 1623 1626
f 1621 1626 1625
f 1627 1623 1624
f 1627 1626 1623
f 1625 1628 1583
f 1583 1628 1585
f 1625 1626 1629
f 1630 1628 1625
f 1629 1630 1625
f 1627 1631 1626
f 1629 1626 1631
f 1628 1630 1632
f 1629 1633 1630
f 1630 1633 1632
f 1632 1634 1628
f 1634 1585 1628
f 1633 1635 1632
f 1632 1635 1634
f 1585 1634 1636
f 1636 1581 1585
f 1579 1581 1636
f 1637 1634 1635
f 1634 1637 1636
f 1638 1579 1636
f 1639 1636 1637
f 1639 1638 1636
f 1638 1640 1579
f 1579 1640 1576
f 1640 1577 1576
f 1639 1641 1638
f 1637 1641 1639
f 1638 1642 1640
f 1638 1641 1642
f 1577 1640 1643
f 1640 1642 1643
f 1577 1643 1644
f 1643 1642 1645
f 1646 1644 1643
f 1646 1643 1645
f 1577 1644 1647
f 1644 1646 1648
f 1644 1648 1647
f 1577 1647 1649
f 1543 1577 1649
f 1543 1649 1540
f 1649 1647 1650
f 1649 1650 1540
f 1650 1647 1648
f 1540 1650 1536
f 1651 1536 1650
f 1650 1648 1651
f 1531 1536 1651
f 1652 1648 1646
f 1652 1646 1645
f 1653 1651 1648
f 1652 1653 1648
f 1651 1654 1531
f 1654 1530 1531
f 1651 1653 1655
f 1651 1655 1654
f 1654 1656 1530
f 1654 1657 1656
f 1656 1657 1530
f 1654 1655 1657
f 1530 1657 1496
f 1496 1657 1499
f 1655 1499 1657
f 1653 1658 1655
f 1655 1658 1499
f 1652 1658 1653
f 1499 1658 1659
f 1652 1660 1658
f 1659 1661 1499
f 1499 1661 1497
f 1658 1662 1659
f 1660 1662 1658
f 1661 1659 1663
f 1659 1662 1663
f 1497 1661 1664
f 1665 1664 1661
f 1665 1661 1663
f 1497 1664 1666
f 1665 1666 1664
f 1497 1666 1492
f 1492 1666 1490
f 1667 1666 1665
f 1665 1663 1667
f 1668 1490 1666
f 1666 1667 1668
f 1490 1668 1669
f 1488 1490 1669
f 1667 1670 1668
f 1669 1668 1671
f 1668 1670 1671
f 1669 1672 1488
f 1672 1669 1671
f 1667 1673 1670
f 1663 1673 1667
f 1670 1674 1671
f 1675 1673 1663
f 1662 1675 1663
f 1673 1676 1670
f 1670 1676 1674
f 1675 1662 1677
f 1660 1677 1662
f 1677 1678 1675
f 1660 1679 1677
f 1678 1677 1679
f 1675 1680 1673
f 1678 1680 1675
f 1676 1673 1681
f 1682 1673 1680
f 1681 1673 1682
f 1676 1681 1683
f 1676 1683 1674
f 1682 1684 1681
f 1681 1684 1683
f 1680 1685 1682
f 1682 1685 1684
f 1678 1686 1680
f 1686 1685 1680
f 1687 1686 1678
f 1685 1686 1688
f 1688 1686 1687
f 1678 1689 1687
f 1678 1679 1689
f 1687 1690 1688
f 1688 1691 1685
f 1691 1688 1690
f 1692 1685 1691
f 1685 1692 1684
f 1690 1693 1691
f 1691 1693 1692
f 1694 1690 1687
f 1689 1694 1687
f 1693 1690 1695
f 1696 1694 1689
f 1696 1689 1679
f 1690 1694 1697
f 1695 1690 1697
f 1694 1696 1698
f 1698 1696 1679
f 1697 1694 1699
f 1699 1694 1698
f 1697 1700 1695
f 1699 1701 1697
f 1701 1700 1697
f 1702 1699 1698
f 1699 1702 1701
f 1703 1698 1679
f 1660 1703 1679
f 1704 1702 1698
f 1705 1703 1660
f 1698 1706 1704
f 1707 1705 1660
f 1660 1652 1707
f 1645 1707 1652
f 1707 1708 1705
f 1645 1708 1707
f 1708 1703 1705
f 1642 1708 1645
f 1642 1709 1708
f 1708 1709 1703
f 1641 1709 1642
f 1709 1710 1703
f 1703 1710 1698
f 1709 1641 1710
f 1710 1706 1698
f 1710 1641 1706
f 1641 1711 1706
f 1704 1706 1712
f 1712 1706 1711
f 1702 1704 1712
f 1713 1711 1641
f 1713 1641 1637
f 1714 1711 1713
f 1712 1711 1714
f 1713 1637 1715
f 1714 1713 1715
f 1635 1715 1637
f 1714 1716 1712
f 1717 1715 1635
f 1633 1717 1635
f 1715 1718 1714
f 1718 1716 1714
f 1717 1718 1715
f 1712 1716 1719
f 1719 1702 1712
f 1701 1702 1719
f 1718 1720 1716
f 1719 1716 1720
f 1721 1701 1719
f 1720 1722 1719
f 1721 1719 1722
f 1721 1723 1701
f 1701 1723 1700
f 1724 1721 1722
f 1723 1721 1724
f 1720 1725 1722
f 1726 1700 1723
f 1725 1727 1722
f 1722 1727 1724
f 1724 1728 1723
f 1723 1728 1726
f 1727 1729 1724
f 1729 1728 1724
f 1727 1725 1730
f 1727 1731 1729
f 1730 1731 1727
f 1729 1732 1728
f 1730 1725 1733
f 1733 1725 1720
f 1729 1734 1732
f 1729 1731 1734
f 1735 1733 1720
f 1735 1720 1718
f 1736 1735 1718
f 1736 1718 1717
f 1737 1733 1735
f 1737 1735 1736
f 1738 1736 1717
f 1739 1737 1736
f 1736 1738 1739
f 1717 1740 1738
f 1633 1740 1717
f 1629 1740 1633
f 1741 1738 1740
f 1742 1740 1629
f 1742 1741 1740
f 1629 1631 1742
f 1743 1738 1741
f 1739 1738 1743
f 1744 1741 1742
f 1744 1743 1741
f 1745 1742 1631
f 1745 1744 1742
f 1631 1627 1745
f 1743 1746 1739
f 1739 1746 1737
f 1627 1747 1745
f 1624 1747 1627
f 1745 1747 1748
f 1747 1624 1749
f 1622 1749 1624
f 1748 1750 1745
f 1744 1745 1750
f 1622 1751 1749
f 1617 1751 1622
f 1747 1749 1752
f 1751 1752 1749
f 1753 1748 1747
f 1752 1753 1747
f 1753 1750 1748
f 1751 1754 1752
f 1755 1753 1752
f 1754 1755 1752
f 1751 1617 1756
f 1751 1756 1754
f 1757 1756 1617
f 1617 1615 1757
f 1758 1754 1756
f 1759 1757 1615
f 1613 1759 1615
f 1760 1756 1757
f 1760 1757 1759
f 1760 1758 1756
f 1613 1761 1759
f 1613 1608 1761
f 1762 1760 1759
f 1761 1762 1759
f 1758 1763 1754
f 1755 1754 1763
f 1764 1763 1758
f 1765 1755 1763
f 1765 1763 1764
f 1766 1755 1765
f 1766 1753 1755
f 1758 1767 1764
f 1767 1758 1760
f 1753 1766 1768
f 1750 1753 1768
f 1769 1766 1765
f 1766 1769 1768
f 1764 1770 1765
f 1770 1769 1765
f 1767 1771 1764
f 1771 1770 1764
f 1768 1772 1750
f 1750 1772 1744
f 1773 1744 1772
f 1773 1743 1744
f 1768 1774 1772
f 1743 1773 1775
f 1775 1746 1743
f 1772 1776 1773
f 1775 1773 1776
f 1772 1774 1776
f 1776 1777 1775
f 1775 1777 1746
f 1774 1778 1776
f 1777 1776 1778
f 1779 1774 1768
f 1779 1778 1774
f 1768 1769 1779
f 1777 1778 1780
f 1769 1781 1779
f 1779 1782 1778
f 1783 1781 1769
f 1770 1783 1769
f 1779 1781 1784
f 1782 1779 1784
f 1781 1783 1785
f 1784 1781 1785
f 1783 1770 1786
f 1786 1785 1783
f 1770 1787 1786
f 1771 1787 1770
f 1788 1785 1786
f 1785 1789 1784
f 1785 1788 1789
f 1789 1790 1784
f 1784 1790 1782
f 1788 1791 1789
f 1791 1790 1789
f 1790 1792 1782
f 1782 1792 1778
f 1778 1792 1780
f 1791 1793 1790
f 1792 1790 1793
f 1792 1794 1780
f 1793 1795 1792
f 1792 1795 1794
f 1780 1794 1796
f 1780 1796 1777
f 1795 1797 1794
f 1777 1796 1798
f 1798 1746 1777
f 1796 1794 1799
f 1794 1797 1799
f 1798 1796 1800
f 1800 1796 1799
f 1798 1801 1746
f 1746 1801 1737
f 1800 1802 1798
f 1801 1803 1737
f 1803 1733 1737
f 1804 1801 1798
f 1798 1802 1804
f 1801 1805 1803
f 1733 1803 1805
f 1801 1804 1805
f 1806 1733 1805
f 1806 1730 1733
f 1807 1805 1804
f 1805 1807 1806
f 1730 1806 1808
f 1807 1808 1806
f 1730 1808 1731
f 1807 1809 1808
f 1808 1809 1731
f 1804 1810 1807
f 1802 1810 1804
f 1807 1811 1809
f 1810 1811 1807
f 1731 1809 1812
f 1811 1812 1809
f 1731 1812 1734
f 1813 1811 1810
f 1812 1811 1814
f 1811 1813 1814
f 1812 1815 1734
f 1812 1814 1815
f 1734 1815 1816
f 1816 1732 1734
f 1814 1817 1815
f 1815 1818 1816
f 1817 1818 1815
f 1816 1819 1732
f 1816 1818 1820
f 1816 1820 1819
f 1821 1818 1817
f 1818 1822 1820
f 1818 1821 1822
f 1819 1820 1823
f 1822 1824 1820
f 1820 1824 1823
f 1819 1823 1825
f 1824 1826 1823
f 1823 1826 1825
f 1827 1824 1822
f 1824 1827 1826
f 1819 1825 1828
f 1819 1828 1732
f 1822 1829 1827
f 1821 1829 1822
f 1732 1828 1830
f 1728 1732 1830
f 1728 1830 1726
f 1828 1831 1830
f 1726 1830 1832
f 1831 1832 1830
f 1726 1832 1833
f 1700 1726 1833
f 1695 1700 1833
f 1828 1834 1831
f 1828 1825 1834
f 1695 1833 1835
f 1695 1835 1693
f 1833 1832 1836
f 1836 1835 1833
f 1832 1831 1837
f 1837 1836 1832
f 1693 1835 1838
f 1693 1838 1692
f 1839 1835 1836
f 1838 1835 1839
f 1836 1840 1839
f 1836 1837 1840
f 1838 1841 1692
f 1692 1841 1684
f 1838 1839 1842
f 1841 1838 1843
f 1843 1838 1842
f 1844 1684 1841
f 1844 1841 1843
f 1839 1845 1842
f 1845 1839 1840
f 1843 1842 1846
f 1842 1845 1846
f 1846 1844 1843
f 1840 1847 1845
f 1837 1847 1840
f 1846 1845 1848
f 1849 1847 1837
f 1844 1846 1850
f 1846 1848 1850
f 1851 1845 1847
f 1851 1848 1845
f 1852 1847 1849
f 1847 1852 1851
f 1853 1849 1837
f 1837 1831 1853
f 1831 1834 1853
f 1849 1854 1852
f 1855 1853 1834
f 1853 1856 1849
f 1855 1856 1853
f 1854 1849 1856
f 1857 1855 1834
f 1825 1857 1834
f 1825 1826 1857
f 1856 1855 1858
f 1855 1857 1858
f 1859 1857 1826
f 1857 1860 1858
f 1857 1859 1860
f 1826 1861 1859
f 1861 1860 1859
f 1827 1861 1826
f 1858 1860 1862
f 1863 1860 1861
f 1862 1860 1863
f 1827 1864 1861
f 1865 1858 1862
f 1856 1858 1865
f 1864 1827 1866
f 1829 1866 1827
f 1867 1856 1865
f 1856 1867 1854
f 1829 1868 1866
f 1854 1867 1869
f 1852 1854 1869
f 1870 1868 1829
f 1821 1870 1829
f 1852 1869 1871
f 1852 1871 1851
f 1870 1821 1872
f 1851 1871 1873
f 1874 1872 1821
f 1821 1817 1874
f 1874 1817 1875
f 1817 1814 1875
f 1875 1876 1874
f 1876 1872 1874
f 1875 1814 1877
f 1876 1875 1877
f 1813 1877 1814
f 1876 1878 1872
f 1877 1879 1876
f 1879 1878 1876
f 1878 1880 1872
f 1870 1872 1880
f 1878 1881 1880
f 1880 1882 1870
f 1880 1881 1882
f 1882 1868 1870
f 1878 1883 1881
f 1878 1879 1883
f 1881 1884 1882
f 1884 1881 1883
f 1882 1885 1868
f 1868 1885 1866
f 1882 1884 1886
f 1866 1885 1887
f 1866 1887 1864
f 1888 1885 1882
f 1888 1882 1886
f 1885 1889 1887
f 1889 1885 1888
f 1887 1890 1864
f 1887 1889 1890
f 1864 1890 1891
f 1864 1891 1861
f 1861 1891 1863
f 1890 1889 1892
f 1890 1893 1891
f 1893 1890 1892
f 1894 1863 1891
f 1893 1894 1891
f 1863 1894 1895
f 1863 1895 1862
f 1893 1896 1894
f 1894 1896 1895
f 1893 1892 1897
f 1893 1897 1896
f 1889 1898 1892
f 1888 1898 1889
f 1892 1899 1897
f 1900 1898 1888
f 1886 1900 1888
f 1898 1901 1892
f 1899 1892 1901
f 1900 1886 1902
f 1884 1902 1886
f 1903 1898 1900
f 1904 1901 1898
f 1903 1904 1898
f 1905 1901 1904
f 1905 1899 1901
f 1903 1906 1904
f 1906 1905 1904
f 1907 1903 1900
f 1902 1907 1900
f 1906 1903 1908
f 1909 1907 1902
f 1907 1910 1903
f 1908 1903 1910
f 1907 1909 1911
f 1907 1911 1910
f 1909 1902 1912
f 1884 1912 1902
f 1913 1911 1909
f 1913 1909 1912
f 1912 1884 1914
f 1883 1914 1884
f 1912 1915 1913
f 1912 1914 1915
f 1914 1883 1916
f 1916 1915 1914
f 1917 1916 1883
f 1917 1883 1879
f 1918 1915 1916
f 1919 1917 1879
f 1919 1879 1877
f 1920 1916 1917
f 1920 1918 1916
f 1921 1917 1919
f 1917 1922 1920
f 1922 1917 1921
f 1919 1877 1923
f 1921 1919 1923
f 1924 1923 1877
f 1877 1813 1924
f 1925 1921 1923
f 1921 1925 1922
f 1926 1924 1813
f 1926 1813 1810
f 1927 1923 1924
f 1927 1925 1923
f 1924 1926 1928
f 1810 1928 1926
f 1928 1927 1924
f 1802 1928 1810
f 1929 1928 1802
f 1800 1929 1802
f 1799 1929 1800
f 1928 1929 1930
f 1930 1929 1799
f 1930 1927 1928
f 1930 1799 1931
f 1797 1931 1799
f 1932 1927 1930
f 1931 1932 1930
f 1932 1925 1927
f 1797 1933 1931
f 1932 1931 1934
f 1931 1933 1934
f 1935 1925 1932
f 1936 1933 1797
f 1797 1795 1936
f 1793 1936 1795
f 1935 1932 1937
f 1934 1937 1932
f 1793 1938 1936
f 1936 1938 1933
f 1939 1934 1933
f 1939 1933 1938
f 1934 1940 1937
f 1939 1940 1934
f 1941 1935 1937
f 1925 1935 1941
f 1940 1942 1937
f 1941 1937 1942
f 1943 1940 1939
f 1941 1944 1925
f 1944 1922 1925
f 1920 1922 1944
f 1941 1945 1944
f 1941 1942 1945
f 1944 1946 1920
f 1946 1918 1920
f 1945 1947 1944
f 1947 1946 1944
f 1948 1945 1942
f 1948 1947 1945
f 1949 1942 1940
f 1942 1949 1948
f 1943 1949 1940
f 1947 1950 1946
f 1951 1949 1943
f 1952 1946 1950
f 1946 1952 1918
f 1951 1953 1949
f 1949 1953 1948
f 1954 1951 1943
f 1943 1939 1954
f 1951 1954 1955
f 1954 1939 1938
f 1956 1955 1954
f 1938 1956 1954
f 1956 1957 1955
f 1956 1938 1958
f 1958 1938 1793
f 1791 1958 1793
f 1959 1957 1956
f 1957 1959 1960
f 1961 1956 1958
f 1959 1956 1961
f 1961 1958 1791
f 1959 1961 1960
f 1962 1961 1791
f 1788 1962 1791
f 1960 1961 1963
f 1963 1961 1962
f 1963 1964 1960
f 1965 1962 1788
f 1965 1963 1962
f 1963 1966 1964
f 1966 1963 1965
f 1966 1967 1964
f 1968 1967 1966
f 1788 1969 1965
f 1786 1969 1788
f 1787 1969 1786
f 1965 1970 1966
f 1965 1969 1970
f 1971 1968 1966
f 1971 1966 1970
f 1971 1972 1968
f 1973 1971 1970
f 1972 1971 1973
f 1973 1970 1969
f 1974 1972 1973
f 1974 1975 1972
f 1976 1975 1974
f 1977 1973 1969
f 1974 1973 1977
f 1977 1969 1787
f 1978 1976 1974
f 1979 1976 1978
f 1980 1974 1977
f 1978 1974 1980
f 1977 1787 1981
f 1787 1771 1981
f 1977 1982 1980
f 1982 1977 1981
f 1983 1981 1771
f 1982 1981 1983
f 1767 1983 1771
f 1984 1980 1982
f 1980 1984 1978
f 1767 1985 1983
f 1767 1760 1985
f 1982 1983 1986
f 1986 1983 1985
f 1986 1987 1982
f 1984 1982 1987
f 1985 1988 1986
f 1986 1988 1987
f 1989 1985 1760
f 1988 1985 1989
f 1760 1762 1989
f 1988 1990 1987
f 1762 1991 1989
f 1992 1988 1989
f 1991 1992 1989
f 1990 1988 1993
f 1988 1992 1993
f 1990 1994 1987
f 1987 1994 1984
f 1995 1993 1992
f 1984 1994 1996
f 1984 1996 1978
f 1979 1978 1996
f 1996 1997 1979
f 1997 1996 1998
f 1997 1998 1999
f 1998 2000 1999
f 2001 1996 1994
f 2001 1998 1996
f 2001 1994 2002
f 1990 2002 1994
f 2003 1998 2001
f 2003 2001 2002
f 2000 1998 2003
f 2002 1990 2004
f 2004 1990 1993
f 1995 2004 1993
f 2005 2003 2002
f 2002 2004 2005
f 2006 2003 2005
f 2006 2005 2004
f 2000 2003 2007
f 2007 2003 2006
f 2008 2000 2007
f 2000 2008 2009
f 2010 2009 2008
f 2011 2010 2008
f 2011 2008 2007
f 2010 2011 2012
f 2013 2007 2006
f 2011 2007 2013
f 2012 2011 2014
f 2014 2011 2013
f 2015 2012 2014
f 2015 2016 2012
f 2013 2017 2014
f 2016 2015 2018
f 2018 2019 2016
f 2020 2015 2014
f 2015 2020 2018
f 2020 2014 2017
f 2018 2021 2019
f 2019 2021 2022
f 2021 2023 2022
f 2021 2024 2023
f 2025 2023 2024
f 2021 2018 2026
f 2024 2021 2026
f 2027 2025 2024
f 2028 2025 2027
f 2029 2024 2026
f 2024 2029 2027
f 2026 2018 2030
f 2020 2030 2018
f 2031 2029 2026
f 2020 2032 2030
f 2033 2029 2031
f 2027 2029 2033
f 2031 2026 2034
f 2026 2030 2034
f 2031 2035 2033
f 2031 2034 2035
f 2036 2027 2033
f 2033 2035 2036
f 2037 2028 2027
f 2036 2037 2027
f 2037 2038 2028
f 2038 2037 2039
f 2039 2040 2038
f 2041 2037 2036
f 2039 2037 2041
f 2039 2042 2040
f 2042 2043 2040
f 2041 2044 2039
f 2044 2042 2039
f 2042 2045 2043
f 2045 2046 2043
f 2044 2047 2042
f 2046 2045 2048
f 2042 2049 2045
f 2045 2049 2048
f 2042 2047 2049
f 2050 2046 2048
f 2051 2046 2050
f 2048 2049 2052
f 2048 2052 2050
f 2053 2051 2050
f 2053 2054 2051
f 2050 2055 2053
f 2056 2054 2053
f 2056 2053 2055
f 2057 2054 2056
f 2058 2054 2057
f 2059 2057 2056
f 2059 2056 2055
f 2060 2058 2057
f 2057 2059 2060
f 2055 2050 2061
f 2050 2052 2061
f 2062 2059 2055
f 2062 2055 2061
f 2063 2058 2060
f 2064 2058 2063
f 2063 2065 2064
f 144 2065 2063
f 143 144 2063
f 143 2063 2066
f 2060 2066 2063
f 2066 146 143
f 2066 2060 2067
f 2066 2067 146
f 2067 2060 2059
f 146 2067 161
f 2067 2059 2068
f 2068 2059 2062
f 2067 2069 161
f 2067 2068 2069
f 161 2069 175
f 2069 2068 175
f 175 2068 2070
f 2070 2068 2062
f 175 2070 176
f 2070 2071 176
f 2070 2062 2071
f 184 176 2071
f 2062 2072 2071
f 2062 2061 2072
f 2071 2073 184
f 2071 2072 2073
f 184 2073 185
f 2074 2072 2061
f 2072 2074 2073
f 2052 2074 2061
f 185 2073 2075
f 2073 2074 2075
f 185 2075 196
f 2076 2075 2074
f 2075 2076 196
f 2052 2076 2074
f 2077 196 2076
f 2076 2052 2077
f 2052 2049 2077
f 201 196 2077
f 2047 2077 2049
f 201 2077 2078
f 2077 2047 2078
f 201 2078 203
f 2047 2079 2078
f 2079 203 2078
f 2047 2044 2079
f 203 2079 2080
f 2080 1191 203
f 2044 2081 2079
f 2081 2080 2079
f 2044 2041 2081
f 1195 1191 2080
f 2082 2081 2041
f 2041 2036 2082
f 2081 2083 2080
f 2082 2083 2081
f 1195 2080 2084
f 2084 2080 2083
f 2082 2036 2085
f 2036 2035 2085
f 2086 2082 2085
f 2086 2083 2082
f 2085 2035 2087
f 2085 2087 2086
f 2083 2086 2088
f 2088 2086 2087
f 2089 2084 2083
f 2083 2088 2089
f 2090 2087 2035
f 2034 2090 2035
f 2087 2091 2088
f 2087 2090 2091
f 2090 2034 2092
f 2090 2092 2091
f 2091 2093 2088
f 2093 2089 2088
f 2092 2094 2091
f 2093 2091 2094
f 2092 2034 2095
f 2094 2092 2095
f 2034 2096 2095
f 2034 2030 2096
f 2030 2032 2096
f 2095 2096 2097
f 2097 2094 2095
f 2096 2032 2098
f 2096 2098 2097
f 2099 2098 2032
f 2097 2098 2099
f 2100 2099 2032
f 2032 2020 2100
f 2020 2017 2100
f 2097 2099 2101
f 2100 2017 2102
f 2097 2101 2103
f 2102 2104 2100
f 2099 2100 2104
f 2102 2017 2105
f 2013 2105 2017
f 2006 2105 2013
f 2006 2004 2105
f 2105 2106 2102
f 2106 2104 2102
f 2105 2004 2107
f 2105 2107 2106
f 1995 2107 2004
f 2108 2106 2107
f 2104 2106 2108
f 1995 2109 2107
f 2108 2107 2109
f 2109 1995 2110
f 1992 2110 1995
f 2110 1992 1991
f 2108 2109 2111
f 2112 2110 1991
f 1762 2112 1991
f 2109 2110 2113
f 2113 2110 2112
f 2109 2114 2111
f 2109 2113 2114
f 2111 2115 2108
f 2115 2111 2114
f 2108 2115 2104
f 2116 2114 2113
f 2117 2104 2115
f 2099 2104 2117
f 2114 2118 2115
f 2115 2118 2117
f 2118 2114 2116
f 2099 2117 2119
f 2099 2119 2101
f 2103 2101 2119
f 2119 2117 2120
f 2117 2118 2120
f 2120 2103 2119
f 2121 2118 2116
f 2120 2118 2121
f 2116 2113 2122
f 2112 2122 2113
f 2121 2116 2123
f 2123 2116 2122
f 2124 2122 2112
f 2112 1762 2124
f 1761 2124 1762
f 2123 2122 2125
f 2124 2125 2122
f 2123 2126 2121
f 2126 2123 2125
f 2124 1761 2127
f 1761 1608 2127
f 2124 2128 2125
f 2128 2124 2127
f 2125 2128 2129
f 2125 2129 2126
f 2127 2130 2128
f 2130 2129 2128
f 2127 1608 2131
f 2130 2127 2131
f 2131 1608 1606
f 1606 1604 2131
f 2132 2130 2131
f 2133 2131 1604
f 2131 2133 2132
f 1604 2134 2133
f 1604 1603 2134
f 2132 2133 2135
f 2136 2130 2132
f 2136 2132 2135
f 2136 2137 2130
f 2137 2129 2130
f 2138 2136 2135
f 2138 2137 2136
f 2133 2139 2135
f 2135 2139 2138
f 2134 2139 2133
f 2138 2140 2137
f 2129 2137 2140
f 2138 2139 2141
f 2139 2134 2142
f 2142 2141 2139
f 2143 2134 1603
f 2134 2143 2142
f 1603 1601 2143
f 2138 2141 2144
f 2144 2140 2138
f 2145 2141 2142
f 2141 2146 2144
f 2146 2141 2145
f 2145 2142 2147
f 2147 2142 2143
f 2145 2147 2148
f 2148 2147 2143
f 2149 2145 2148
f 2150 2148 2143
f 2149 2148 2150
f 2151 2150 2143
f 2151 2143 1601
f 2152 2149 2150
f 2151 2152 2150
f 2149 2153 2145
f 2145 2153 2146
f 2149 2152 1229
f 2153 2149 1223
f 1223 2149 1229
f 1220 2153 1223
f 1222 2153 1220
f 1222 2146 2153
f 2154 1229 2152
f 2154 2152 2151
f 1229 2154 2155
f 1229 2155 1230
f 2154 2151 2156
f 2154 2156 2155
f 2151 1601 2156
f 1601 1251 2156
f 1230 2155 2157
f 2156 2157 2155
f 1230 2157 1231
f 1251 2158 2156
f 2157 2156 2158
f 2157 2158 1231
f 2158 1251 1241
f 1233 1231 2158
f 1233 2158 1241
f 1222 2159 2146
f 2159 2160 2146
f 2160 2144 2146
f 2161 2159 1222
f 1222 1212 2161
f 1212 1211 2161
f 1214 2161 1211
f 2162 2144 2160
f 2140 2144 2162
f 1214 2163 2161
f 2161 2163 2159
f 2159 2164 2160
f 2159 2163 2164
f 2160 2164 2162
f 2165 2163 1214
f 1214 1208 2165
f 2165 1208 1205
f 1206 2165 1205
f 2166 2164 2163
f 2165 2166 2163
f 2165 1206 2167
f 1203 2167 1206
f 2166 2165 2168
f 2168 2165 2167
f 2169 2167 1203
f 1198 2169 1203
f 2170 2168 2167
f 2170 2167 2169
f 2169 1198 2171
f 2170 2169 2171
f 2171 1198 1197
f 2172 2171 1197
f 2171 2172 2170
f 2172 1197 1195
f 2173 2168 2170
f 2174 2172 1195
f 1195 2084 2174
f 2089 2174 2084
f 2172 2175 2170
f 2170 2175 2173
f 2089 2176 2174
f 2089 2093 2176
f 2177 2172 2174
f 2174 2176 2177
f 2172 2177 2175
f 2176 2093 2178
f 2176 2178 2177
f 2093 2179 2178
f 2093 2094 2179
f 2180 2177 2178
f 2177 2180 2175
f 2178 2179 2180
f 2181 2175 2180
f 2173 2175 2181
f 2179 2182 2180
f 2180 2182 2181
f 2183 2179 2094
f 2179 2183 2182
f 2094 2097 2183
f 2183 2097 2103
f 2182 2183 2103
f 2182 2103 2184
f 2103 2120 2184
f 2182 2185 2181
f 2182 2184 2185
f 2181 2185 2186
f 2173 2181 2186
f 2185 2184 2187
f 2186 2185 2187
f 2184 2120 2188
f 2187 2184 2188
f 2188 2120 2121
f 2188 2121 2126
f 2188 2126 2189
f 2187 2188 2189
f 2189 2126 2129
f 2190 2189 2129
f 2187 2189 2190
f 2190 2129 2140
f 2187 2190 2191
f 2186 2187 2191
f 2192 2190 2140
f 2191 2190 2192
f 2140 2162 2192
f 2193 2191 2192
f 2162 2193 2192
f 2186 2191 2193
f 2164 2193 2162
f 2166 2193 2164
f 2194 2186 2193
f 2194 2193 2166
f 2186 2194 2173
f 2194 2166 2168
f 2168 2173 2194
f 2195 2196 2197
f 2196 2195 2198
f 2199 2197 2196
f 2196 2198 2200
f 2201 2200 2198
f 2199 2196 2202
f 2196 2200 2202
f 2203 2199 2202
f 2201 2204 2200
f 2205 2204 2201
f 2206 2203 2202
f 2207 2203 2206
f 2205 2208 2204
f 2205 2209 2208
f 2210 2200 2204
f 2208 2209 2211
f 2212 2211 2209
f 2204 2208 2213
f 2210 2204 2213
f 2211 2214 2208
f 2208 2214 2213
f 2215 2211 2212
f 2215 2214 2211
f 2216 2215 2212
f 2213 2214 2217
f 2213 2217 2210
f 2214 2215 2218
f 2214 2218 2217
f 2215 2216 2219
f 2219 2216 2220
f 2218 2215 2221
f 2221 2215 2219
f 2220 2222 2219
f 2220 2223 2222
f 2224 2221 2219
f 2219 2222 2224
f 2225 2222 2223
f 2226 2225 2223
f 2222 2225 2227
f 2222 2227 2224
f 2226 2228 2225
f 2225 2228 2227
f 2228 2226 2229
f 2230 2227 2228
f 2228 2229 2231
f 2227 2230 2232
f 2224 2227 2232
f 2228 2233 2230
f 2228 2231 2233
f 2230 2234 2232
f 2230 2233 2234
f 2229 2235 2231
f 2229 2236 2235
f 2237 2233 2231
f 2235 2237 2231
f 2233 2238 2234
f 2237 2235 2239
f 2240 2233 2237
f 2233 2240 2238
f 2240 2237 2239
f 2238 2241 2234
f 2241 2232 2234
f 2242 2238 2240
f 2238 2242 2241
f 2243 2240 2239
f 2241 2244 2232
f 2240 2243 2245
f 2245 2242 2240
f 2246 2241 2242
f 2244 2241 2246
f 2242 2247 2246
f 2232 2244 2248
f 2248 2224 2232
f 2242 2249 2247
f 2242 2245 2249
f 2250 2224 2248
f 2224 2250 2221
f 2250 2251 2221
f 2218 2221 2251
f 2252 2250 2248
f 2252 2251 2250
f 2218 2251 2253
f 2217 2218 2253
f 2252 2254 2251
f 2254 2253 2251
f 2248 2255 2252
f 2248 2244 2255
f 2256 2254 2252
f 2244 2257 2255
f 2258 2252 2255
f 2255 2257 2258
f 2252 2258 2256
f 2257 2244 2259
f 2259 2244 2246
f 2257 2260 2258
f 2259 2260 2257
f 2261 2259 2246
f 2261 2246 2247
f 2262 2260 2259
f 2259 2261 2262
f 2263 2258 2260
f 2260 2262 2263
f 2264 2256 2258
f 2263 2264 2258
f 2256 2264 2265
f 2256 2265 2254
f 2263 2266 2264
f 2265 2264 2267
f 2264 2266 2267
f 2268 2263 2262
f 2266 2263 2268
f 2262 2269 2268
f 2269 2262 2261
f 2270 2266 2268
f 2271 2268 2269
f 2268 2271 2270
f 2272 2269 2261
f 2266 2270 2273
f 2273 2267 2266
f 2269 2272 2274
f 2269 2274 2271
f 2272 2261 2275
f 2275 2261 2247
f 2247 2249 2275
f 2272 2275 2276
f 2277 2275 2249
f 2277 2276 2275
f 2278 2274 2272
f 2272 2276 2278
f 2277 2279 2276
f 2280 2278 2276
f 2279 2280 2276
f 2280 2281 2278
f 2281 2280 2279
f 2282 2274 2278
f 2283 2278 2281
f 2278 2283 2282
f 2284 2274 2282
f 2274 2284 2271
f 2285 2282 2283
f 2284 2282 2285
f 2271 2284 2286
f 2286 2270 2271
f 2284 2285 2287
f 2288 2270 2286
f 2289 2286 2284
f 2286 2289 2288
f 2284 2287 2289
f 2270 2288 2290
f 2273 2270 2290
f 2289 2291 2288
f 2291 2290 2288
f 2290 2292 2273
f 2267 2273 2292
f 2293 2290 2291
f 2292 2290 2293
f 2294 2267 2292
f 2267 2294 2265
f 2292 2293 2295
f 2265 2294 2296
f 2254 2265 2296
f 2294 2292 2297
f 2292 2295 2297
f 2294 2298 2296
f 2297 2298 2294
f 2299 2254 2296
f 2254 2299 2253
f 2298 2300 2296
f 2299 2296 2300
f 2253 2299 2301
f 2217 2253 2301
f 2299 2300 2302
f 2299 2302 2301
f 2301 2303 2217
f 2303 2210 2217
f 2301 2302 2304
f 2301 2304 2303
f 2305 2210 2303
f 2303 2304 2305
f 2200 2210 2305
f 2200 2305 2202
f 2305 2306 2202
f 2304 2306 2305
f 2202 2306 2206
f 2304 2307 2306
f 2206 2306 2307
f 2304 2302 2308
f 2307 2304 2308
f 2308 2302 2300
f 2309 2206 2307
f 2206 2309 2207
f 2307 2308 2310
f 2310 2309 2307
f 2311 2308 2300
f 2310 2308 2311
f 2298 2311 2300
f 2207 2309 2312
f 2312 2313 2207
f 2298 2314 2311
f 2298 2297 2314
f 2315 2313 2312
f 2313 2315 2316
f 2312 2309 2317
f 2312 2317 2315
f 2309 2310 2317
f 2316 2315 2318
f 2318 2319 2316
f 2315 2317 2320
f 2318 2315 2320
f 2321 2317 2310
f 2322 2319 2318
f 2319 2322 2323
f 2321 2324 2317
f 2317 2324 2320
f 2310 2325 2321
f 2321 2325 2324
f 2325 2310 2311
f 2311 2314 2325
f 2318 2320 2326
f 2327 2326 2320
f 2320 2324 2327
f 2318 2326 2328
f 2326 2327 2328
f 2322 2318 2328
f 2327 2324 2329
f 2327 2329 2328
f 2322 2328 2330
f 2330 2323 2322
f 2328 2329 2331
f 2331 2330 2328
f 2323 2330 2332
f 2333 2323 2332
f 2330 2331 2334
f 2332 2330 2335
f 2334 2335 2330
f 2329 2336 2331
f 2336 2334 2331
f 2332 2335 2337
f 2333 2332 2337
f 2335 2334 2338
f 2335 2339 2337
f 2338 2339 2335
f 2334 2340 2338
f 2340 2334 2336
f 2339 2338 2341
f 2338 2340 2342
f 2341 2338 2342
f 2337 2339 2343
f 2343 2339 2341
f 2344 2337 2343
f 2345 2341 2342
f 2346 2337 2344
f 2337 2346 2333
f 2343 2341 2347
f 2344 2343 2348
f 2348 2343 2347
f 2349 2347 2341
f 2349 2341 2345
f 2350 2348 2347
f 2347 2349 2351
f 2350 2347 2351
f 2351 2349 2352
f 2350 2351 2353
f 2351 2352 2353
f 2350 2354 2348
f 2354 2350 2353
f 2349 2355 2352
f 2355 2349 2345
f 2356 2352 2355
f 2357 2355 2345
f 2355 2357 2356
f 2356 2358 2352
f 2359 2356 2357
f 2356 2359 2358
f 2353 2352 2360
f 2360 2352 2358
f 2361 2353 2360
f 2362 2358 2359
f 2363 2353 2361
f 2354 2353 2363
f 2361 2360 2364
f 2358 2365 2360
f 2364 2360 2365
f 2366 2358 2362
f 2365 2358 2366
f 2364 2367 2361
f 2363 2361 2367
f 2368 2364 2365
f 2365 2366 2369
f 2368 2365 2369
f 2366 2362 2370
f 2366 2370 2369
f 2371 2364 2368
f 2371 2367 2364
f 2368 2369 2372
f 2373 2367 2371
f 2372 2374 2368
f 2368 2374 2371
f 2375 2367 2373
f 2375 2363 2367
f 2376 2373 2371
f 2375 2373 2376
f 2371 2374 2377
f 2371 2377 2376
f 2372 2378 2374
f 2377 2374 2378
f 2379 2372 2369
f 2370 2379 2369
f 2380 2378 2372
f 2372 2379 2380
f 2380 2381 2378
f 2379 2382 2380
f 2381 2380 2382
f 2379 2370 2383
f 2383 2382 2379
f 2384 2378 2381
f 2377 2378 2384
f 2381 2382 2385
f 2384 2381 2386
f 2387 2385 2382
f 2387 2382 2383
f 2385 2388 2381
f 2381 2388 2386
f 2389 2385 2387
f 2390 2388 2385
f 2385 2389 2390
f 2388 2391 2386
f 2388 2390 2392
f 2391 2388 2392
f 2393 2386 2391
f 2393 2384 2386
f 2394 2391 2392
f 2393 2391 2394
f 2395 2384 2393
f 2384 2395 2377
f 2393 2394 2396
f 2395 2393 2396
f 2397 2377 2395
f 2377 2397 2398
f 2376 2377 2398
f 2395 2399 2397
f 2398 2397 2399
f 2396 2400 2395
f 2400 2399 2395
f 2401 2376 2398
f 2401 2375 2376
f 2402 2398 2399
f 2398 2403 2401
f 2398 2402 2403
f 2404 2375 2401
f 2405 2402 2399
f 2405 2399 2400
f 2403 2402 2406
f 2402 2405 2406
f 2407 2401 2403
f 2403 2406 2407
f 2407 2404 2401
f 2408 2407 2406
f 2407 2409 2404
f 2409 2407 2408
f 2404 2410 2375
f 2375 2410 2363
f 2411 2404 2409
f 2411 2410 2404
f 2363 2410 2412
f 2412 2354 2363
f 2411 2413 2410
f 2410 2413 2412
f 2414 2354 2412
f 2413 2414 2412
f 2348 2354 2414
f 2413 2411 2415
f 2414 2416 2348
f 2416 2344 2348
f 2413 2417 2414
f 2417 2416 2414
f 2415 2417 2413
f 2418 2344 2416
f 2418 2416 2417
f 2418 2417 2415
f 2344 2418 2346
f 2419 2415 2411
f 2411 2409 2419
f 2420 2418 2415
f 2419 2420 2415
f 2421 2346 2418
f 2420 2421 2418
f 2421 2422 2346
f 2422 2333 2346
f 2423 2421 2420
f 2421 2424 2422
f 2423 2424 2421
f 2333 2422 2425
f 2423 2420 2426
f 2426 2420 2419
f 2427 2422 2424
f 2427 2425 2422
f 2428 2424 2423
f 2428 2427 2424
f 2429 2423 2426
f 2429 2428 2423
f 2430 2426 2419
f 2426 2430 2429
f 2430 2419 2431
f 2431 2419 2409
f 2432 2431 2409
f 2430 2431 2432
f 2432 2409 2408
f 2430 2433 2429
f 2432 2408 2434
f 2434 2408 2406
f 2435 2430 2432
f 2435 2432 2434
f 2430 2435 2433
f 2436 2434 2406
f 2436 2406 2405
f 2437 2434 2436
f 2435 2434 2437
f 2436 2405 2438
f 2436 2438 2437
f 2439 2438 2405
f 2439 2405 2400
f 2440 2437 2438
f 2439 2400 2441
f 2440 2438 2442
f 2442 2438 2439
f 2400 2443 2441
f 2443 2400 2396
f 2441 2444 2439
f 2442 2439 2444
f 2444 2441 2443
f 2445 2440 2442
f 2446 2442 2444
f 2445 2442 2446
f 2444 2443 2447
f 2444 2447 2446
f 2448 2440 2445
f 2448 2437 2440
f 2446 2449 2445
f 2437 2448 2450
f 2450 2435 2437
f 2451 2448 2445
f 2452 2435 2450
f 2433 2435 2452
f 2448 2453 2450
f 2448 2451 2453
f 2452 2454 2433
f 2454 2429 2433
f 2454 2428 2429
f 2455 2452 2450
f 2452 2456 2454
f 2452 2455 2456
f 2457 2455 2450
f 2457 2450 2453
f 2456 2455 2458
f 2458 2455 2457
f 2459 2454 2456
f 2456 2458 2460
f 2460 2459 2456
f 2459 2461 2454
f 2461 2462 2454
f 2462 2428 2454
f 2459 2463 2461
f 2463 2462 2461
f 2464 2459 2460
f 2463 2459 2464
f 2462 2465 2428
f 2465 2427 2428
f 2466 2462 2463
f 2465 2462 2466
f 2465 2467 2427
f 2425 2427 2467
f 2465 2466 2468
f 2467 2469 2425
f 2425 2469 2333
f 2469 2323 2333
f 2469 2319 2323
f 2465 2470 2467
f 2470 2465 2468
f 2469 2467 2471
f 2471 2467 2470
f 2469 2471 2319
f 2472 2471 2470
f 2468 2472 2470
f 2473 2319 2471
f 2472 2473 2471
f 2473 2316 2319
f 2474 2316 2473
f 2316 2474 2313
f 2475 2473 2472
f 2475 2474 2473
f 2476 2472 2468
f 2476 2475 2472
f 2474 2477 2313
f 2477 2207 2313
f 2475 2478 2474
f 2478 2477 2474
f 2479 2478 2475
f 2479 2475 2476
f 2477 2478 2480
f 2480 2478 2479
f 2481 2207 2477
f 2207 2481 2203
f 2477 2480 2482
f 2482 2481 2477
f 2483 2203 2481
f 2481 2482 2483
f 2199 2203 2483
f 2484 2482 2480
f 2483 2485 2199
f 2482 2486 2483
f 2486 2485 2483
f 2484 2486 2482
f 2199 2485 2487
f 2197 2199 2487
f 2488 2485 2486
f 2488 2487 2485
f 2487 2489 2197
f 2197 2489 2195
f 2490 2195 2489
f 2491 2489 2487
f 2489 2491 2490
f 2488 2491 2487
f 2492 2490 2491
f 2493 2490 2492
f 2491 2488 2494
f 2492 2495 2493
f 2496 2493 2495
f 2497 2492 2491
f 2492 2497 2495
f 2494 2497 2491
f 2498 2496 2495
f 2496 2498 2499
f 2495 2497 2500
f 2499 2498 2501
f 2502 2499 2501
f 2503 2498 2495
f 2501 2498 2503
f 2495 2500 2503
f 2504 2502 2501
f 2502 2504 2505
f 2504 2506 2505
f 2503 2507 2501
f 2501 2507 2504
f 2508 2507 2503
f 2508 2503 2500
f 2509 2504 2507
f 2509 2507 2508
f 2506 2504 2510
f 2511 2506 2510
f 2512 2511 2510
f 2510 2504 2513
f 2513 2504 2509
f 2514 2512 2510
f 2510 2513 2514
f 2515 2512 2514
f 2516 2513 2509
f 2514 2513 2516
f 2515 2514 2517
f 2518 2515 2517
f 2519 2514 2516
f 2520 2518 2517
f 2520 2521 2518
f 2517 2514 2522
f 2514 2519 2522
f 2523 2521 2520
f 2521 2523 2524
f 2525 2520 2517
f 2523 2526 2524
f 2527 2524 2526
f 2528 2527 2526
f 2523 2520 2529
f 2529 2520 2525
f 2526 2523 2530
f 2523 2529 2530
f 2528 2526 2531
f 2531 2526 2530
f 2532 2528 2531
f 2530 2529 2533
f 2532 2531 2534
f 2531 2530 2535
f 2534 2531 2535
f 2530 2533 2535
f 2534 2536 2532
f 2537 2533 2529
f 2537 2529 2525
f 2538 2536 2534
f 2534 2535 2539
f 2539 2538 2534
f 2533 2540 2535
f 2535 2540 2539
f 2541 2540 2533
f 2541 2533 2537
f 2540 2542 2539
f 2541 2542 2540
f 2538 2539 2543
f 2544 2539 2542
f 2543 2539 2544
f 2545 2542 2541
f 2542 2546 2544
f 2546 2542 2545
f 2543 2544 2547
f 2544 2546 2548
f 2548 2547 2544
f 2546 2545 2549
f 2546 2549 2548
f 2545 2541 2550
f 2541 2537 2550
f 2551 2549 2545
f 2545 2550 2551
f 2537 2552 2550
f 2550 2553 2551
f 2552 2553 2550
f 2552 2537 2554
f 2537 2525 2554
f 2552 2555 2553
f 2554 2525 2556
f 2525 2517 2556
f 2517 2522 2556
f 2557 2552 2554
f 2555 2552 2557
f 2554 2556 2558
f 2556 2522 2558
f 2554 2558 2557
f 2558 2522 2519
f 2519 2559 2558
f 2557 2558 2559
f 2519 2516 2559
f 2560 2555 2557
f 2559 2516 2561
f 2560 2562 2555
f 2562 2553 2555
f 2557 2563 2560
f 2563 2557 2559
f 2562 2560 2564
f 2560 2563 2564
f 2553 2562 2565
f 2551 2553 2565
f 2559 2566 2563
f 2559 2561 2566
f 2566 2567 2563
f 2567 2566 2561
f 2561 2516 2568
f 2561 2568 2567
f 2568 2516 2509
f 2568 2509 2569
f 2568 2569 2567
f 2509 2508 2569
f 2569 2508 2570
f 2570 2508 2500
f 2569 2571 2567
f 2571 2569 2570
f 2563 2567 2572
f 2564 2563 2572
f 2571 2573 2567
f 2573 2572 2567
f 2571 2570 2574
f 2575 2573 2571
f 2571 2574 2575
f 2576 2572 2573
f 2576 2573 2575
f 2570 2577 2574
f 2570 2500 2577
f 2500 2578 2577
f 2500 2497 2578
f 2578 2497 2494
f 2578 2579 2577
f 2579 2578 2494
f 2577 2579 2574
f 2579 2494 2580
f 2494 2488 2580
f 2580 2488 2486
f 2580 2486 2484
f 2574 2579 2581
f 2581 2579 2580
f 2575 2574 2581
f 2580 2484 2582
f 2581 2580 2582
f 2581 2583 2575
f 2576 2575 2583
f 2582 2584 2581
f 2584 2583 2581
f 2582 2484 2585
f 2584 2582 2585
f 2484 2480 2585
f 2585 2480 2479
f 2584 2585 2586
f 2585 2479 2587
f 2586 2585 2587
f 2587 2479 2476
f 2588 2584 2586
f 2584 2588 2583
f 2589 2586 2587
f 2588 2586 2589
f 2590 2587 2476
f 2587 2590 2589
f 2590 2476 2468
f 2591 2583 2588
f 2576 2583 2591
f 2590 2468 2592
f 2592 2468 2466
f 2463 2592 2466
f 2593 2590 2592
f 2589 2590 2593
f 2592 2463 2594
f 2593 2592 2594
f 2464 2594 2463
f 2595 2589 2593
f 2595 2593 2594
f 2595 2588 2589
f 2596 2594 2464
f 2596 2464 2460
f 2595 2597 2588
f 2591 2588 2597
f 2598 2596 2460
f 2598 2460 2458
f 2599 2591 2597
f 2599 2576 2591
f 2572 2576 2599
f 2597 2600 2599
f 2601 2572 2599
f 2600 2601 2599
f 2572 2601 2564
f 2602 2600 2597
f 2597 2595 2602
f 2601 2600 2603
f 2602 2603 2600
f 2604 2564 2601
f 2562 2564 2604
f 2605 2601 2603
f 2601 2605 2604
f 2606 2562 2604
f 2562 2606 2565
f 2606 2604 2607
f 2607 2604 2605
f 2565 2606 2608
f 2608 2606 2607
f 2551 2565 2608
f 2609 2607 2605
f 2608 2610 2551
f 2610 2549 2551
f 2608 2607 2611
f 2611 2607 2609
f 2610 2608 2612
f 2612 2608 2611
f 2549 2610 2613
f 2610 2612 2613
f 2614 2549 2613
f 2548 2549 2614
f 2611 2615 2612
f 2609 2615 2611
f 2616 2613 2612
f 2615 2616 2612
f 2617 2614 2613
f 2616 2617 2613
f 2614 2618 2548
f 2617 2618 2614
f 2619 2548 2618
f 2547 2548 2619
f 2618 2617 2620
f 2616 2621 2617
f 2621 2620 2617
f 2616 2615 2622
f 2622 2621 2616
f 2623 2618 2620
f 2618 2623 2619
f 2624 2620 2621
f 2625 2619 2623
f 2624 2621 2626
f 2622 2626 2621
f 2625 2627 2619
f 2619 2627 2547
f 2628 2625 2623
f 2625 2628 2627
f 2623 2620 2629
f 2624 2629 2620
f 2630 2628 2623
f 2629 2630 2623
f 2631 2627 2628
f 2632 2628 2630
f 2628 2632 2631
f 2630 2629 2633
f 2632 2630 2634
f 2630 2633 2634
f 2633 2629 2635
f 2634 2633 2636
f 2635 2636 2633
f 2635 2629 2637
f 2629 2624 2637
f 2636 2635 2638
f 2638 2635 2637
f 2637 2624 2639
f 2626 2639 2624
f 2638 2637 2640
f 2639 2640 2637
f 2641 2639 2626
f 2626 2622 2641
f 2639 2642 2640
f 2641 2643 2639
f 2639 2643 2642
f 2644 2641 2622
f 2645 2643 2641
f 2641 2644 2645
f 2642 2643 2646
f 2643 2645 2646
f 2647 2644 2622
f 2647 2622 2615
f 2609 2647 2615
f 2648 2645 2644
f 2644 2647 2649
f 2649 2648 2644
f 2650 2647 2609
f 2649 2647 2650
f 2648 2651 2645
f 2651 2646 2645
f 2648 2649 2652
f 2650 2653 2649
f 2653 2652 2649
f 2648 2652 2654
f 2648 2654 2651
f 2653 2655 2652
f 2652 2655 2654
f 2650 2656 2653
f 2609 2656 2650
f 2657 2655 2653
f 2609 2658 2656
f 2609 2605 2658
f 2658 2605 2603
f 2603 2659 2658
f 2658 2659 2656
f 2659 2603 2602
f 2660 2653 2656
f 2657 2653 2660
f 2661 2656 2659
f 2656 2661 2660
f 2659 2602 2662
f 2663 2661 2659
f 2663 2659 2662
f 2664 2662 2602
f 2664 2663 2662
f 2602 2595 2664
f 2595 2594 2664
f 2664 2594 2665
f 2663 2664 2665
f 2665 2594 2596
f 2661 2663 2666
f 2665 2666 2663
f 2666 2660 2661
f 2596 2667 2665
f 2666 2665 2667
f 2598 2667 2596
f 2668 2660 2666
f 2668 2657 2660
f 2666 2667 2669
f 2668 2666 2669
f 2598 2670 2667
f 2670 2669 2667
f 2670 2598 2458
f 2671 2668 2669
f 2671 2669 2670
f 2458 2672 2670
f 2671 2670 2672
f 2458 2457 2672
f 2673 2668 2671
f 2657 2668 2673
f 2674 2671 2672
f 2674 2672 2457
f 2673 2671 2674
f 2674 2457 2675
f 2675 2457 2453
f 2673 2674 2676
f 2676 2674 2675
f 2451 2675 2453
f 2676 2677 2673
f 2657 2673 2677
f 2676 2675 2678
f 2678 2677 2676
f 2657 2677 2679
f 2655 2657 2679
f 2679 2654 2655
f 2679 2677 2680
f 2677 2678 2680
f 2681 2654 2679
f 2681 2679 2680
f 2651 2654 2681
f 2680 2678 2682
f 2681 2680 2683
f 2680 2682 2683
f 2681 2684 2651
f 2681 2683 2685
f 2684 2681 2685
f 2683 2682 2686
f 2685 2683 2686
f 2684 2687 2651
f 2646 2651 2687
f 2684 2685 2688
f 2684 2688 2687
f 2646 2687 2689
f 2646 2689 2642
f 2640 2642 2689
f 2687 2690 2689
f 2690 2687 2688
f 2640 2689 2691
f 2690 2692 2689
f 2691 2689 2692
f 2691 2693 2640
f 2640 2693 2638
f 2693 2691 2694
f 2691 2692 2694
f 2693 2695 2638
f 2694 2695 2693
f 2638 2695 2636
f 2694 2692 2696
f 2695 2694 2697
f 2697 2694 2696
f 2698 2692 2690
f 2692 2698 2696
f 2698 2690 2699
f 2690 2688 2699
f 2696 2698 2700
f 2698 2699 2701
f 2698 2701 2700
f 2688 2702 2699
f 2699 2702 2701
f 2702 2688 2703
f 2703 2688 2685
f 2702 2703 2704
f 2703 2685 2705
f 2703 2705 2704
f 2686 2705 2685
f 2702 2704 2706
f 2702 2706 2701
f 2704 2705 2707
f 2708 2706 2704
f 2704 2707 2708
f 2701 2706 2709
f 2710 2706 2708
f 2706 2710 2709
f 2708 2707 2711
f 2710 2708 2712
f 2708 2711 2712
f 2707 2705 2713
f 2714 2711 2707
f 2707 2713 2714
f 2715 2713 2705
f 2686 2715 2705
f 2716 2714 2713
f 2716 2713 2715
f 2715 2686 2717
f 2717 2686 2682
f 2678 2717 2682
f 2717 2718 2715
f 2716 2715 2718
f 2678 2719 2717
f 2717 2719 2718
f 2675 2719 2678
f 2718 2719 2720
f 2716 2718 2720
f 2721 2719 2675
f 2719 2721 2720
f 2451 2721 2675
f 2720 2722 2716
f 2720 2721 2722
f 2721 2451 2723
f 2451 2445 2723
f 2723 2445 2449
f 2724 2721 2723
f 2723 2449 2724
f 2722 2721 2724
f 2716 2722 2725
f 2714 2716 2725
f 2725 2722 2726
f 2722 2724 2726
f 2714 2725 2727
f 2725 2726 2727
f 2728 2724 2449
f 2449 2446 2728
f 2726 2724 2729
f 2724 2728 2729
f 2729 2730 2726
f 2727 2726 2730
f 2729 2728 2731
f 2731 2730 2729
f 2728 2446 2732
f 2732 2446 2447
f 2731 2728 2733
f 2728 2732 2733
f 2734 2730 2731
f 2734 2731 2733
f 2447 2735 2732
f 2733 2732 2736
f 2736 2732 2735
f 2447 2737 2735
f 2443 2737 2447
f 2736 2735 2738
f 2735 2737 2738
f 2739 2733 2736
f 2736 2738 2739
f 2739 2740 2733
f 2733 2740 2734
f 2741 2739 2738
f 2740 2739 2742
f 2742 2739 2741
f 2742 2743 2740
f 2734 2740 2743
f 2744 2738 2737
f 2744 2741 2738
f 2737 2443 2745
f 2737 2745 2744
f 2746 2745 2443
f 2746 2443 2396
f 2396 2394 2746
f 2745 2746 2747
f 2744 2745 2747
f 2746 2394 2748
f 2746 2748 2747
f 2748 2394 2749
f 2749 2394 2392
f 2747 2748 2750
f 2749 2392 2751
f 2392 2390 2751
f 2749 2752 2748
f 2750 2748 2752
f 2751 2753 2749
f 2752 2749 2753
f 2751 2390 2754
f 2751 2754 2753
f 2390 2389 2754
f 2752 2753 2755
f 2750 2752 2755
f 2753 2754 2756
f 2754 2389 2756
f 2753 2756 2755
f 2757 2756 2389
f 2389 2387 2757
f 2758 2756 2757
f 2387 2759 2757
f 2756 2758 2760
f 2756 2760 2755
f 2761 2758 2757
f 2757 2759 2761
f 2758 2761 2762
f 2758 2762 2760
f 2761 2759 2763
f 2762 2761 2763
f 2759 2387 2764
f 2383 2764 2387
f 2765 2759 2764
f 2759 2765 2763
f 2764 2383 2766
f 2764 2766 2765
f 2383 2767 2766
f 2767 2383 2370
f 2766 2768 2765
f 2767 2768 2766
f 2765 2768 2769
f 2767 2769 2768
f 2770 2767 2370
f 2767 2770 2769
f 2362 2770 2370
f 2359 2770 2362
f 2359 2771 2770
f 2359 2357 2771
f 2771 2772 2770
f 2772 2769 2770
f 2357 2773 2771
f 2771 2774 2772
f 2771 2773 2774
f 2773 2357 2775
f 2775 2357 2345
f 2776 2774 2773
f 2775 2776 2773
f 2775 2345 2777
f 2345 2342 2777
f 2340 2777 2342
f 2776 2775 2778
f 2777 2778 2775
f 2777 2340 2779
f 2778 2777 2780
f 2780 2777 2779
f 2340 2781 2779
f 2336 2781 2340
f 2782 2780 2779
f 2779 2781 2782
f 2781 2336 2783
f 2783 2782 2781
f 2784 2783 2336
f 2336 2329 2784
f 2784 2329 2324
f 2324 2785 2784
f 2325 2785 2324
f 2784 2786 2783
f 2785 2786 2784
f 2787 2785 2325
f 2786 2785 2787
f 2314 2787 2325
f 2788 2783 2786
f 2787 2788 2786
f 2788 2782 2783
f 2787 2314 2789
f 2297 2789 2314
f 2787 2789 2790
f 2297 2790 2789
f 2790 2788 2787
f 2295 2790 2297
f 2791 2782 2788
f 2791 2780 2782
f 2790 2792 2788
f 2792 2790 2295
f 2792 2791 2788
f 2295 2293 2792
f 2791 2793 2780
f 2780 2793 2778
f 2791 2794 2793
f 2791 2792 2794
f 2793 2795 2778
f 2778 2795 2776
f 2794 2796 2793
f 2793 2796 2795
f 2795 2797 2776
f 2776 2797 2774
f 2795 2796 2798
f 2798 2797 2795
f 2799 2796 2794
f 2799 2794 2792
f 2798 2796 2800
f 2800 2796 2799
f 2801 2797 2798
f 2797 2802 2774
f 2797 2801 2802
f 2803 2774 2802
f 2803 2772 2774
f 2802 2801 2804
f 2804 2803 2802
f 2803 2805 2772
f 2772 2805 2769
f 2803 2804 2806
f 2805 2803 2806
f 2801 2807 2804
f 2808 2805 2806
f 2807 2801 2809
f 2801 2798 2809
f 2810 2805 2808
f 2769 2805 2810
f 2798 2811 2809
f 2800 2811 2798
f 2769 2810 2812
f 2765 2769 2812
f 2765 2812 2763
f 2812 2810 2813
f 2814 2763 2812
f 2812 2813 2814
f 2814 2762 2763
f 2813 2810 2815
f 2810 2808 2815
f 2814 2816 2762
f 2760 2762 2816
f 2808 2817 2815
f 2817 2808 2806
f 2760 2816 2818
f 2817 2806 2819
f 2804 2819 2806
f 2807 2819 2804
f 2820 2760 2818
f 2760 2820 2755
f 2821 2819 2807
f 2809 2821 2807
f 2822 2821 2809
f 2809 2811 2822
f 2823 2819 2821
f 2824 2821 2822
f 2824 2823 2821
f 2825 2822 2811
f 2826 2819 2823
f 2822 2825 2827
f 2827 2824 2822
f 2828 2819 2826
f 2817 2819 2828
f 2826 2823 2829
f 2829 2828 2826
f 2823 2824 2830
f 2829 2823 2830
f 2817 2828 2831
f 2831 2815 2817
f 2828 2829 2832
f 2832 2831 2828
f 2833 2815 2831
f 2833 2813 2815
f 2834 2831 2832
f 2833 2831 2834
f 2813 2833 2835
f 2814 2813 2835
f 2835 2833 2836
f 2837 2814 2835
f 2836 2837 2835
f 2814 2837 2838
f 2816 2814 2838
f 2838 2818 2816
f 2838 2837 2839
f 2839 2837 2836
f 2818 2838 2840
f 2839 2840 2838
f 2841 2818 2840
f 2820 2818 2841
f 2842 2840 2839
f 2843 2820 2841
f 2843 2755 2820
f 2841 2840 2844
f 2845 2843 2841
f 2845 2841 2844
f 2840 2846 2844
f 2846 2840 2842
f 2845 2844 2847
f 2844 2846 2847
f 2843 2845 2848
f 2848 2845 2847
f 2755 2843 2849
f 2850 2843 2848
f 2849 2843 2850
f 2848 2847 2851
f 2848 2851 2850
f 2852 2755 2849
f 2750 2755 2852
f 2853 2849 2850
f 2852 2849 2853
f 2854 2750 2852
f 2750 2854 2747
f 2852 2855 2854
f 2747 2854 2856
f 2856 2854 2855
f 2744 2747 2856
f 2855 2852 2857
f 2853 2857 2852
f 2744 2856 2858
f 2744 2858 2741
f 2855 2859 2856
f 2859 2858 2856
f 2859 2855 2857
f 2741 2858 2860
f 2860 2858 2859
f 2860 2861 2741
f 2742 2741 2861
f 2862 2860 2859
f 2861 2860 2862
f 2857 2863 2859
f 2862 2859 2863
f 2742 2861 2864
f 2864 2743 2742
f 2861 2862 2865
f 2866 2743 2864
f 2862 2867 2865
f 2863 2867 2862
f 2868 2861 2865
f 2861 2868 2864
f 2867 2869 2865
f 2865 2869 2868
f 2866 2864 2870
f 2864 2868 2870
f 2871 2743 2866
f 2743 2871 2734
f 2872 2866 2870
f 2872 2871 2866
f 2870 2868 2873
f 2873 2872 2870
f 2874 2873 2868
f 2868 2869 2874
f 2875 2872 2873
f 2876 2873 2874
f 2875 2873 2876
f 2877 2871 2872
f 2877 2872 2875
f 2878 2734 2871
f 2879 2734 2878
f 2730 2734 2879
f 2871 2880 2878
f 2880 2871 2877
f 2881 2879 2878
f 2730 2879 2881
f 2880 2881 2878
f 2727 2730 2881
f 2882 2727 2881
f 2883 2881 2880
f 2882 2881 2883
f 2727 2882 2884
f 2884 2882 2883
f 2884 2714 2727
f 2711 2714 2884
f 2712 2711 2884
f 2884 2885 2712
f 2885 2884 2883
f 2886 2712 2885
f 2710 2712 2886
f 2885 2883 2887
f 2886 2888 2710
f 2709 2710 2888
f 2885 2889 2886
f 2887 2889 2885
f 2890 2886 2889
f 2886 2890 2888
f 2887 2883 2891
f 2880 2891 2883
f 2889 2887 2892
f 2891 2880 2893
f 2877 2893 2880
f 2894 2887 2891
f 2894 2891 2893
f 2892 2887 2894
f 2895 2893 2877
f 2896 2889 2892
f 2896 2890 2889
f 2897 2895 2877
f 2877 2875 2897
f 2898 2890 2896
f 2888 2890 2898
f 2899 2893 2895
f 2895 2897 2899
f 2888 2898 2900
f 2899 2901 2893
f 2901 2894 2893
f 2888 2900 2902
f 2902 2709 2888
f 2903 2894 2901
f 2892 2894 2903
f 2904 2709 2902
f 2905 2892 2903
f 2896 2892 2905
f 2906 2709 2904
f 2709 2906 2701
f 2700 2701 2906
f 2907 2700 2906
f 2696 2700 2907
f 2908 2907 2906
f 2908 2906 2904
f 2907 2909 2696
f 2910 2907 2908
f 2907 2910 2909
f 2911 2696 2909
f 2697 2696 2911
f 2912 2909 2910
f 2911 2909 2912
f 2910 2908 2913
f 2913 2908 2904
f 2914 2910 2913
f 2912 2910 2914
f 2913 2904 2915
f 2916 2914 2913
f 2915 2916 2913
f 2914 2917 2912
f 2917 2914 2916
f 2918 2915 2904
f 2904 2902 2918
f 2918 2902 2900
f 2916 2915 2919
f 2915 2918 2920
f 2919 2915 2920
f 2921 2916 2919
f 2921 2917 2916
f 2921 2919 2922
f 2919 2920 2922
f 2923 2917 2921
f 2922 2923 2921
f 2920 2918 2924
f 2922 2920 2925
f 2925 2920 2924
f 2918 2926 2924
f 2926 2918 2900
f 2924 2926 2927
f 2928 2926 2900
f 2928 2927 2926
f 2928 2900 2898
f 2898 2896 2928
f 2928 2896 2905
f 2924 2927 2929
f 2929 2925 2924
f 2927 2928 2930
f 2930 2929 2927
f 2928 2905 2931
f 2930 2928 2931
f 2931 2905 2932
f 2903 2932 2905
f 2930 2931 2933
f 2931 2932 2933
f 2932 2903 2901
f 2934 2930 2933
f 2929 2930 2934
f 2932 2935 2933
f 2934 2933 2936
f 2933 2935 2936
f 2937 2929 2934
f 2932 2938 2935
f 2929 2937 2939
f 2925 2929 2939
f 2938 2932 2940
f 2932 2901 2940
f 2939 2941 2925
f 2940 2901 2942
f 2901 2899 2942
f 2943 2925 2941
f 2943 2922 2925
f 2941 2939 2944
f 2944 2939 2937
f 2945 2943 2941
f 2945 2941 2944
f 2946 2922 2943
f 2945 2946 2943
f 2946 2923 2922
f 2947 2946 2945
f 2946 2948 2923
f 2948 2946 2947
f 2947 2945 2949
f 2950 2948 2947
f 2949 2950 2947
f 2951 2923 2948
f 2949 2945 2952
f 2952 2945 2944
f 2923 2951 2953
f 2953 2917 2923
f 2954 2951 2948
f 2950 2954 2948
f 2953 2955 2917
f 2955 2912 2917
f 2951 2956 2953
f 2953 2956 2955
f 2954 2957 2951
f 2957 2956 2951
f 2912 2955 2958
f 2911 2912 2958
f 2955 2956 2959
f 2959 2958 2955
f 2960 2911 2958
f 2697 2911 2960
f 2959 2961 2958
f 2958 2961 2960
f 2956 2962 2959
f 2697 2960 2963
f 2963 2695 2697
f 2964 2962 2956
f 2957 2964 2956
f 2959 2962 2965
f 2964 2965 2962
f 2965 2961 2959
f 2957 2966 2964
f 2957 2954 2966
f 2967 2965 2964
f 2954 2968 2966
f 2968 2954 2950
f 2964 2966 2969
f 2969 2967 2964
f 2970 2966 2968
f 2970 2969 2966
f 2950 2971 2968
f 2971 2950 2949
f 2968 2972 2970
f 2972 2968 2971
f 2970 2973 2969
f 2970 2972 2974
f 2974 2973 2970
f 2969 2973 2975
f 2975 2967 2969
f 2974 2976 2973
f 2976 2975 2973
f 2975 2977 2967
f 2965 2967 2977
f 2978 2975 2976
f 2977 2979 2965
f 2965 2979 2961
f 2977 2975 2980
f 2981 2979 2977
f 2980 2981 2977
f 2979 2982 2961
f 2980 2975 2983
f 2978 2983 2975
f 2984 2982 2979
f 2981 2984 2979
f 2985 2961 2982
f 2985 2960 2961
f 2985 2963 2960
f 2986 2982 2984
f 2982 2986 2985
f 2963 2985 2987
f 2986 2988 2985
f 2987 2985 2988
f 2987 2989 2963
f 2963 2989 2695
f 2695 2989 2636
f 2987 2990 2989
f 2636 2989 2990
f 2988 2990 2987
f 2991 2636 2990
f 2634 2636 2991
f 2992 2990 2988
f 2990 2992 2991
f 2986 2992 2988
f 2993 2634 2991
f 2993 2632 2634
f 2994 2991 2992
f 2991 2994 2993
f 2995 2632 2993
f 2632 2995 2631
f 2993 2994 2996
f 2996 2995 2993
f 2997 2994 2992
f 2994 2997 2996
f 2998 2992 2986
f 2992 2998 2997
f 2986 2999 2998
f 2999 2986 2984
f 3000 2998 2999
f 3000 2997 2998
f 2999 2984 3001
f 3001 3000 2999
f 2981 3001 2984
f 2997 3000 3002
f 3003 3001 2981
f 3003 2981 2980
f 3001 3004 3000
f 3004 3002 3000
f 3005 3001 3003
f 3004 3001 3005
f 3006 3003 2980
f 3006 3005 3003
f 3007 3006 2980
f 3007 2980 2983
f 3008 3005 3006
f 3007 3009 3006
f 3008 3006 3009
f 3010 3004 3005
f 3008 3010 3005
f 3007 3011 3009
f 3012 3008 3009
f 3012 3010 3008
f 3013 3009 3011
f 3013 3012 3009
f 3011 3007 3014
f 3013 3011 3014
f 3014 3007 2983
f 3013 3015 3012
f 3016 3014 2983
f 3016 2983 2978
f 3017 3013 3014
f 3017 3015 3013
f 3018 3016 2978
f 2976 3018 2978
f 3019 3014 3016
f 3020 3018 2976
f 3021 3014 3019
f 3017 3014 3021
f 3019 3016 3022
f 3022 3016 3018
f 3023 3021 3019
f 3023 3019 3022
f 3017 3021 3024
f 3021 3023 3024
f 3022 3018 3025
f 3020 3025 3018
f 3026 3023 3022
f 3020 3027 3025
f 3025 3028 3022
f 3025 3027 3028
f 3022 3028 3026
f 3027 3020 3029
f 3020 2976 3029
f 3029 2976 2974
f 3027 3029 3030
f 3029 2974 3031
f 2972 3031 2974
f 3030 3029 3032
f 3029 3031 3032
f 3027 3030 3033
f 3033 3028 3027
f 3030 3032 3034
f 3031 3034 3032
f 3034 3033 3030
f 2972 3035 3031
f 3035 3034 3031
f 3035 2972 3036
f 2971 3036 2972
f 3037 3034 3035
f 3036 3037 3035
f 3036 2971 3038
f 3039 3037 3036
f 3038 3039 3036
f 2971 3040 3038
f 2949 3040 2971
f 3041 3040 2949
f 2949 2952 3041
f 3040 3042 3038
f 3040 3041 3042
f 3043 3041 2952
f 3042 3041 3043
f 3038 3042 3044
f 3044 3039 3038
f 3045 3042 3043
f 3044 3042 3045
f 3043 2952 3046
f 2952 2944 3046
f 3046 3047 3043
f 3047 3045 3043
f 3046 2944 3048
f 2944 2937 3048
f 3046 3049 3047
f 3046 3048 3049
f 3048 2937 3050
f 2934 3050 2937
f 3049 3048 3051
f 3048 3050 3051
f 3050 2934 3052
f 3052 2934 2936
f 3051 3050 3053
f 3050 3052 3053
f 3051 3054 3049
f 3055 3051 3053
f 3051 3055 3054
f 3053 3052 3056
f 3056 3055 3053
f 2936 3057 3052
f 3052 3057 3056
f 3058 3057 2936
f 2935 3058 2936
f 3058 2935 3059
f 2935 2938 3059
f 3060 3057 3058
f 3058 3059 3060
f 2938 3061 3059
f 2938 2940 3061
f 3059 3062 3060
f 3059 3061 3062
f 3061 2940 3063
f 2940 2942 3063
f 3064 3062 3061
f 3061 3063 3064
f 3063 2942 3065
f 3063 3066 3064
f 3063 3065 3066
f 3067 3065 2942
f 3067 3066 3065
f 2899 3067 2942
f 3067 2899 2897
f 3068 3064 3066
f 3067 2897 3069
f 3070 3064 3068
f 3070 3062 3064
f 3067 3071 3066
f 3068 3066 3071
f 3067 3069 3072
f 3067 3072 3071
f 3073 3069 2897
f 3069 3073 3072
f 2875 3073 2897
f 3073 2875 2876
f 3073 2876 3074
f 3074 2876 2874
f 3072 3073 3075
f 3073 3074 3076
f 3076 3075 3073
f 3072 3075 3077
f 3072 3077 3071
f 3078 3075 3076
f 3076 3074 3079
f 3076 3079 3078
f 3074 2874 3080
f 3079 3074 3080
f 3078 3081 3075
f 3077 3075 3081
f 3078 3079 3082
f 3077 3081 3083
f 3082 3084 3078
f 3078 3084 3081
f 3079 3085 3082
f 3080 3085 3079
f 3084 3082 3086
f 3082 3085 3087
f 3087 3086 3082
f 3085 3080 3088
f 3085 3089 3087
f 3085 3088 3089
f 3090 3087 3089
f 3080 3091 3088
f 3092 3090 3089
f 3080 3093 3091
f 2874 3093 3080
f 2874 2869 3093
f 3089 3088 3094
f 3089 3094 3092
f 3095 3088 3091
f 3088 3095 3094
f 3096 3091 3093
f 3091 3096 3095
f 3093 2869 3097
f 2869 2867 3097
f 3093 3098 3096
f 3093 3097 3098
f 3099 3097 2867
f 3097 3099 3098
f 3099 2867 2863
f 3096 3098 3100
f 3096 3100 3095
f 3099 3101 3098
f 3098 3101 3100
f 3101 3099 3102
f 3103 3095 3100
f 3095 3103 3094
f 3100 3101 3104
f 3104 3101 3102
f 3100 3105 3103
f 3104 3105 3100
f 3106 3094 3103
f 3106 3092 3094
f 3103 3105 3107
f 3106 3103 3107
f 3108 3105 3104
f 3092 3106 3109
f 3090 3092 3109
f 3087 3090 3109
f 3105 3108 3110
f 3110 3107 3105
f 3104 3111 3108
f 3111 3104 3102
f 3110 3108 3112
f 3108 3111 3112
f 3110 3113 3107
f 3102 3114 3111
f 3099 3114 3102
f 3114 3099 2863
f 3113 3115 3107
f 3115 3106 3107
f 2863 3116 3114
f 3116 2863 2857
f 2857 2853 3116
f 3116 2853 3117
f 2850 3117 2853
f 3116 3118 3114
f 3117 3118 3116
f 3119 3117 2850
f 2851 3119 2850
f 3117 3120 3118
f 3117 3119 3120
f 3114 3118 3121
f 3114 3121 3111
f 3119 2851 3122
f 2851 2847 3122
f 3121 3123 3111
f 3112 3111 3123
f 3121 3118 3124
f 3121 3124 3123
f 3118 3120 3124
f 3125 3123 3124
f 3126 3124 3120
f 3124 3126 3125
f 3127 3120 3119
f 3127 3126 3120
f 3119 3122 3127
f 2847 3128 3122
f 3122 3128 3127
f 3128 2847 2846
f 3126 3127 3129
f 3128 2846 3130
f 3128 3131 3127
f 3129 3127 3131
f 3128 3130 3132
f 3131 3128 3132
f 3133 3130 2846
f 3130 3133 3132
f 2846 2842 3133
f 3132 3134 3131
f 3135 3133 2842
f 2842 2839 3135
f 2836 3135 2839
f 3133 3136 3132
f 3132 3136 3134
f 3135 3137 3133
f 3133 3137 3136
f 2836 3138 3135
f 3135 3138 3137
f 3137 3139 3136
f 3139 3137 3138
f 3134 3136 3139
f 2836 3140 3138
f 3138 3140 3139
f 2836 2833 3140
f 2833 2834 3140
f 3139 3140 3141
f 3140 2834 3142
f 3140 3142 3141
f 3139 3141 3143
f 3134 3139 3143
f 3142 3144 3141
f 3143 3141 3144
f 3142 2834 3145
f 2834 2832 3145
f 3142 3146 3144
f 3142 3145 3146
f 3144 3147 3143
f 3148 3145 2832
f 2832 2829 3148
f 3149 3148 2829
f 2830 3149 2829
f 3150 3145 3148
f 3150 3148 3149
f 3145 3150 3151
f 3151 3146 3145
f 3149 3152 3150
f 2830 3152 3149
f 3150 3153 3151
f 3152 3153 3150
f 3152 2830 3154
f 3155 3153 3152
f 3152 3154 3155
f 3154 2830 3156
f 3156 2830 2824
f 2827 3156 2824
f 3155 3154 3157
f 3156 3158 3154
f 3154 3158 3157
f 3156 2827 3159
f 3158 3156 3159
f 2827 3160 3159
f 3158 3159 3161
f 3159 3160 3161
f 2827 3162 3160
f 3162 2827 2825
f 3160 3162 3163
f 2825 3163 3162
f 3160 3164 3161
f 3160 3163 3164
f 3163 2825 3165
f 2825 2811 3165
f 2800 3165 2811
f 3164 3163 3166
f 2800 3167 3165
f 3167 2800 2799
f 3168 3163 3165
f 3163 3168 3166
f 3169 3165 3167
f 3169 3168 3165
f 2799 3170 3167
f 2792 3170 2799
f 3167 3171 3169
f 3167 3170 3171
f 3172 3168 3169
f 3169 3171 3172
f 3170 2792 3173
f 3173 2792 2293
f 2291 3173 2293
f 3173 3174 3170
f 3174 3173 2291
f 3170 3174 3171
f 3174 2291 2289
f 3175 3171 3174
f 3174 2289 3175
f 3172 3171 3175
f 2289 2287 3175
f 2287 3176 3175
f 3172 3175 3176
f 2285 3176 2287
f 3176 3177 3172
f 3177 3176 2285
f 3168 3172 3177
f 3166 3168 3177
f 3178 3177 2285
f 2283 3178 2285
f 3179 3166 3177
f 3178 3179 3177
f 3179 3164 3166
f 2283 3180 3178
f 2283 2281 3180
f 3179 3178 3181
f 3180 3181 3178
f 3182 3164 3179
f 3179 3181 3182
f 3182 3161 3164
f 3180 3183 3181
f 3182 3181 3184
f 3183 3184 3181
f 3182 3185 3161
f 3182 3184 3185
f 3161 3185 3186
f 3158 3161 3186
f 3187 3158 3186
f 3157 3158 3187
f 3185 3188 3186
f 3188 3187 3186
f 3185 3184 3189
f 3187 3188 3190
f 3185 3191 3188
f 3189 3191 3185
f 3190 3188 3192
f 3191 3192 3188
f 3187 3190 3193
f 3157 3187 3193
f 3192 3194 3190
f 3194 3193 3190
f 3157 3193 3195
f 3157 3195 3155
f 3196 3193 3194
f 3193 3196 3195
f 3155 3195 3197
f 3155 3197 3153
f 3198 3197 3195
f 3198 3195 3196
f 3197 3199 3153
f 3198 3199 3197
f 3200 3153 3199
f 3151 3153 3200
f 3201 3199 3198
f 3200 3202 3151
f 3151 3202 3146
f 3203 3200 3199
f 3201 3203 3199
f 3204 3200 3203
f 3204 3202 3200
f 3205 3203 3201
f 3205 3204 3203
f 3206 3146 3202
f 3207 3206 3202
f 3202 3204 3207
f 3208 3146 3206
f 3208 3206 3207
f 3146 3208 3144
f 3208 3147 3144
f 3209 3207 3204
f 3208 3207 3209
f 3204 3205 3210
f 3147 3208 3211
f 3212 3204 3210
f 3209 3204 3212
f 3211 3208 3213
f 3209 3213 3208
f 3147 3211 3214
f 3215 3213 3209
f 3216 3147 3214
f 3216 3143 3147
f 3134 3143 3216
f 3211 3217 3214
f 3217 3211 3213
f 3218 3134 3216
f 3131 3134 3218
f 3214 3219 3216
f 3214 3217 3219
f 3216 3220 3218
f 3131 3218 3220
f 3220 3216 3219
f 3220 3129 3131
f 3220 3219 3221
f 3220 3221 3129
f 3219 3217 3222
f 3222 3221 3219
f 3217 3213 3223
f 3223 3213 3215
f 3222 3217 3224
f 3224 3217 3223
f 3221 3222 3225
f 3224 3226 3222
f 3225 3222 3226
f 3225 3227 3221
f 3129 3221 3227
f 3228 3227 3225
f 3228 3225 3226
f 3229 3129 3227
f 3229 3227 3228
f 3126 3129 3229
f 3125 3126 3229
f 3229 3228 3230
f 3125 3229 3231
f 3229 3230 3231
f 3230 3228 3232
f 3228 3226 3232
f 3233 3226 3224
f 3224 3223 3233
f 3226 3233 3234
f 3226 3234 3232
f 3233 3223 3235
f 3234 3233 3235
f 3236 3235 3223
f 3236 3223 3215
f 3235 3237 3234
f 3234 3237 3232
f 3236 3238 3235
f 3235 3238 3237
f 3215 3239 3236
f 3238 3236 3239
f 3239 3215 3240
f 3215 3209 3240
f 3240 3209 3212
f 3239 3241 3238
f 3239 3240 3241
f 3212 3242 3240
f 3210 3242 3212
f 3241 3240 3243
f 3243 3240 3242
f 3244 3242 3210
f 3210 3205 3244
f 3242 3245 3243
f 3244 3245 3242
f 3241 3243 3246
f 3244 3205 3247
f 3247 3205 3201
f 3241 3246 3248
f 3241 3248 3238
f 3246 3243 3249
f 3243 3245 3249
f 3248 3246 3250
f 3250 3246 3249
f 3248 3251 3238
f 3251 3248 3250
f 3237 3238 3251
f 3252 3237 3251
f 3252 3232 3237
f 3250 3253 3251
f 3254 3232 3252
f 3254 3230 3232
f 3252 3251 3255
f 3255 3251 3253
f 3254 3252 3256
f 3255 3256 3252
f 3230 3254 3257
f 3231 3230 3257
f 3255 3258 3256
f 3259 3258 3255
f 3255 3253 3259
f 3260 3256 3258
f 3258 3259 3260
f 3259 3253 3261
f 3253 3250 3261
f 3262 3260 3259
f 3261 3262 3259
f 3261 3250 3263
f 3249 3263 3250
f 3261 3264 3262
f 3263 3264 3261
f 3262 3264 3265
f 3264 3263 3266
f 3264 3266 3265
f 3263 3249 3267
f 3263 3267 3266
f 3268 3262 3265
f 3260 3262 3268
f 3265 3266 3269
f 3268 3265 3270
f 3265 3269 3270
f 3260 3268 3271
f 3268 3270 3272
f 3271 3268 3272
f 3272 3270 3273
f 3270 3269 3273
f 3260 3271 3274
f 3260 3274 3256
f 3269 3266 3275
f 3267 3275 3266
f 3274 3276 3256
f 3276 3254 3256
f 3277 3274 3271
f 3276 3274 3277
f 3278 3254 3276
f 3278 3257 3254
f 3276 3279 3278
f 3280 3257 3278
f 3278 3279 3280
f 3280 3281 3257
f 3281 3231 3257
f 3280 3282 3281
f 3280 3279 3282
f 3281 3283 3231
f 3281 3282 3283
f 3284 3231 3283
f 3285 3283 3282
f 3286 3231 3284
f 3231 3286 3125
f 3123 3125 3286
f 3123 3286 3112
f 3283 3287 3284
f 3284 3287 3286
f 3283 3285 3287
f 3288 3112 3286
f 3287 3288 3286
f 3287 3285 3289
f 3287 3289 3288
f 3282 3289 3285
f 3290 3112 3288
f 3290 3110 3112
f 3289 3282 3291
f 3279 3291 3282
f 3110 3290 3292
f 3110 3292 3113
f 3288 3293 3290
f 3292 3290 3293
f 3289 3294 3288
f 3288 3294 3293
f 3291 3294 3289
f 3113 3292 3295
f 3295 3115 3113
f 3294 3291 3296
f 3291 3279 3296
f 3295 3292 3297
f 3297 3292 3293
f 3298 3293 3294
f 3297 3293 3298
f 3294 3296 3299
f 3298 3294 3299
f 3296 3279 3300
f 3299 3296 3301
f 3296 3300 3301
f 3302 3300 3279
f 3279 3276 3302
f 3302 3276 3277
f 3301 3300 3303
f 3303 3300 3302
f 3301 3303 3304
f 3299 3301 3304
f 3302 3305 3303
f 3305 3304 3303
f 3302 3277 3305
f 3299 3304 3306
f 3305 3307 3304
f 3306 3304 3307
f 3277 3308 3305
f 3307 3305 3308
f 3309 3299 3306
f 3299 3309 3298
f 3310 3308 3277
f 3277 3271 3310
f 3309 3311 3298
f 3298 3311 3297
f 3312 3310 3271
f 3272 3312 3271
f 3313 3308 3310
f 3272 3314 3312
f 3272 3273 3314
f 3310 3312 3315
f 3310 3315 3313
f 3312 3314 3315
f 3308 3313 3316
f 3307 3308 3316
f 3313 3315 3317
f 3316 3313 3317
f 3316 3318 3307
f 3319 3316 3317
f 3319 3318 3316
f 3307 3318 3320
f 3320 3306 3307
f 3318 3319 3321
f 3320 3322 3306
f 3320 3318 3323
f 3322 3320 3323
f 3324 3318 3321
f 3323 3318 3324
f 3306 3322 3325
f 3306 3325 3309
f 3311 3309 3325
f 3326 3325 3322
f 3326 3322 3323
f 3327 3311 3325
f 3325 3326 3327
f 3324 3328 3323
f 3323 3329 3326
f 3329 3323 3328
f 3330 3327 3326
f 3331 3326 3329
f 3331 3330 3326
f 3332 3329 3328
f 3327 3330 3333
f 3334 3329 3332
f 3334 3331 3329
f 3335 3327 3333
f 3335 3311 3327
f 3333 3330 3336
f 3336 3330 3331
f 3333 3337 3335
f 3338 3333 3336
f 3333 3338 3337
f 3339 3311 3335
f 3339 3335 3337
f 3340 3311 3339
f 3340 3297 3311
f 3337 3341 3339
f 3340 3339 3341
f 3342 3297 3340
f 3342 3340 3341
f 3297 3342 3295
f 3341 3337 3343
f 3343 3337 3338
f 3344 3295 3342
f 3295 3344 3115
f 3345 3342 3341
f 3344 3342 3345
f 3341 3343 3345
f 3346 3115 3344
f 3344 3345 3346
f 3346 3347 3115
f 3347 3106 3115
f 3347 3109 3106
f 3346 3348 3347
f 3348 3346 3345
f 3347 3349 3109
f 3349 3347 3348
f 3350 3109 3349
f 3087 3109 3350
f 3086 3087 3350
f 3351 3349 3348
f 3349 3352 3350
f 3352 3349 3351
f 3086 3350 3353
f 3350 3352 3353
f 3351 3348 3354
f 3345 3354 3348
f 3352 3351 3355
f 3353 3352 3355
f 3351 3354 3356
f 3355 3351 3356
f 3356 3354 3357
f 3357 3355 3356
f 3345 3357 3354
f 3358 3357 3345
f 3343 3358 3345
f 3355 3357 3359
f 3358 3359 3357
f 3358 3343 3360
f 3359 3358 3360
f 3360 3343 3361
f 3343 3338 3361
f 3359 3360 3362
f 3361 3362 3360
f 3363 3355 3359
f 3353 3355 3363
f 3364 3359 3362
f 3359 3364 3363
f 3365 3362 3361
f 3364 3362 3365
f 3338 3366 3361
f 3365 3361 3366
f 3338 3336 3366
f 3366 3336 3331
f 3366 3331 3367
f 3331 3334 3367
f 3366 3367 3368
f 3334 3368 3367
f 3366 3369 3365
f 3369 3366 3368
f 3369 3370 3365
f 3370 3364 3365
f 3369 3368 3371
f 3370 3369 3372
f 3372 3369 3371
f 3370 3373 3364
f 3371 3374 3372
f 3368 3374 3371
f 3370 3372 3375
f 3373 3370 3375
f 3374 3368 3376
f 3377 3364 3373
f 3363 3364 3377
f 3363 3377 3353
f 3378 3372 3374
f 3378 3374 3376
f 3372 3379 3375
f 3378 3379 3372
f 3375 3379 3380
f 3379 3378 3381
f 3380 3379 3381
f 3382 3375 3380
f 3373 3375 3382
f 3382 3380 3383
f 3384 3373 3382
f 3384 3382 3383
f 3381 3385 3380
f 3380 3385 3383
f 3373 3384 3386
f 3386 3377 3373
f 3383 3387 3384
f 3386 3388 3377
f 3377 3388 3353
f 3389 3386 3384
f 3390 3353 3388
f 3390 3086 3353
f 3084 3086 3390
f 3391 3388 3386
f 3391 3386 3389
f 3392 3390 3388
f 3391 3392 3388
f 3390 3393 3084
f 3392 3393 3390
f 3084 3393 3081
f 3392 3391 3394
f 3081 3393 3395
f 3083 3081 3395
f 3392 3396 3393
f 3395 3393 3396
f 3396 3392 3394
f 3397 3083 3395
f 3397 3395 3396
f 3398 3394 3391
f 3398 3391 3389
f 3399 3396 3394
f 3394 3398 3399
f 3400 3396 3399
f 3400 3397 3396
f 3401 3399 3398
f 3401 3400 3399
f 3398 3389 3402
f 3384 3402 3389
f 3384 3387 3402
f 3402 3403 3398
f 3402 3387 3404
f 3402 3404 3403
f 3405 3401 3398
f 3405 3398 3403
f 3401 3405 3406
f 3405 3403 3407
f 3408 3401 3406
f 3400 3401 3408
f 3405 3409 3406
f 3409 3405 3407
f 3409 3408 3406
f 3403 3410 3407
f 3410 3403 3404
f 3407 3411 3409
f 3411 3407 3410
f 3408 3409 3412
f 3411 3410 3413
f 3414 3400 3408
f 3414 3397 3400
f 3409 3411 3415
f 3412 3409 3415
f 3416 3397 3414
f 3416 3417 3397
f 3417 3083 3397
f 3077 3083 3417
f 3071 3077 3417
f 3418 3417 3416
f 3418 3071 3417
f 3416 3414 3418
f 3068 3071 3418
f 3068 3418 3419
f 3419 3418 3414
f 3068 3419 3070
f 3419 3414 3420
f 3419 3421 3070
f 3421 3419 3420
f 3421 3422 3070
f 3062 3070 3422
f 3060 3062 3422
f 3420 3414 3423
f 3423 3414 3408
f 3423 3408 3412
f 3422 3424 3060
f 3420 3423 3425
f 3422 3426 3424
f 3426 3422 3421
f 3421 3420 3427
f 3426 3421 3427
f 3427 3420 3425
f 3424 3428 3060
f 3057 3060 3428
f 3426 3429 3424
f 3428 3424 3429
f 3430 3426 3427
f 3429 3426 3430
f 3428 3431 3057
f 3056 3057 3431
f 3432 3428 3429
f 3428 3432 3431
f 3429 3430 3433
f 3433 3432 3429
f 3434 3430 3427
f 3430 3434 3433
f 3425 3434 3427
f 3431 3435 3056
f 3055 3056 3435
f 3436 3434 3425
f 3423 3436 3425
f 3423 3412 3436
f 3434 3436 3437
f 3436 3412 3438
f 3437 3436 3438
f 3439 3438 3412
f 3439 3412 3415
f 3437 3438 3440
f 3438 3439 3440
f 3441 3434 3437
f 3433 3434 3441
f 3440 3442 3437
f 3441 3437 3442
f 3440 3439 3443
f 3415 3443 3439
f 3442 3440 3444
f 3443 3444 3440
f 3443 3415 3445
f 3446 3444 3443
f 3446 3443 3445
f 3445 3415 3447
f 3411 3447 3415
f 3446 3445 3448
f 3447 3411 3449
f 3411 3413 3449
f 3447 3450 3445
f 3449 3450 3447
f 3448 3445 3451
f 3450 3451 3445
f 3452 3446 3448
f 3444 3446 3452
f 3451 3453 3448
f 3452 3448 3453
f 3451 3450 3454
f 3455 3453 3451
f 3455 3451 3454
f 3452 3453 3456
f 3453 3455 3456
f 3457 3454 3450
f 3457 3450 3449
f 3454 3458 3455
f 3454 3457 3458
f 3449 3459 3457
f 3449 3413 3459
f 3460 3458 3457
f 3457 3459 3460
f 3455 3458 3461
f 3413 3462 3459
f 3462 3413 3410
f 3404 3462 3410
f 3461 3458 3463
f 3463 3458 3460
f 3464 3455 3461
f 3456 3455 3464
f 3461 3463 3465
f 3460 3466 3463
f 3466 3465 3463
f 3466 3460 3467
f 3467 3465 3466
f 3460 3459 3468
f 3468 3467 3460
f 3462 3468 3459
f 3465 3469 3461
f 3464 3461 3469
f 3469 3465 3470
f 3464 3469 3471
f 3470 3471 3469
f 3472 3470 3465
f 3467 3472 3465
f 3464 3471 3473
f 3456 3464 3473
f 3474 3472 3467
f 3475 3456 3473
f 3452 3456 3475
f 3467 3476 3474
f 3476 3467 3468
f 3452 3475 3477
f 3477 3444 3452
f 3476 3468 3478
f 3478 3468 3462
f 3444 3477 3479
f 3479 3442 3444
f 3442 3479 3480
f 3441 3442 3480
f 3481 3479 3477
f 3480 3479 3481
f 3481 3477 3482
f 3477 3483 3482
f 3475 3483 3477
f 3481 3482 3484
f 3483 3484 3482
f 3483 3475 3485
f 3473 3485 3475
f 3486 3484 3483
f 3486 3483 3485
f 3484 3487 3481
f 3487 3480 3481
f 3488 3484 3486
f 3487 3484 3489
f 3488 3489 3484
f 3485 3490 3486
f 3486 3490 3488
f 3485 3473 3491
f 3471 3491 3473
f 3490 3485 3492
f 3491 3492 3485
f 3493 3488 3490
f 3492 3491 3494
f 3495 3490 3492
f 3495 3492 3494
f 3493 3490 3495
f 3494 3491 3496
f 3471 3496 3491
f 3493 3497 3488
f 3488 3497 3489
f 3496 3471 3498
f 3470 3498 3471
f 3494 3496 3499
f 3500 3498 3470
f 3470 3472 3500
f 3472 3474 3500
f 3496 3498 3501
f 3501 3499 3496
f 3474 3502 3500
f 3503 3494 3499
f 3495 3494 3503
f 3502 3474 3504
f 3504 3474 3476
f 3502 3505 3500
f 3504 3476 3506
f 3502 3504 3507
f 3507 3505 3502
f 3506 3507 3504
f 3476 3478 3506
f 3505 3508 3500
f 3507 3508 3505
f 3508 3498 3500
f 3507 3506 3509
f 3508 3510 3498
f 3501 3498 3510
f 3508 3507 3511
f 3511 3507 3509
f 3508 3511 3512
f 3511 3509 3513
f 3513 3512 3511
f 3513 3509 3514
f 3512 3513 3515
f 3513 3514 3515
f 3516 3508 3512
f 3512 3515 3516
f 3517 3514 3509
f 3506 3517 3509
f 3515 3514 3518
f 3514 3517 3518
f 3515 3518 3519
f 3515 3519 3516
f 3519 3518 3520
f 3520 3516 3519
f 3520 3518 3521
f 3518 3517 3521
f 3516 3522 3508
f 3510 3508 3522
f 3520 3523 3516
f 3523 3522 3516
f 3510 3522 3524
f 3524 3522 3523
f 3510 3524 3525
f 3501 3510 3525
f 3524 3523 3526
f 3501 3525 3527
f 3501 3527 3499
f 3525 3524 3528
f 3524 3526 3528
f 3525 3529 3527
f 3529 3525 3530
f 3525 3528 3530
f 3531 3527 3529
f 3530 3531 3529
f 3532 3499 3527
f 3532 3527 3531
f 3533 3499 3532
f 3499 3533 3503
f 3532 3531 3534
f 3503 3533 3535
f 3503 3535 3495
f 3532 3536 3533
f 3537 3535 3533
f 3537 3533 3536
f 3535 3538 3495
f 3538 3535 3537
f 3495 3538 3539
f 3495 3539 3493
f 3540 3493 3539
f 3540 3497 3493
f 3538 3541 3539
f 3539 3541 3540
f 3537 3542 3538
f 3538 3542 3541
f 3497 3540 3543
f 3541 3544 3540
f 3543 3540 3544
f 3497 3543 3545
f 3545 3489 3497
f 3543 3544 3546
f 3547 3545 3543
f 3543 3546 3547
f 3548 3489 3545
f 3545 3547 3548
f 3489 3548 3549
f 3549 3487 3489
f 3487 3549 3550
f 3548 3550 3549
f 3487 3550 3551
f 3551 3480 3487
f 3552 3550 3548
f 3551 3553 3480
f 3553 3441 3480
f 3551 3550 3554
f 3550 3552 3554
f 3551 3555 3553
f 3555 3551 3554
f 3441 3553 3556
f 3441 3556 3433
f 3553 3555 3557
f 3557 3556 3553
f 3558 3433 3556
f 3557 3558 3556
f 3433 3558 3432
f 3555 3559 3557
f 3559 3555 3554
f 3558 3557 3560
f 3560 3432 3558
f 3557 3559 3561
f 3561 3560 3557
f 3562 3559 3554
f 3559 3562 3561
f 3560 3563 3432
f 3432 3563 3431
f 3563 3435 3431
f 3564 3563 3560
f 3564 3560 3561
f 3563 3565 3435
f 3565 3563 3564
f 3566 3435 3565
f 3055 3435 3566
f 3567 3565 3564
f 3565 3567 3566
f 3567 3564 3561
f 3568 3055 3566
f 3055 3568 3054
f 3567 3569 3566
f 3054 3568 3570
f 3570 3049 3054
f 3571 3568 3566
f 3566 3569 3571
f 3570 3568 3572
f 3572 3568 3571
f 3573 3049 3570
f 3049 3573 3047
f 3572 3574 3570
f 3570 3574 3573
f 3575 3047 3573
f 3047 3575 3045
f 3573 3576 3575
f 3576 3573 3574
f 3575 3577 3045
f 3577 3575 3576
f 3578 3045 3577
f 3578 3044 3045
f 3576 3579 3577
f 3580 3044 3578
f 3580 3039 3044
f 3581 3578 3577
f 3579 3581 3577
f 3580 3578 3582
f 3578 3581 3582
f 3583 3039 3580
f 3583 3580 3582
f 3039 3583 3037
f 3584 3582 3581
f 3579 3585 3581
f 3581 3585 3584
f 3579 3586 3585
f 3576 3586 3579
f 3587 3584 3585
f 3588 3586 3576
f 3588 3576 3574
f 3582 3584 3589
f 3584 3587 3589
f 3590 3588 3574
f 3574 3572 3590
f 3591 3588 3590
f 3586 3588 3591
f 3572 3592 3590
f 3591 3590 3592
f 3592 3572 3593
f 3572 3571 3593
f 3586 3591 3594
f 3593 3571 3595
f 3571 3569 3595
f 3596 3592 3593
f 3593 3595 3596
f 3597 3591 3592
f 3591 3597 3594
f 3598 3592 3596
f 3592 3598 3597
f 3599 3596 3595
f 3598 3596 3600
f 3599 3600 3596
f 3598 3601 3597
f 3599 3595 3602
f 3595 3569 3602
f 3598 3603 3601
f 3598 3600 3603
f 3597 3601 3604
f 3604 3594 3597
f 3594 3605 3586
f 3605 3594 3604
f 3605 3585 3586
f 3587 3585 3605
f 3605 3604 3606
f 3607 3606 3604
f 3607 3604 3601
f 3608 3605 3606
f 3608 3606 3607
f 3609 3587 3605
f 3609 3605 3608
f 3601 3610 3607
f 3609 3608 3611
f 3610 3601 3612
f 3612 3601 3603
f 3613 3607 3610
f 3613 3610 3612
f 3608 3607 3614
f 3614 3607 3613
f 3615 3608 3614
f 3615 3611 3608
f 3614 3613 3616
f 3616 3615 3614
f 3617 3609 3611
f 3617 3587 3609
f 3618 3611 3615
f 3618 3617 3611
f 3587 3617 3619
f 3619 3620 3587
f 3589 3587 3620
f 3621 3619 3617
f 3619 3621 3620
f 3618 3622 3617
f 3622 3621 3617
f 3623 3589 3620
f 3620 3621 3624
f 3624 3623 3620
f 3623 3625 3589
f 3582 3589 3625
f 3625 3583 3582
f 3626 3625 3623
f 3623 3624 3626
f 3583 3625 3627
f 3627 3625 3626
f 3627 3628 3583
f 3628 3037 3583
f 3627 3626 3629
f 3627 3629 3628
f 3037 3628 3630
f 3034 3037 3630
f 3629 3631 3628
f 3628 3631 3630
f 3632 3034 3630
f 3631 3632 3630
f 3034 3632 3033
f 3633 3631 3629
f 3633 3629 3626
f 3634 3632 3631
f 3634 3033 3632
f 3631 3633 3635
f 3634 3631 3635
f 3636 3633 3626
f 3033 3634 3637
f 3638 3633 3636
f 3638 3635 3633
f 3636 3626 3639
f 3639 3626 3624
f 3640 3638 3636
f 3640 3636 3639
f 3641 3639 3624
f 3641 3624 3621
f 3640 3639 3642
f 3643 3641 3621
f 3643 3621 3622
f 3644 3639 3641
f 3642 3639 3644
f 3645 3641 3643
f 3645 3644 3641
f 3646 3643 3622
f 3622 3618 3646
f 3645 3643 3647
f 3646 3647 3643
f 3642 3644 3648
f 3648 3640 3642
f 3649 3644 3645
f 3648 3644 3649
f 3650 3645 3647
f 3649 3645 3650
f 3651 3640 3648
f 3652 3640 3651
f 3640 3652 3638
f 3653 3651 3648
f 3638 3652 3654
f 3654 3635 3638
f 3655 3652 3651
f 3651 3653 3655
f 3656 3654 3652
f 3652 3655 3656
f 3635 3654 3657
f 3656 3658 3654
f 3658 3657 3654
f 3655 3659 3656
f 3660 3635 3657
f 3660 3634 3635
f 3660 3637 3634
f 3659 3655 3661
f 3653 3661 3655
f 3659 3662 3656
f 3656 3662 3658
f 3663 3661 3653
f 3662 3659 3664
f 3665 3659 3661
f 3664 3659 3665
f 3666 3661 3663
f 3666 3665 3661
f 3663 3653 3667
f 3667 3653 3648
f 3667 3648 3649
f 3668 3666 3663
f 3663 3667 3669
f 3669 3668 3663
f 3667 3649 3670
f 3667 3670 3669
f 3671 3666 3668
f 3665 3666 3671
f 3672 3668 3669
f 3673 3671 3668
f 3673 3668 3672
f 3672 3669 3674
f 3669 3670 3674
f 3673 3672 3675
f 3675 3672 3674
f 3671 3673 3676
f 3677 3665 3671
f 3671 3676 3677
f 3665 3677 3678
f 3664 3665 3678
f 3679 3676 3673
f 3678 3680 3664
f 3680 3662 3664
f 3673 3681 3679
f 3675 3681 3673
f 3680 3682 3662
f 3682 3658 3662
f 3683 3680 3678
f 3682 3684 3658
f 3684 3657 3658
f 3685 3682 3680
f 3683 3685 3680
f 3684 3682 3686
f 3685 3686 3682
f 3684 3687 3657
f 3660 3657 3687
f 3686 3688 3684
f 3684 3688 3687
f 3687 3689 3660
f 3689 3637 3660
f 3687 3688 3690
f 3689 3687 3690
f 3691 3637 3689
f 3033 3637 3691
f 3691 3028 3033
f 3028 3691 3692
f 3691 3689 3692
f 3692 3026 3028
f 3693 3689 3690
f 3689 3693 3692
f 3690 3688 3694
f 3694 3693 3690
f 3695 3694 3688
f 3695 3688 3686
f 3694 3696 3693
f 3695 3696 3694
f 3692 3693 3697
f 3026 3692 3697
f 3693 3696 3698
f 3698 3697 3693
f 3697 3699 3026
f 3026 3699 3023
f 3699 3024 3023
f 3700 3699 3697
f 3697 3698 3700
f 3699 3701 3024
f 3700 3701 3699
f 3024 3701 3702
f 3024 3702 3017
f 3703 3701 3700
f 3704 3017 3702
f 3015 3017 3704
f 3701 3705 3702
f 3705 3704 3702
f 3706 3705 3701
f 3701 3703 3706
f 3705 3707 3704
f 3706 3708 3705
f 3708 3707 3705
f 3704 3709 3015
f 3707 3709 3704
f 3706 3710 3708
f 3707 3708 3711
f 3710 3711 3708
f 3712 3709 3707
f 3706 3713 3710
f 3713 3706 3703
f 3712 3707 3714
f 3711 3714 3707
f 3715 3709 3712
f 3714 3711 692
f 3709 3715 3716
f 3709 3716 3015
f 3714 692 695
f 3717 692 3711
f 3717 3711 3710
f 689 692 3717
f 695 3718 3714
f 3714 3718 3712
f 3718 3715 3712
f 3718 695 698
f 3718 3719 3715
f 3715 3719 3716
f 698 3720 3718
f 3718 3720 3719
f 698 701 3720
f 3719 3720 3721
f 701 3721 3720
f 3719 3722 3716
f 3719 3721 3722
f 3721 701 3723
f 701 707 3723
f 3721 3724 3722
f 3723 3724 3721
f 3716 3722 3725
f 3725 3722 3724
f 3726 3716 3725
f 3015 3716 3726
f 3726 3012 3015
f 3726 3725 3012
f 3725 3010 3012
f 3725 3724 3010
f 3010 3724 3727
f 3004 3010 3727
f 3727 3002 3004
f 3724 3728 3727
f 3727 3729 3002
f 3727 3728 3729
f 3730 3728 3724
f 3723 3730 3724
f 3729 3728 3731
f 3730 3731 3728
f 3729 3732 3002
f 3002 3732 2997
f 3733 3732 3729
f 3729 3731 3733
f 3732 3734 2997
f 3734 3732 3733
f 3734 2996 2997
f 3733 3731 3735
f 3733 3735 3734
f 2996 3734 3736
f 3736 2995 2996
f 3737 3736 3734
f 3735 3737 3734
f 3736 3738 2995
f 3736 3737 3738
f 2995 3738 2631
f 3735 3739 3737
f 3740 2631 3738
f 2627 2631 3740
f 3738 3737 3741
f 3739 3741 3737
f 3738 3742 3740
f 3741 3742 3738
f 3743 2627 3740
f 3743 2547 2627
f 2547 3743 2543
f 3743 2538 2543
f 3743 3740 3744
f 3742 3744 3740
f 3745 2538 3743
f 3743 3744 3745
f 3745 2536 2538
f 3746 2536 3745
f 3747 3746 3745
f 3747 3745 3744
f 3744 3748 3747
f 3744 3742 3748
f 3748 3749 3747
f 3742 3750 3748
f 3750 3749 3748
f 3750 3742 3741
f 3751 3749 3750
f 3752 3750 3741
f 3751 3750 3752
f 3739 3752 3741
f 3753 3751 3752
f 714 3753 3752
f 3752 3739 3754
f 3754 3739 3735
f 3731 3754 3735
f 714 3752 3755
f 3754 3755 3752
f 711 714 3755
f 3756 3754 3731
f 3756 3755 3754
f 3730 3756 3731
f 711 3755 3757
f 3756 3757 3755
f 3730 3757 3756
f 711 3757 710
f 3730 3723 3757
f 707 710 3757
f 3723 707 3757
f 3334 3332 3758
f 3368 3334 3758
f 3328 3758 3332
f 3368 3758 3759
f 3368 3759 3376
f 3760 3758 3328
f 3761 3376 3759
f 3760 3762 3758
f 3762 3759 3758
f 3761 3378 3376
f 3763 3759 3762
f 3761 3759 3763
f 3760 3328 3764
f 3760 3764 3762
f 3328 3324 3764
f 3321 3764 3324
f 3763 3762 3765
f 3765 3761 3763
f 3762 3764 3766
f 3762 3766 3765
f 3764 3321 3767
f 3767 3321 3319
f 3764 3768 3766
f 3764 3767 3768
f 3766 3768 3769
f 3765 3766 3769
f 3768 3767 3770
f 3769 3768 3770
f 3767 3319 3771
f 3767 3771 3770
f 3771 3319 3317
f 3769 3770 3772
f 3772 3770 3771
f 3773 3765 3769
f 3774 3769 3772
f 3769 3774 3773
f 3773 3775 3765
f 3765 3775 3761
f 3776 3773 3774
f 3777 3761 3775
f 3378 3761 3777
f 3775 3773 3778
f 3778 3773 3776
f 3775 3779 3777
f 3775 3778 3779
f 3780 3378 3777
f 3780 3777 3779
f 3781 3378 3780
f 3381 3378 3781
f 3782 3780 3779
f 3781 3780 3782
f 3779 3778 3783
f 3778 3776 3783
f 3781 3784 3381
f 3381 3784 3385
f 3785 3779 3783
f 3782 3779 3785
f 3783 3776 3786
f 3785 3783 3787
f 3787 3783 3786
f 3782 3785 3788
f 3785 3787 3788
f 3789 3786 3776
f 3776 3774 3789
f 3786 3790 3787
f 3786 3789 3790
f 3791 3789 3774
f 3774 3772 3791
f 3789 3792 3790
f 3791 3772 3793
f 3771 3793 3772
f 3794 3789 3791
f 3789 3794 3792
f 3791 3795 3794
f 3791 3793 3795
f 3792 3794 3796
f 3794 3795 3796
f 3771 3797 3793
f 3771 3317 3797
f 3793 3798 3795
f 3793 3797 3799
f 3793 3799 3798
f 3797 3317 3800
f 3799 3797 3800
f 3317 3801 3800
f 3317 3315 3801
f 3799 3800 3802
f 3801 3315 3803
f 3315 3314 3803
f 3800 3801 3804
f 3803 3804 3801
f 3804 3802 3800
f 3314 3805 3803
f 3802 3806 3799
f 3798 3799 3806
f 3805 3314 3807
f 3273 3807 3314
f 3805 3808 3803
f 3809 3807 3273
f 3273 3269 3809
f 3810 3805 3807
f 3805 3810 3808
f 3811 3809 3269
f 3275 3811 3269
f 3809 3812 3807
f 3275 3813 3811
f 3275 3267 3813
f 3811 3814 3809
f 3814 3812 3809
f 3815 3814 3811
f 3811 3813 3815
f 3812 3814 3816
f 3816 3814 3815
f 3807 3812 3817
f 3816 3817 3812
f 3810 3807 3817
f 3817 3816 3818
f 3810 3817 3818
f 3815 3819 3816
f 3818 3816 3820
f 3819 3820 3816
f 3815 3821 3819
f 3813 3821 3815
f 3819 3822 3820
f 3813 3823 3821
f 3824 3819 3821
f 3821 3823 3824
f 3819 3825 3822
f 3819 3824 3825
f 3813 3826 3823
f 3267 3826 3813
f 3823 3827 3824
f 3826 3267 3828
f 3249 3828 3267
f 3249 3245 3828
f 3823 3826 3829
f 3829 3827 3823
f 3828 3830 3826
f 3830 3829 3826
f 3245 3830 3828
f 3830 3831 3829
f 3831 3827 3829
f 3245 3832 3830
f 3832 3831 3830
f 3244 3832 3245
f 3247 3832 3244
f 3247 3831 3832
f 3833 3831 3247
f 3831 3833 3827
f 3247 3834 3833
f 3201 3834 3247
f 3834 3201 3835
f 3198 3835 3201
f 3833 3834 3836
f 3836 3834 3835
f 3837 3835 3198
f 3837 3198 3196
f 3838 3836 3835
f 3837 3838 3835
f 3839 3833 3836
f 3833 3839 3827
f 3837 3196 3840
f 3196 3194 3840
f 3840 3841 3837
f 3838 3837 3841
f 3194 3842 3840
f 3842 3841 3840
f 3842 3194 3192
f 3838 3841 3843
f 3192 3844 3842
f 3192 3191 3844
f 3841 3842 3845
f 3841 3845 3843
f 3846 3844 3191
f 3191 3189 3846
f 3847 3842 3844
f 3844 3846 3848
f 3847 3844 3848
f 3189 3849 3846
f 3846 3849 3848
f 3850 3842 3847
f 3850 3845 3842
f 3849 3189 3851
f 3189 3184 3851
f 3184 3183 3851
f 3852 3849 3851
f 3183 3853 3851
f 3852 3851 3853
f 3852 3854 3849
f 3849 3854 3848
f 3855 3852 3853
f 3856 3854 3852
f 3856 3852 3855
f 3857 3853 3183
f 3853 3857 3855
f 3857 3183 3858
f 3859 3855 3857
f 3858 3859 3857
f 3856 3855 3860
f 3860 3855 3859
f 3183 3861 3858
f 3183 3180 3861
f 3180 2281 3861
f 2281 3862 3861
f 3858 3861 3862
f 3862 2281 2279
f 3863 3858 3862
f 3863 3862 2279
f 3858 3863 3864
f 3858 3864 3859
f 3865 3863 2279
f 3864 3863 3865
f 2277 3865 2279
f 2277 2249 3865
f 3866 3859 3864
f 3866 3860 3859
f 3864 3865 3867
f 3864 3868 3866
f 3867 3868 3864
f 2249 3869 3865
f 3870 3867 3865
f 3869 3870 3865
f 3869 2249 3871
f 2245 3871 2249
f 3872 3870 3869
f 3872 3869 3871
f 3870 3873 3867
f 3872 3873 3870
f 3867 3873 3868
f 3872 3871 3874
f 2245 3874 3871
f 3874 3875 3872
f 3873 3872 3875
f 3874 2245 3876
f 3876 3875 3874
f 2245 2243 3876
f 3873 3875 3877
f 3875 3876 3877
f 3876 2243 3878
f 3878 2243 2239
f 3879 3877 3876
f 3878 3879 3876
f 3873 3877 3880
f 3873 3880 3868
f 3879 3881 3877
f 3881 3880 3877
f 2239 3882 3878
f 2235 3882 2239
f 3882 2235 2236
f 3879 3878 3883
f 3883 3878 3882
f 2236 3884 3882
f 3883 3882 3884
f 3885 3884 2236
f 3884 3885 3886
f 3886 3887 3884
f 3883 3884 3887
f 3888 3887 3886
f 3879 3883 3889
f 3879 3889 3881
f 3887 3888 3890
f 3888 3891 3890
f 3883 3887 3892
f 3890 3892 3887
f 3892 3889 3883
f 3893 3890 3891
f 3892 3890 3893
f 3891 3894 3893
f 3891 3895 3894
f 3893 3896 3892
f 3894 3895 3897
f 3895 3898 3897
f 3894 3899 3893
f 3899 3894 3897
f 3899 3896 3893
f 3898 3900 3897
f 3898 3901 3900
f 3897 3902 3899
f 3900 3902 3897
f 3903 3900 3901
f 3901 3904 3903
f 3902 3900 3905
f 3903 3905 3900
f 3906 3899 3902
f 3906 3902 3905
f 3907 3903 3904
f 3904 3908 3907
f 3909 3905 3903
f 3909 3903 3907
f 3907 3908 3910
f 3908 3911 3910
f 3907 3912 3909
f 3907 3910 3912
f 3905 3909 3913
f 3912 3914 3909
f 3909 3914 3913
f 3915 3912 3910
f 3912 3915 3914
f 3916 3910 3911
f 3910 3916 3915
f 3911 3917 3916
f 3911 3918 3917
f 3919 3917 3918
f 3920 3915 3916
f 3917 3920 3916
f 3921 3917 3919
f 3920 3917 3921
f 3921 3919 3922
f 3923 3915 3920
f 3914 3915 3923
f 3921 3922 3924
f 3922 3925 3924
f 3926 3920 3921
f 3924 3926 3921
f 3920 3927 3923
f 3920 3926 3927
f 3924 3925 3928
f 3929 3928 3925
f 3924 3930 3926
f 3929 3931 3928
f 3932 3931 3929
f 3924 3928 3933
f 3930 3924 3933
f 3928 3931 3933
f 3934 3926 3930
f 3932 3935 3931
f 3935 3932 3936
f 3936 3937 3935
f 3935 3937 3938
f 3939 3934 3930
f 3933 3939 3930
f 3935 3938 3940
f 3935 3940 3941
f 3941 3931 3935
f 3940 3938 3942
f 3941 3940 3942
f 3938 3943 3942
f 3941 3944 3931
f 3933 3931 3944
f 3942 3945 3941
f 3941 3945 3944
f 3943 3946 3942
f 3942 3946 3945
f 3943 3947 3946
f 3947 3948 3946
f 3949 3945 3946
f 3946 3948 3949
f 3944 3945 3950
f 3945 3949 3950
f 3951 3933 3944
f 3944 3950 3951
f 3951 3939 3933
f 3949 3952 3950
f 3948 3952 3949
f 3951 3950 3953
f 3952 3948 3954
f 3954 3948 3955
f 3950 3952 3956
f 3956 3952 3954
f 3950 3956 3953
f 3954 3955 3957
f 3955 3958 3957
f 3959 3956 3954
f 3954 3957 3959
f 3953 3956 3960
f 3960 3956 3959
f 3951 3953 3960
f 3957 3961 3959
f 3962 3960 3959
f 3959 3961 3962
f 3951 3960 3963
f 3960 3962 3963
f 3961 3957 3964
f 3964 3957 3958
f 3961 3965 3962
f 3958 3966 3964
f 3958 3967 3966
f 3967 3968 3966
f 3961 3964 3969
f 3961 3969 3965
f 3970 3964 3966
f 3970 3969 3964
f 3968 3971 3966
f 3970 3966 3971
f 3968 3972 3971
f 3970 3973 3969
f 3974 3971 3972
f 3974 3972 3975
f 3971 3976 3970
f 3970 3976 3973
f 3971 3974 3977
f 3971 3977 3976
f 3975 3978 3974
f 3978 3975 3979
f 3980 3974 3978
f 3980 3977 3974
f 3978 3979 3981
f 3981 3980 3978
f 3977 3982 3976
f 3982 3973 3976
f 3980 3983 3977
f 3982 3977 3983
f 3981 3984 3980
f 3982 3985 3973
f 3986 3984 3981
f 3979 3986 3981
f 3983 3987 3982
f 3985 3982 3987
f 3983 3980 3988
f 3987 3983 3988
f 3984 3988 3980
f 3985 3989 3973
f 3989 3969 3973
f 3969 3989 3965
f 3988 3984 3990
f 3991 3965 3989
f 3984 3992 3990
f 3984 3986 3992
f 3993 3965 3991
f 3993 3962 3965
f 3963 3962 3993
f 3991 3994 3993
f 3963 3993 3994
f 3989 3995 3991
f 3995 3994 3991
f 3996 3995 3989
f 3989 3985 3996
f 3994 3995 3997
f 3996 3985 3998
f 3998 3985 3987
f 3996 3999 3995
f 3997 3995 3999
f 3996 4000 3999
f 4001 3997 3999
f 4002 4000 3996
f 3998 4002 3996
f 3999 4000 4003
f 4003 4001 3999
f 4002 4004 4000
f 4003 4000 4004
f 4001 4005 3997
f 4004 4006 4003
f 4001 4003 4007
f 4006 4007 4003
f 4008 4005 4001
f 4001 4007 4008
f 3997 4005 4009
f 3997 4009 3994
f 4008 4010 4005
f 4010 4009 4005
f 4011 4008 4007
f 4008 4012 4010
f 4008 4011 4012
f 4010 4013 4009
f 4012 4013 4010
f 3994 4009 4014
f 4014 3963 3994
f 4015 4009 4013
f 4015 4014 4009
f 4014 4016 3963
f 3951 3963 4016
f 3939 3951 4016
f 4014 4015 4017
f 4014 4017 4016
f 4015 4013 4017
f 4018 3939 4016
f 4018 4016 4017
f 3939 4018 3934
f 3934 4018 4019
f 4017 4019 4018
f 4019 3926 3934
f 3926 4019 3927
f 4017 4020 4019
f 4017 4013 4020
f 4019 4021 3927
f 4021 4019 4020
f 4020 4013 4022
f 4022 4013 4012
f 4020 4023 4021
f 4023 4020 4022
f 4024 3927 4021
f 3927 4024 3923
f 4025 4021 4023
f 4024 4021 4025
f 4024 4026 3923
f 4025 4026 4024
f 4026 3914 3923
f 4023 4022 4027
f 4012 4027 4022
f 4028 4025 4023
f 4023 4027 4028
f 4029 4026 4025
f 4028 4029 4025
f 4012 4030 4027
f 4011 4030 4012
f 4028 4027 4031
f 4030 4031 4027
f 4029 4028 4032
f 4028 4031 4033
f 4032 4028 4033
f 4034 4031 4030
f 4032 4035 4029
f 4026 4029 4035
f 4036 4031 4034
f 4033 4031 4036
f 4034 4030 4037
f 4037 4030 4011
f 4033 4038 4032
f 4033 4036 4038
f 4039 4032 4038
f 4032 4039 4035
f 4036 4040 4038
f 4039 4038 4040
f 4034 4041 4036
f 4034 4037 4041
f 4040 4036 4042
f 4042 4036 4041
f 4039 4040 4043
f 4044 4040 4042
f 4044 4043 4040
f 4039 4043 4045
f 4039 4045 4035
f 4046 4043 4044
f 4045 4043 4046
f 4047 4035 4045
f 4047 4045 4046
f 4047 4026 4035
f 3914 4026 4047
f 4047 3913 3914
f 3913 4047 4048
f 4048 4047 4046
f 4049 3913 4048
f 4049 3905 3913
f 3905 4049 3906
f 4050 4048 4046
f 4048 4051 4049
f 4048 4050 4051
f 4049 4052 3906
f 4049 4051 4052
f 4053 4050 4046
f 4051 4050 4054
f 4050 4053 4054
f 4055 4051 4054
f 4055 4052 4051
f 4056 4053 4046
f 4046 4044 4056
f 4057 4056 4044
f 4053 4056 4057
f 4057 4044 4042
f 4054 4053 4058
f 4053 4057 4058
f 4054 4058 4055
f 4059 4057 4042
f 4059 4058 4057
f 4042 4060 4059
f 4041 4060 4042
f 4061 4058 4059
f 4041 4062 4060
f 4058 4063 4055
f 4063 4058 4061
f 4063 4064 4055
f 4064 4052 4055
f 4064 4063 4065
f 4063 4061 4065
f 4066 4052 4064
f 4065 4066 4064
f 4059 4067 4061
f 4059 4060 4067
f 4065 4061 4068
f 4060 4069 4067
f 4069 4060 4062
f 4061 4067 4070
f 4061 4070 4068
f 4069 4071 4067
f 4067 4071 4070
f 4071 3856 4070
f 3860 4070 3856
f 4068 4070 3860
f 3856 4071 3854
f 3860 4072 4068
f 3860 3866 4072
f 4073 3854 4071
f 4071 4069 4073
f 3848 3854 4073
f 3848 4073 4074
f 3848 4074 3847
f 4069 4075 4073
f 4073 4075 4074
f 4076 3847 4074
f 4076 4074 4075
f 3847 4076 3850
f 4069 4077 4075
f 4062 4077 4069
f 4075 4078 4076
f 4077 4078 4075
f 4079 3850 4076
f 3850 4079 3845
f 4080 4076 4078
f 4076 4080 4079
f 4081 3845 4079
f 4081 3843 3845
f 4079 4080 4082
f 4079 4083 4081
f 4083 4079 4082
f 4081 4084 3843
f 4084 4081 4083
f 4078 4085 4080
f 4080 4085 4082
f 4078 4086 4085
f 4078 4077 4086
f 4085 4087 4082
f 4086 4077 4088
f 4089 4085 4086
f 4089 4086 4088
f 4085 4090 4087
f 4089 4090 4085
f 4087 4091 4082
f 4091 4087 4090
f 4092 4083 4082
f 4091 4092 4082
f 4093 4083 4092
f 4083 4093 4084
f 4092 4091 4094
f 4093 4092 4094
f 4090 4095 4091
f 4084 4093 4096
f 4095 4090 4097
f 4089 4097 4090
f 4091 4095 4098
f 4094 4091 4098
f 4099 4097 4089
f 4089 4088 4099
f 4100 4095 4097
f 4101 4097 4099
f 4101 4100 4097
f 4088 4102 4099
f 4099 4102 4101
f 4100 4103 4095
f 4098 4095 4103
f 4100 4101 4004
f 4004 4002 4100
f 4100 4002 4103
f 4006 4004 4101
f 4002 4104 4103
f 4103 4104 4098
f 4104 4002 3998
f 4101 4105 4006
f 4102 4105 4101
f 4006 4105 4007
f 4105 4011 4007
f 4011 4105 4037
f 4105 4102 4037
f 4102 4106 4037
f 4106 4102 4088
f 4106 4041 4037
f 4088 4077 4106
f 4106 4062 4041
f 4106 4077 4062
f 4104 4107 4098
f 4094 4098 4107
f 4108 4107 4104
f 3998 4108 4104
f 4107 4109 4094
f 4110 4108 3998
f 3998 3987 4110
f 4108 4111 4107
f 4107 4111 4109
f 4110 4112 4108
f 4108 4112 4111
f 4113 4110 3987
f 4113 4112 4110
f 3988 4113 3987
f 4114 4111 4112
f 4113 3988 4115
f 4112 4113 4116
f 4112 4116 4114
f 4113 4115 4116
f 3988 3990 4115
f 4114 4116 4117
f 4115 4117 4116
f 4111 4114 4118
f 4109 4111 4118
f 4114 4117 4119
f 4118 4114 4119
f 4115 4120 4117
f 4117 4120 4119
f 4115 3990 4121
f 4121 4120 4115
f 4122 4121 3990
f 3992 4122 3990
f 4121 4123 4120
f 4122 3992 4124
f 4124 3992 3986
f 4122 4125 4121
f 4121 4125 4123
f 4126 4122 4124
f 4122 4126 4125
f 4124 3986 4127
f 3979 4127 3986
f 4128 4124 4127
f 4129 4127 3979
f 4128 4127 4129
f 4130 4126 4124
f 4128 4130 4124
f 4131 4125 4126
f 4130 4128 4132
f 4131 4133 4125
f 4125 4133 4123
f 4134 4126 4130
f 4134 4131 4126
f 4135 4130 4132
f 4134 4130 4135
f 4128 4136 4132
f 4128 4129 4136
f 4135 4132 4137
f 4137 4132 4136
f 4138 4134 4135
f 4139 4135 4137
f 4138 4135 4139
f 4140 4131 4134
f 4141 4134 4138
f 4141 4140 4134
f 4140 4142 4131
f 4142 4133 4131
f 4143 4140 4141
f 4142 4140 4143
f 4144 4141 4138
f 4145 4143 4141
f 4141 4144 4145
f 4146 4142 4143
f 4146 4143 4145
f 4133 4142 4147
f 4148 4142 4146
f 4148 4147 4142
f 4145 4149 4146
f 4146 4150 4148
f 4150 4146 4149
f 4151 4147 4148
f 4148 4150 4151
f 4147 4152 4133
f 4152 4123 4133
f 4151 4153 4147
f 4153 4152 4147
f 4154 4153 4151
f 4150 4154 4151
f 4153 4155 4152
f 4123 4152 4156
f 4120 4123 4156
f 4120 4156 4119
f 4155 4157 4152
f 4156 4152 4157
f 4158 4155 4153
f 4158 4153 4154
f 4119 4156 4159
f 4159 4118 4119
f 4159 4156 4160
f 4156 4157 4160
f 4159 4161 4118
f 4160 4161 4159
f 4162 4157 4155
f 4158 4162 4155
f 4157 4163 4160
f 4157 4162 4163
f 4161 4160 4164
f 4163 4164 4160
f 4165 4118 4161
f 4109 4118 4165
f 4165 4094 4109
f 4165 4093 4094
f 4165 4096 4093
f 4161 4166 4165
f 4166 4096 4165
f 4166 4161 4164
f 4096 4166 4167
f 4164 4167 4166
f 4096 4167 4168
f 4096 4168 4084
f 4168 3843 4084
f 4164 4169 4167
f 4169 4164 4163
f 4170 3843 4168
f 3838 3843 4170
f 3836 3838 4170
f 3839 3836 4170
f 4171 4170 4168
f 4171 3839 4170
f 4171 4168 4172
f 4167 4172 4168
f 4173 3839 4171
f 4171 4172 4173
f 3827 3839 4173
f 4172 4167 4174
f 4169 4174 4167
f 4173 4172 4175
f 4175 3827 4173
f 4172 4174 4175
f 3824 3827 4175
f 4175 3825 3824
f 4174 4176 4175
f 3825 4175 4176
f 4169 4176 4174
f 4176 4177 3825
f 4169 4178 4176
f 4178 4177 4176
f 4178 4169 4163
f 4178 4163 4162
f 3822 3825 4177
f 4179 4178 4162
f 4177 4178 4179
f 4162 4158 4179
f 4177 4180 3822
f 4181 4177 4179
f 4179 4158 4181
f 4177 4181 4180
f 3822 4180 4182
f 3820 3822 4182
f 4182 4180 4183
f 4183 4180 4181
f 3820 4182 4184
f 4182 4183 4184
f 3818 3820 4184
f 4184 4183 4185
f 3818 4184 4186
f 4185 4186 4184
f 4187 3818 4186
f 4187 3810 3818
f 4185 4188 4186
f 4187 4186 4188
f 4185 4183 4189
f 4189 4183 4181
f 4190 3810 4187
f 4187 4188 4190
f 4191 3810 4190
f 3810 4191 3808
f 4192 3808 4191
f 4192 4191 4190
f 3808 4192 3803
f 3803 4192 3804
f 4193 4192 4190
f 3804 4192 4193
f 4190 4188 4194
f 4194 4193 4190
f 4194 4188 4195
f 4188 4185 4195
f 4195 4185 4189
f 4193 4194 4196
f 4194 4195 4196
f 3804 4193 4197
f 3804 4197 3802
f 4196 4198 4193
f 4197 4193 4198
f 4195 4199 4196
f 4198 4196 4199
f 4189 4200 4195
f 4195 4200 4199
f 4201 4200 4189
f 4181 4201 4189
f 4202 4199 4200
f 4201 4181 4203
f 4181 4158 4203
f 4154 4203 4158
f 4200 4201 4204
f 4201 4203 4204
f 4204 4203 4154
f 4204 4202 4200
f 4204 4154 4205
f 4202 4204 4205
f 4205 4154 4150
f 4202 4205 4206
f 4206 4205 4150
f 4199 4202 4207
f 4202 4206 4207
f 4199 4207 4198
f 4206 4150 4208
f 4208 4150 4149
f 4207 4206 4209
f 4209 4206 4208
f 4198 4207 4210
f 4207 4209 4210
f 4197 4198 4210
f 4208 4149 4211
f 4211 4149 4145
f 4197 4210 4212
f 3802 4197 4212
f 4213 4210 4209
f 4213 4212 4210
f 4209 4208 4214
f 4213 4209 4214
f 4214 4208 4211
f 4212 4215 3802
f 3802 4215 3806
f 4212 4213 4216
f 4215 4212 4216
f 4213 4214 4217
f 4216 4213 4217
f 4218 4217 4214
f 4211 4218 4214
f 4216 4217 4219
f 4219 4217 4218
f 4216 4220 4215
f 4220 4216 4219
f 3806 4215 4220
f 4211 4221 4218
f 4221 4211 4145
f 4145 4144 4221
f 4218 4221 4222
f 4218 4222 4219
f 4221 4144 4223
f 4222 4221 4223
f 4223 4144 4224
f 4225 4219 4222
f 4220 4219 4225
f 4222 4223 4226
f 4226 4223 4224
f 4144 4227 4224
f 4224 4227 4226
f 4227 4144 4138
f 4227 4138 4139
f 4228 4227 4139
f 4226 4227 4228
f 4228 4139 4137
f 4226 4229 4222
f 4225 4222 4229
f 4230 4226 4228
f 4230 4229 4226
f 4231 4228 4137
f 4230 4228 4231
f 4231 4137 4232
f 4137 4136 4232
f 4233 4230 4231
f 4234 4232 4136
f 4136 4129 4234
f 4235 4231 4232
f 4233 4231 4235
f 4236 4232 4234
f 4237 4230 4233
f 4237 4229 4230
f 4238 4232 4236
f 4235 4232 4238
f 4239 4229 4237
f 4225 4229 4239
f 4240 4237 4233
f 4240 4239 4237
f 4233 4235 4241
f 4241 4240 4233
f 4241 4235 4238
f 4240 4241 4242
f 4243 4241 4238
f 4241 4243 4242
f 4240 4242 4244
f 4240 4244 4239
f 4244 4242 4245
f 4243 4245 4242
f 4239 4244 4246
f 4246 4244 4245
f 4246 4247 4239
f 4225 4239 4247
f 4246 4245 4248
f 4249 4225 4247
f 4220 4225 4249
f 4247 4246 4250
f 4250 4246 4248
f 4251 4220 4249
f 4220 4251 3806
f 4247 4252 4249
f 4251 4249 4252
f 4252 4247 4250
f 4253 3806 4251
f 4253 4251 4252
f 3798 3806 4253
f 4250 4254 4252
f 4255 3798 4253
f 3798 4255 3795
f 3795 4255 3796
f 4253 4252 4256
f 4254 4256 4252
f 4257 4255 4253
f 4257 4253 4256
f 3796 4255 4258
f 4257 4258 4255
f 3796 4258 4259
f 4259 3792 3796
f 4257 4256 4260
f 4261 3792 4259
f 3792 4261 3790
f 4257 4260 4262
f 4257 4262 4258
f 4260 4256 4263
f 4263 4262 4260
f 4263 4256 4264
f 4256 4254 4264
f 4262 4263 4265
f 4263 4264 4265
f 4266 4264 4254
f 4254 4250 4266
f 4265 4264 4267
f 4266 4250 4268
f 4269 4264 4266
f 4269 4266 4268
f 4264 4269 4267
f 4268 4250 4270
f 4270 4250 4248
f 4269 4268 4271
f 4271 4268 4270
f 4267 4269 4272
f 4269 4271 4272
f 4273 4265 4267
f 4265 4273 4262
f 4267 4272 4274
f 4275 4262 4273
f 4275 4258 4262
f 4276 4273 4267
f 4276 4267 4274
f 4275 4273 4277
f 4277 4273 4276
f 4258 4275 4278
f 4259 4258 4278
f 4259 4278 4261
f 4279 4275 4277
f 4279 4278 4275
f 4280 4277 4276
f 4277 4280 4279
f 4281 4261 4278
f 4282 4280 4276
f 4278 4283 4281
f 4283 4278 4279
f 4284 4261 4281
f 3790 4261 4284
f 3790 4284 3787
f 4281 4283 4285
f 4284 4281 4285
f 4286 3787 4284
f 3788 3787 4286
f 4287 4286 4284
f 4287 4284 4285
f 4288 3788 4286
f 4287 4288 4286
f 4288 4289 3788
f 3782 3788 4289
f 4287 4290 4288
f 4291 3782 4289
f 4291 3781 3782
f 4288 4292 4289
f 4291 4289 4292
f 4290 4292 4288
f 4291 3784 3781
f 4290 4287 4293
f 4287 4285 4293
f 4294 4292 4290
f 4285 4295 4293
f 4295 4285 4283
f 4293 4296 4290
f 4294 4290 4296
f 4297 4293 4295
f 4297 4296 4293
f 4295 4283 4298
f 4283 4279 4298
f 4299 4297 4295
f 4299 4295 4298
f 4298 4279 4300
f 4279 4280 4300
f 4282 4300 4280
f 4298 4300 4301
f 4299 4298 4301
f 4300 4282 4302
f 4301 4300 4302
f 4297 4299 4303
f 4299 4301 4304
f 4304 4303 4299
f 4303 4305 4297
f 4296 4297 4305
f 4306 4303 4304
f 4305 4303 4306
f 4304 4301 4307
f 4306 4304 4307
f 4301 4308 4307
f 4302 4308 4301
f 4307 4308 4309
f 4302 4309 4308
f 4306 4307 4310
f 4309 4302 4311
f 4307 4309 4312
f 4310 4307 4312
f 4302 4313 4311
f 4282 4313 4302
f 4309 4311 4314
f 4312 4309 4314
f 4315 4313 4282
f 4282 4276 4315
f 4315 4276 4274
f 4313 4316 4311
f 4315 4316 4313
f 4315 4274 4317
f 4274 4272 4317
f 4316 4315 4318
f 4318 4315 4317
f 4311 4316 4319
f 4314 4311 4319
f 4316 4318 4320
f 4316 4320 4319
f 4317 4321 4318
f 4317 4272 4322
f 4317 4322 4321
f 4322 4272 4271
f 4323 4318 4321
f 4320 4318 4323
f 4324 4321 4322
f 4271 4325 4322
f 4324 4322 4325
f 4271 4326 4325
f 4271 4270 4326
f 4324 4325 4327
f 4326 4327 4325
f 4321 4324 4328
f 4323 4321 4328
f 4324 4327 4329
f 4329 4328 4324
f 4330 4327 4326
f 4326 4270 4331
f 4326 4331 4330
f 4270 4248 4331
f 4332 4327 4330
f 4327 4332 4329
f 4330 4331 4333
f 4333 4332 4330
f 4334 4331 4248
f 4331 4335 4333
f 4331 4334 4335
f 4332 4333 4336
f 4248 4337 4334
f 4248 4245 4337
f 4245 4243 4337
f 4243 4338 4337
f 4243 4238 4338
f 4334 4337 4339
f 4339 4337 4338
f 4238 4340 4338
f 4340 4238 4236
f 4339 4338 4341
f 4338 4340 4341
f 4334 4339 4342
f 4339 4341 4342
f 4334 4342 4343
f 4335 4334 4343
f 4342 4341 4344
f 4335 4343 4345
f 4343 4342 4346
f 4343 4346 4345
f 4342 4344 4346
f 4335 4345 4347
f 4333 4335 4347
f 4333 4347 4336
f 4347 4345 4348
f 4336 4347 4349
f 4348 4349 4347
f 4345 4350 4348
f 4345 4346 4350
f 4349 4348 4351
f 4350 4351 4348
f 4336 4349 4352
f 4351 4353 4349
f 4352 4349 4353
f 4350 4354 4351
f 4351 4354 4353
f 4355 4336 4352
f 4332 4336 4355
f 4329 4332 4355
f 4356 4355 4352
f 4357 4329 4355
f 4357 4355 4356
f 4357 4358 4329
f 4328 4329 4358
f 4356 4359 4357
f 4358 4357 4359
f 4360 4356 4352
f 4352 4353 4360
f 4361 4328 4358
f 4361 4323 4328
f 4361 4358 4362
f 4362 4358 4359
f 4363 4323 4361
f 4320 4323 4363
f 4364 4361 4362
f 4363 4361 4364
f 4365 4320 4363
f 4366 4363 4364
f 4365 4363 4366
f 4366 4364 4367
f 4365 4366 4367
f 4368 4320 4365
f 4320 4368 4319
f 4369 4319 4368
f 4319 4369 4314
f 4370 4368 4365
f 4369 4368 4370
f 4371 4314 4369
f 4371 4369 4370
f 4314 4371 4312
f 4370 4365 4372
f 4372 4365 4367
f 4373 4371 4370
f 4371 4374 4312
f 4374 4371 4373
f 4372 4375 4370
f 4373 4370 4375
f 4376 4312 4374
f 4310 4312 4376
f 4374 4373 4377
f 4310 4376 4378
f 4378 4306 4310
f 4374 4379 4376
f 4379 4374 4377
f 4380 4378 4376
f 4380 4376 4379
f 4381 4306 4378
f 4380 4379 4382
f 4383 4306 4381
f 4306 4383 4305
f 4381 4378 4384
f 4384 4378 4380
f 4385 4383 4381
f 4385 4381 4384
f 4386 4305 4383
f 4386 4383 4385
f 4305 4386 4387
f 4387 4296 4305
f 4388 4386 4385
f 4387 4386 4388
f 4296 4387 4389
f 4390 4387 4388
f 4390 4389 4387
f 4296 4389 4391
f 4391 4294 4296
f 4392 4389 4390
f 4391 4389 4392
f 4393 4390 4388
f 4294 4391 4394
f 4395 4390 4393
f 4395 4392 4390
f 4396 4294 4394
f 4396 4292 4294
f 4291 4292 4396
f 4397 4396 4394
f 4291 4396 4397
f 4391 4398 4394
f 4391 4392 4399
f 4398 4391 4399
f 3521 4399 4392
f 4395 3521 4392
f 4398 4399 4400
f 4399 3521 4400
f 3521 4395 3520
f 3517 4400 3521
f 4395 3523 3520
f 4400 4401 4398
f 4401 4394 4398
f 4401 4397 4394
f 4402 3523 4395
f 4393 4402 4395
f 4400 4403 4401
f 3517 4403 4400
f 4404 4397 4401
f 4403 4404 4401
f 4405 4403 3517
f 3506 4405 3517
f 3506 3478 4405
f 4406 4404 4403
f 4405 4407 4403
f 4407 4406 4403
f 4405 4408 4407
f 4408 4405 3478
f 4406 4407 4409
f 4409 4407 4408
f 4406 4410 4404
f 4410 4406 4409
f 4410 4397 4404
f 4410 4411 4397
f 4411 4412 4397
f 4412 4291 4397
f 4412 3784 4291
f 4413 4411 4410
f 4412 4411 4413
f 4410 4409 4413
f 4412 4414 3784
f 4414 3385 3784
f 4415 4414 4412
f 4412 4413 4415
f 3385 4414 4416
f 3383 3385 4416
f 4416 3387 3383
f 4414 4415 4417
f 4414 4417 4416
f 4416 4418 3387
f 3404 3387 4418
f 3462 3404 4418
f 4419 4416 4417
f 4418 4416 4419
f 4417 4420 4419
f 4419 4420 4418
f 4420 4417 4421
f 4418 4420 4421
f 4421 4417 4415
f 4418 4422 3462
f 3462 4422 3478
f 4422 4418 4423
f 3478 4422 4424
f 4423 4424 4422
f 3478 4424 4408
f 4423 4418 4425
f 4425 4424 4423
f 4425 4418 4421
f 4408 4424 4426
f 4424 4425 4426
f 4409 4408 4426
f 4421 4427 4425
f 4425 4427 4426
f 4426 4428 4409
f 4427 4428 4426
f 4413 4409 4428
f 4429 4427 4421
f 4429 4428 4427
f 4429 4421 4415
f 4429 4415 4413
f 4428 4429 4430
f 4430 4413 4428
f 4430 4429 4413
f 4431 3899 3906
f 3899 4431 3896
f 4431 3906 4052
f 4432 3896 4431
f 3892 3896 4432
f 3892 4432 3889
f 4433 4431 4052
f 4433 4432 4431
f 4066 4433 4052
f 4434 3889 4432
f 3881 3889 4434
f 4435 4432 4433
f 4434 4432 4435
f 3881 4434 3880
f 4433 4436 4435
f 4433 4066 4436
f 4434 4435 4437
f 4435 4436 4437
f 4434 4438 3880
f 4434 4437 4438
f 4066 4439 4436
f 4437 4436 4439
f 4437 4440 4438
f 4440 4437 4439
f 3880 4438 4441
f 4441 4438 4440
f 4439 4066 4442
f 4442 4066 4065
f 4065 4068 4442
f 4439 4443 4440
f 4443 4439 4442
f 4440 4443 4441
f 4442 4068 4444
f 4444 4443 4442
f 4072 4444 4068
f 4443 4444 4445
f 4444 4072 4445
f 4443 4445 4441
f 3866 4445 4072
f 4446 3880 4441
f 4441 4445 4446
f 3880 4446 3868
f 4445 3866 4447
f 4445 4447 4446
f 4447 3866 3868
f 4446 4447 3868
f 4236 4234 4448
f 4340 4236 4448
f 4448 4234 4129
f 4340 4448 4449
f 4340 4449 4341
f 4344 4341 4449
f 4448 4129 4450
f 4451 4344 4449
f 4449 4448 4452
f 4448 4450 4452
f 4449 4452 4451
f 4450 4129 4453
f 4450 4453 4452
f 4129 3979 4453
f 4451 4454 4344
f 4454 4346 4344
f 4453 3979 4455
f 3979 3975 4455
f 4456 4452 4453
f 4456 4453 4455
f 4451 4452 4457
f 4452 4456 4457
f 4451 4457 4454
f 4458 4456 4455
f 4456 4458 4457
f 4459 4455 3975
f 4458 4455 4459
f 3972 4459 3975
f 4457 4458 4460
f 4459 3972 4461
f 4459 4462 4458
f 4459 4461 4462
f 4462 4460 4458
f 4463 4461 3972
f 3968 4463 3972
f 4461 4464 4462
f 4463 4464 4461
f 3968 4465 4463
f 4465 4464 4463
f 3968 3967 4465
f 4464 4466 4462
f 4460 4462 4466
f 4464 4465 4467
f 4467 4466 4464
f 4468 4465 3967
f 3958 4468 3967
f 3955 4468 3958
f 4465 4469 4467
f 4469 4465 4468
f 4470 4468 3955
f 4468 4470 4469
f 4470 3955 3948
f 4469 4471 4467
f 4471 4466 4467
f 4472 4469 4470
f 4471 4469 4472
f 4473 4470 3948
f 4473 4472 4470
f 3948 3947 4473
f 4474 4471 4472
f 3947 4475 4473
f 4476 4471 4474
f 4476 4466 4471
f 4472 4473 4477
f 4475 4477 4473
f 4472 4478 4474
f 4472 4477 4478
f 3947 4479 4475
f 3947 3943 4479
f 4479 3943 4480
f 4480 3943 3938
f 4480 4481 4479
f 4475 4479 4481
f 3938 4482 4480
f 4480 4482 4481
f 3938 4483 4482
f 3937 4483 3938
f 4482 4484 4481
f 4483 4484 4482
f 4485 4475 4481
f 4486 4481 4484
f 4485 4481 4486
f 4487 4484 4483
f 4488 4475 4485
f 4488 4477 4475
f 4489 4487 4483
f 4483 3937 4489
f 4477 4488 4490
f 4477 4490 4478
f 4491 4488 4485
f 4486 4491 4485
f 4492 4490 4488
f 4478 4490 4493
f 4492 4493 4490
f 4493 4474 4478
f 4488 4494 4492
f 4494 4488 4491
f 4492 4495 4493
f 4492 4494 4495
f 4474 4493 4496
f 4474 4496 4476
f 4493 4495 4497
f 4497 4496 4493
f 4491 4498 4494
f 4496 4497 4499
f 4498 4491 4500
f 4491 4486 4500
f 4501 4499 4497
f 4501 4497 4495
f 4499 4502 4496
f 4501 4502 4499
f 4476 4496 4503
f 4496 4502 4503
f 4503 4504 4476
f 4466 4476 4504
f 4502 4505 4503
f 4504 4506 4466
f 4506 4460 4466
f 4506 4457 4460
f 4507 4457 4506
f 4504 4507 4506
f 4454 4457 4507
f 4504 4503 4508
f 4504 4508 4507
f 4503 4505 4508
f 4509 4454 4507
f 4508 4509 4507
f 4346 4454 4509
f 4510 4509 4508
f 4510 4508 4505
f 4511 4346 4509
f 4511 4509 4510
f 4346 4511 4350
f 4350 4511 4510
f 4510 4505 4350
f 4350 4505 4354
f 4354 4505 4502
f 4354 4502 4512
f 4512 4502 4501
f 4354 4512 4513
f 4353 4354 4513
f 4512 4501 4514
f 4501 4495 4514
f 4513 4515 4353
f 4360 4353 4515
f 4516 4513 4512
f 4516 4512 4514
f 4513 4517 4515
f 4516 4517 4513
f 4360 4515 4518
f 4517 4518 4515
f 4519 4360 4518
f 4517 4520 4518
f 4519 4518 4520
f 4360 4519 4521
f 4356 4360 4521
f 4359 4356 4521
f 4522 4521 4519
f 4359 4521 4522
f 4519 4523 4522
f 4523 4519 4520
f 4359 4522 4524
f 4359 4524 4362
f 4523 4525 4522
f 4522 4525 4524
f 4525 4523 4526
f 4526 4523 4520
f 4525 4527 4524
f 4527 4525 4526
f 4528 4362 4524
f 4364 4362 4528
f 4527 4529 4524
f 4528 4524 4529
f 4530 4364 4528
f 4367 4364 4530
f 4531 4528 4529
f 4530 4528 4531
f 4367 4530 4532
f 4532 4372 4367
f 4533 4530 4531
f 4533 4532 4530
f 4529 4534 4531
f 4534 4533 4531
f 4535 4372 4532
f 4535 4375 4372
f 4533 4536 4532
f 4537 4535 4532
f 4532 4536 4537
f 4538 4535 4537
f 4535 4538 4375
f 4539 4537 4536
f 4538 4537 4539
f 4533 4540 4536
f 4534 4540 4533
f 4539 4536 4541
f 4536 4540 4542
f 4536 4542 4541
f 4540 4534 4543
f 4544 4539 4541
f 4545 4540 4543
f 4542 4540 4545
f 4539 4544 4546
f 4546 4538 4539
f 4541 4547 4544
f 4541 4542 4547
f 4548 4538 4546
f 4548 4375 4538
f 4544 4549 4546
f 4548 4550 4375
f 4550 4373 4375
f 4373 4550 4377
f 4548 4546 4551
f 4546 4549 4551
f 4550 4548 4552
f 4377 4550 4552
f 4551 4553 4548
f 4553 4552 4548
f 4377 4552 4554
f 4554 4552 4553
f 4555 4377 4554
f 4379 4377 4555
f 4382 4379 4555
f 4556 4555 4554
f 4382 4555 4557
f 4557 4555 4556
f 4556 4554 4558
f 4554 4553 4558
f 4557 4556 4559
f 4559 4556 4558
f 4557 4560 4382
f 4380 4382 4560
f 4384 4380 4560
f 4561 4560 4557
f 4561 4557 4559
f 4562 4384 4560
f 4562 4560 4561
f 4563 4384 4562
f 4562 4561 4564
f 4564 4563 4562
f 4565 4384 4563
f 4565 4385 4384
f 4563 4564 4566
f 4567 4385 4565
f 4567 4388 4385
f 4568 4565 4563
f 4568 4563 4566
f 4569 4567 4565
f 4565 4568 4569
f 4570 4388 4567
f 4569 4570 4567
f 4393 4388 4570
f 4393 4570 4571
f 4571 4570 4569
f 4571 4402 4393
f 4572 4569 4568
f 4571 4569 4572
f 4573 4572 4568
f 4566 4573 4568
f 4572 4574 4571
f 4571 4575 4402
f 4574 4575 4571
f 4576 4402 4575
f 4576 3523 4402
f 4576 3526 3523
f 4577 4576 4575
f 4577 4575 4574
f 4576 4578 3526
f 4576 4577 4578
f 3528 3526 4578
f 4574 4572 4579
f 4579 4572 4573
f 4577 4574 4580
f 4580 4574 4579
f 4577 4581 4578
f 4581 4577 4580
f 4582 3528 4578
f 3528 4582 3530
f 4578 4581 4583
f 4583 4582 4578
f 4584 4581 4580
f 4584 4583 4581
f 3530 4582 4585
f 4586 4582 4583
f 4585 4582 4586
f 4587 4583 4584
f 4586 4583 4587
f 4588 3530 4585
f 3530 4588 3531
f 3534 3531 4588
f 4585 4586 4589
f 4585 4589 4588
f 4590 3534 4588
f 4589 4586 4591
f 4587 4591 4586
f 4590 4592 3534
f 4592 3532 3534
f 3532 4592 3536
f 4590 4588 4593
f 4588 4589 4593
f 4592 4590 4594
f 4594 4590 4593
f 4595 3536 4592
f 4596 4592 4594
f 4595 4592 4596
f 4597 3536 4595
f 3537 3536 4597
f 4595 4596 4598
f 4597 4599 3537
f 4599 3542 3537
f 4597 4595 4600
f 4600 4595 4598
f 4601 4599 4597
f 4601 4597 4600
f 4602 3542 4599
f 4603 4599 4601
f 4602 4599 4603
f 3542 4602 4604
f 4604 3541 3542
f 4605 4602 4603
f 4602 4605 4604
f 4603 4601 4606
f 4604 4607 3541
f 4607 3544 3541
f 3546 3544 4607
f 4608 4603 4606
f 4603 4608 4605
f 4601 4609 4606
f 4609 4601 4600
f 4610 4608 4606
f 4606 4609 4610
f 4611 4609 4600
f 4611 4612 4609
f 4610 4609 4612
f 4611 4600 4613
f 4612 4611 4613
f 4613 4600 4598
f 4612 4614 4610
f 4598 4615 4613
f 4616 4612 4613
f 4614 4612 4616
f 4617 4615 4598
f 4596 4617 4598
f 4617 4596 4594
f 4618 4613 4615
f 4615 4617 4618
f 4613 4618 4616
f 4617 4594 4619
f 4618 4617 4619
f 4619 4594 4593
f 4618 4619 4593
f 4620 4616 4618
f 4593 4621 4618
f 4622 4616 4620
f 4616 4622 4614
f 4620 4618 4623
f 4623 4618 4621
f 4621 4593 4624
f 4593 4589 4624
f 4625 4623 4621
f 4621 4624 4625
f 4620 4623 4626
f 4626 4623 4625
f 4624 4589 4627
f 4589 4591 4627
f 4628 4624 4627
f 4624 4628 4625
f 4629 4627 4591
f 4628 4627 4629
f 4629 4591 4630
f 4630 4591 4587
f 4628 4629 4631
f 4632 4629 4630
f 4631 4629 4632
f 4630 4587 4633
f 4631 4634 4628
f 4635 4630 4633
f 4632 4630 4635
f 4587 4636 4633
f 4587 4584 4636
f 4637 4635 4633
f 4584 4638 4636
f 4584 4580 4638
f 4633 4636 4639
f 4637 4633 4639
f 4636 4638 4640
f 4639 4636 4640
f 4638 4580 4641
f 4641 4640 4638
f 4579 4641 4580
f 4640 4642 4639
f 4641 4579 4643
f 4643 4579 4573
f 4641 4644 4640
f 4643 4644 4641
f 4640 4644 4642
f 4643 4573 4645
f 4645 4644 4643
f 4645 4573 4646
f 4573 4566 4646
f 4647 4644 4645
f 4642 4644 4647
f 4646 4566 4648
f 4564 4648 4566
f 4648 4564 4561
f 4645 4646 4649
f 4649 4646 4648
f 4647 4645 4650
f 4645 4649 4650
f 4651 4648 4561
f 4649 4648 4651
f 4651 4561 4652
f 4559 4652 4561
f 4653 4649 4651
f 4650 4649 4653
f 4652 4559 4654
f 4653 4655 4650
f 4656 4651 4652
f 4656 4652 4654
f 4657 4653 4651
f 4655 4653 4657
f 4658 4651 4656
f 4657 4651 4658
f 4656 4654 4659
f 4658 4656 4659
f 4654 4559 4660
f 4559 4558 4660
f 4654 4660 4661
f 4659 4654 4661
f 4662 4660 4558
f 4558 4553 4662
f 4663 4661 4660
f 4662 4663 4660
f 4662 4553 4664
f 4553 4551 4664
f 4549 4664 4551
f 4665 4662 4664
f 4663 4662 4665
f 4549 4666 4664
f 4665 4664 4666
f 4663 4665 4667
f 4666 4549 4668
f 4669 4663 4667
f 4669 4661 4663
f 4670 4667 4665
f 4665 4666 4670
f 4669 4671 4661
f 4659 4661 4671
f 4669 4667 4672
f 4672 4667 4670
f 4673 4671 4669
f 4659 4671 4673
f 4674 4669 4672
f 4673 4669 4674
f 4675 4659 4673
f 4659 4675 4658
f 4673 4674 4676
f 4677 4658 4675
f 4657 4658 4677
f 4673 4678 4675
f 4673 4676 4678
f 4678 4679 4675
f 4679 4677 4675
f 4680 4678 4676
f 4679 4678 4680
f 4681 4657 4677
f 4681 4655 4657
f 4682 4677 4679
f 4681 4677 4682
f 4683 4679 4680
f 4682 4679 4683
f 4655 4681 4684
f 4655 4684 4650
f 4685 4681 4682
f 4686 4650 4684
f 4650 4686 4647
f 4642 4647 4686
f 4684 4681 4687
f 4685 4687 4681
f 4642 4686 4688
f 4689 4687 4685
f 4688 4690 4642
f 4690 4639 4642
f 4637 4639 4690
f 4688 4686 4691
f 4691 4690 4688
f 4691 4686 4684
f 4684 4687 4692
f 4692 4691 4684
f 4689 4692 4687
f 4693 4691 4692
f 4693 4692 4689
f 4694 4690 4691
f 4693 4694 4691
f 4637 4690 4695
f 4690 4694 4695
f 4696 4637 4695
f 4696 4635 4637
f 4697 4695 4694
f 4698 4635 4696
f 4698 4632 4635
f 4695 4699 4696
f 4699 4695 4697
f 4698 4696 4700
f 4700 4696 4699
f 4701 4632 4698
f 4698 4700 4701
f 4632 4701 4702
f 4631 4632 4702
f 4700 4703 4701
f 4699 4703 4700
f 4702 4701 4704
f 4704 4701 4703
f 4705 4631 4702
f 4634 4631 4705
f 4702 4704 4706
f 4705 4702 4706
f 4704 4703 4707
f 4706 4704 4707
f 4708 4703 4699
f 4707 4703 4708
f 4708 4699 4709
f 4697 4709 4699
f 4707 4708 4710
f 4711 4709 4697
f 4711 4697 4694
f 4708 4709 4712
f 4694 4713 4711
f 4694 4693 4713
f 4711 4714 4709
f 4712 4709 4714
f 4713 4715 4711
f 4714 4711 4715
f 4693 4716 4713
f 4693 4689 4716
f 4717 4713 4716
f 4715 4713 4717
f 4718 4716 4689
f 4719 4717 4716
f 4719 4716 4718
f 4720 4715 4717
f 4719 4721 4717
f 4717 4721 4720
f 4719 4718 4722
f 4721 4719 4722
f 4689 4723 4718
f 4685 4723 4689
f 4723 4685 4682
f 4718 4723 4724
f 4722 4718 4724
f 4725 4723 4682
f 4724 4723 4725
f 4683 4725 4682
f 4724 4725 4726
f 4725 4683 4727
f 4727 4726 4725
f 4728 4724 4726
f 4722 4724 4728
f 4727 4729 4726
f 4728 4726 4729
f 4730 4727 4683
f 4680 4730 4683
f 4729 4727 4731
f 4731 4727 4730
f 4728 4729 4732
f 4729 4731 4733
f 4732 4729 4733
f 4734 4722 4728
f 4734 4728 4732
f 4735 4722 4734
f 4722 4735 4721
f 4734 4732 4736
f 4721 4735 4737
f 4737 4735 4734
f 4736 4732 4738
f 4738 4732 4733
f 4739 4734 4736
f 4734 4739 4737
f 4736 4738 4740
f 4740 4739 4736
f 4733 4741 4738
f 4738 4742 4740
f 4741 4742 4738
f 4733 4743 4741
f 4733 4731 4743
f 4744 4742 4741
f 4745 4743 4731
f 4745 4731 4730
f 4743 4746 4741
f 4741 4746 4744
f 4743 4745 4747
f 4743 4747 4746
f 4730 4748 4745
f 4748 4730 4680
f 4745 4749 4747
f 4748 4680 4750
f 4680 4676 4750
f 4745 4748 4751
f 4750 4751 4748
f 4745 4751 4749
f 4750 4676 4752
f 4676 4674 4752
f 4750 4752 4753
f 4753 4751 4750
f 4674 4754 4752
f 4754 4753 4752
f 4754 4674 4672
f 4753 4755 4751
f 4672 4756 4754
f 4672 4670 4756
f 4757 4753 4754
f 4755 4753 4757
f 4756 4758 4754
f 4759 4751 4755
f 4749 4751 4759
f 4757 4754 4760
f 4758 4760 4754
f 4761 4755 4757
f 4761 4757 4760
f 4755 4762 4759
f 4762 4755 4761
f 4763 4749 4759
f 4747 4749 4763
f 4746 4747 4763
f 4762 4764 4759
f 4763 4759 4764
f 4765 4746 4763
f 4744 4746 4765
f 4764 4766 4763
f 4765 4763 4766
f 4764 4762 4767
f 4766 4764 4767
f 4762 4761 4768
f 4767 4762 4768
f 4768 4761 4769
f 4760 4769 4761
f 4770 4767 4768
f 4768 4769 4771
f 4768 4771 4770
f 4772 4769 4760
f 4773 4771 4769
f 4769 4772 4773
f 4771 4774 4770
f 4772 4760 4775
f 4758 4775 4760
f 4774 4771 4776
f 4771 4773 4776
f 4775 4758 4777
f 4756 4777 4758
f 4775 4778 4772
f 4756 4779 4777
f 4756 4670 4779
f 4780 4775 4777
f 4775 4780 4778
f 4670 4781 4779
f 4670 4666 4781
f 4781 4666 4668
f 4777 4779 4782
f 4782 4779 4781
f 4781 4668 4782
f 4782 4780 4777
f 4782 4668 4783
f 4668 4549 4783
f 4544 4783 4549
f 4544 4547 4783
f 4780 4782 4784
f 4782 4783 4785
f 4785 4784 4782
f 4547 4786 4783
f 4785 4783 4786
f 4784 4787 4780
f 4778 4780 4787
f 4788 4784 4785
f 4787 4789 4778
f 4772 4778 4789
f 4789 4773 4772
f 4790 4787 4784
f 4788 4790 4784
f 4791 4789 4787
f 4787 4790 4791
f 4773 4789 4792
f 4792 4789 4791
f 4773 4792 4793
f 4776 4773 4793
f 4794 4792 4791
f 4795 4776 4793
f 4791 4796 4794
f 4790 4796 4791
f 4793 4792 4797
f 4792 4794 4797
f 4793 4798 4795
f 4798 4793 4797
f 4776 4795 4799
f 4799 4774 4776
f 4798 4800 4795
f 4799 4795 4800
f 4798 4797 4801
f 4802 4774 4799
f 4801 4797 4803
f 4797 4794 4803
f 4804 4798 4801
f 4804 4800 4798
f 4805 4801 4803
f 4804 4801 4805
f 4794 4806 4803
f 4805 4803 4806
f 4794 4796 4806
f 4805 4807 4804
f 4796 4808 4806
f 4796 4790 4808
f 4805 4806 4809
f 4807 4805 4809
f 4810 4808 4790
f 4810 4790 4788
f 4806 4808 4811
f 4812 4810 4788
f 4788 4785 4812
f 4785 4786 4812
f 4808 4810 4813
f 4808 4813 4811
f 4814 4810 4812
f 4812 4786 4815
f 4814 4812 4815
f 4810 4814 4816
f 4813 4810 4816
f 4815 4817 4814
f 4814 4817 4816
f 4818 4815 4786
f 4786 4547 4818
f 4547 4542 4818
f 4818 4819 4815
f 4815 4819 4817
f 4818 4542 4820
f 4819 4818 4820
f 4820 4542 4545
f 4821 4817 4819
f 4822 4820 4545
f 4819 4820 4823
f 4820 4822 4823
f 4823 4824 4819
f 4821 4819 4824
f 4823 4822 4825
f 4825 4824 4823
f 4545 4826 4822
f 4545 4543 4826
f 4822 4826 4827
f 4822 4827 4825
f 4543 4828 4826
f 4826 4828 4827
f 4828 4543 4534
f 4829 4828 4534
f 4529 4829 4534
f 4527 4829 4529
f 4830 4828 4829
f 4829 4527 4830
f 4828 4830 4827
f 4526 4830 4527
f 4830 4831 4827
f 4830 4526 4831
f 4827 4831 4832
f 4832 4825 4827
f 4831 4526 4833
f 4833 4832 4831
f 4832 4834 4825
f 4834 4832 4833
f 4526 4835 4833
f 4526 4520 4835
f 4825 4834 4836
f 4824 4825 4836
f 4837 4835 4520
f 4837 4520 4517
f 4836 4838 4824
f 4824 4838 4821
f 4839 4837 4517
f 4516 4839 4517
f 4840 4835 4837
f 4837 4839 4840
f 4516 4841 4839
f 4516 4514 4841
f 4840 4842 4835
f 4833 4835 4842
f 4843 4840 4839
f 4833 4842 4844
f 4834 4833 4844
f 4842 4840 4845
f 4845 4840 4843
f 4844 4842 4846
f 4845 4846 4842
f 4844 4847 4834
f 4846 4845 4848
f 4847 4844 4849
f 4844 4846 4849
f 4850 4834 4847
f 4836 4834 4850
f 4847 4851 4850
f 4847 4849 4851
f 4836 4850 4852
f 4852 4838 4836
f 4850 4851 4853
f 4852 4850 4853
f 4854 4838 4852
f 4838 4854 4821
f 4852 4853 4855
f 4854 4852 4855
f 4854 4856 4821
f 4817 4821 4856
f 4816 4817 4856
f 4857 4856 4854
f 4855 4857 4854
f 4858 4816 4856
f 4856 4857 4858
f 4813 4816 4858
f 4813 4858 4859
f 4813 4859 4811
f 4859 4858 4860
f 4857 4860 4858
f 4811 4859 4861
f 4861 4859 4860
f 4860 4857 4862
f 4861 4863 4811
f 4863 4806 4811
f 4863 4809 4806
f 4861 4860 4864
f 4860 4862 4864
f 4863 4861 4865
f 4862 4857 4866
f 4857 4855 4866
f 4865 4867 4863
f 4863 4867 4809
f 4861 4868 4865
f 4864 4868 4861
f 4865 4869 4867
f 4867 4870 4809
f 4870 4867 4869
f 4809 4870 4871
f 4809 4871 4807
f 4870 4872 4871
f 4869 4872 4870
f 4807 4871 4873
f 4872 4873 4871
f 4869 4865 4874
f 4865 4868 4874
f 4869 4874 4875
f 4874 4868 4876
f 4874 4876 4875
f 4876 4868 4877
f 4868 4864 4877
f 4878 4875 4876
f 4876 4877 4878
f 4864 4879 4877
f 4864 4862 4879
f 4862 4866 4879
f 4877 4879 4880
f 4877 4880 4878
f 4879 4866 4881
f 4879 4881 4880
f 4866 4882 4881
f 4883 4880 4881
f 4882 4883 4881
f 4878 4880 4884
f 4884 4880 4883
f 4866 4885 4882
f 4855 4885 4866
f 4855 4886 4885
f 4885 4886 4882
f 4853 4886 4855
f 4886 4853 4887
f 4853 4851 4887
f 4888 4882 4886
f 4888 4886 4887
f 4887 4851 4889
f 4851 4849 4889
f 4887 4890 4888
f 4890 4887 4889
f 4882 4888 4891
f 4882 4891 4883
f 4892 4888 4890
f 4892 4891 4888
f 4893 4891 4892
f 4892 4890 4893
f 4883 4891 4894
f 4891 4893 4894
f 4883 4894 4895
f 4883 4895 4884
f 4893 4896 4894
f 4895 4894 4897
f 4893 4898 4896
f 4893 4890 4898
f 4894 4896 4899
f 4897 4894 4899
f 4899 4896 4900
f 4896 4898 4900
f 4901 4895 4897
f 4901 4902 4895
f 4895 4902 4884
f 4901 4897 4903
f 4901 4903 4902
f 4899 4904 4897
f 4904 4903 4897
f 4905 4904 4899
f 4903 4904 4906
f 4906 4904 4905
f 4907 4902 4903
f 4903 4906 4908
f 4907 4903 4908
f 4902 4909 4884
f 4909 4902 4907
f 4910 4884 4909
f 4910 4878 4884
f 4875 4878 4910
f 4911 4910 4909
f 4910 4911 4875
f 4909 4907 4912
f 4911 4913 4875
f 4875 4913 4869
f 4872 4869 4913
f 4911 4909 4914
f 4912 4914 4909
f 4913 4911 4915
f 4912 4907 4916
f 4907 4908 4916
f 4917 4914 4912
f 4912 4916 4917
f 4918 4911 4914
f 4918 4915 4911
f 4919 4914 4917
f 4919 4918 4914
f 4916 4920 4917
f 4919 4917 4921
f 4920 4921 4917
f 4920 4916 4922
f 4908 4922 4916
f 4921 4920 4923
f 4920 4922 4923
f 4919 4921 4924
f 4921 4923 4924
f 4922 4908 4925
f 4923 4922 4925
f 4926 4925 4908
f 4926 4908 4906
f 4927 4923 4925
f 4906 4928 4926
f 4905 4928 4906
f 4927 4929 4923
f 4924 4923 4929
f 4925 4930 4927
f 4925 4926 4931
f 4925 4931 4930
f 4931 4926 4932
f 4926 4928 4932
f 4927 4930 4933
f 4929 4927 4933
f 4934 4930 4931
f 4935 4933 4930
f 4930 4934 4935
f 4931 4936 4934
f 4936 4931 4932
f 4934 4937 4935
f 4936 4938 4934
f 4937 4934 4938
f 4936 4932 4939
f 4936 4940 4938
f 4940 4936 4939
f 4932 4941 4939
f 4941 4932 4928
f 4942 4940 4939
f 4940 4942 4938
f 4939 4941 4943
f 4939 4943 4942
f 4944 4941 4928
f 4943 4941 4944
f 4928 4945 4944
f 4945 4928 4905
f 4945 4946 4944
f 4905 4947 4945
f 4945 4947 4946
f 4948 4947 4905
f 4905 4899 4948
f 4899 4900 4948
f 4949 4944 4946
f 4949 4943 4944
f 4950 4948 4900
f 4900 4898 4950
f 4951 4947 4948
f 4951 4948 4950
f 4946 4947 4952
f 4947 4951 4952
f 4946 4953 4949
f 4953 4946 4952
f 4953 4954 4949
f 4953 4952 4955
f 4954 4956 4949
f 4943 4949 4956
f 4953 4957 4954
f 4955 4957 4953
f 4952 4958 4955
f 4951 4958 4952
f 4959 4957 4955
f 4958 4959 4955
f 4958 4951 4960
f 4950 4960 4951
f 4958 4961 4959
f 4958 4960 4962
f 4961 4958 4962
f 4950 4963 4960
f 4959 4961 4964
f 4963 4950 4965
f 4898 4965 4950
f 4959 4964 4966
f 4957 4959 4966
f 4961 4967 4964
f 4961 4962 4967
f 4957 4966 4968
f 4954 4957 4968
f 4966 4964 4969
f 4968 4966 4969
f 4954 4968 4970
f 4956 4954 4970
f 4969 4971 4968
f 4970 4968 4971
f 4972 4969 4964
f 4972 4964 4967
f 4969 4973 4971
f 4973 4969 4972
f 4970 4971 4974
f 4975 4971 4973
f 4971 4975 4974
f 4970 4976 4956
f 4976 4970 4974
f 4977 4956 4976
f 4943 4956 4977
f 4977 4978 4943
f 4942 4943 4978
f 4978 4977 4979
f 4979 4977 4976
f 4942 4978 4980
f 4979 4980 4978
f 4979 4976 4981
f 4982 4942 4980
f 4981 4983 4979
f 4980 4979 4983
f 4984 4942 4982
f 4938 4942 4984
f 4982 4980 4985
f 4986 4938 4984
f 4938 4986 4937
f 4984 4982 4987
f 4987 4982 4985
f 4986 4984 4988
f 4984 4987 4988
f 4985 4980 4989
f 4980 4983 4989
f 4987 4985 4990
f 4989 4991 4985
f 4985 4991 4990
f 4988 4987 4992
f 4990 4992 4987
f 4989 4993 4991
f 4990 4991 4994
f 4994 4991 4993
f 4995 4992 4990
f 4990 4994 4995
f 4989 4996 4993
f 4996 4989 4983
f 4995 4994 4997
f 4983 4998 4996
f 4994 4993 4999
f 4994 4999 4997
f 4983 5000 4998
f 4983 4981 5000
f 4996 4998 5001
f 4981 5002 5000
f 4996 5001 5003
f 4993 4996 5003
f 5000 5004 4998
f 5002 5004 5000
f 4998 5005 5001
f 5004 5005 4998
f 5001 5006 5003
f 5005 5006 5001
f 4993 5003 5007
f 4993 5007 4999
f 5008 5007 5003
f 5003 5006 5008
f 5009 4999 5007
f 5008 5009 5007
f 4999 5009 5010
f 4999 5010 5011
f 4997 4999 5011
f 5010 5009 5012
f 5010 5012 5011
f 5009 5008 5013
f 5009 5013 5012
f 5006 5014 5008
f 5008 5015 5013
f 5014 5015 5008
f 5013 5016 5012
f 5006 5017 5014
f 5005 5017 5006
f 5013 5018 5016
f 5015 5018 5013
f 5017 5005 5019
f 5004 5019 5005
f 5015 5020 5018
f 5004 5021 5019
f 5002 5021 5004
f 5015 5022 5020
f 5015 5014 5022
f 5002 5023 5021
f 4981 5023 5002
f 4976 5023 4981
f 4976 4974 5023
f 4974 5024 5023
f 5024 4974 4975
f 5021 5023 5025
f 5023 5024 5025
f 5021 5026 5019
f 5021 5025 5026
f 5026 5017 5019
f 5024 5027 5025
f 5017 5026 5028
f 5027 5024 5029
f 5024 4975 5029
f 5025 5030 5026
f 5025 5027 5030
f 5031 5029 4975
f 4975 4973 5031
f 5029 5032 5027
f 5029 5031 5032
f 5027 5033 5030
f 5032 5033 5027
f 5026 5030 5034
f 5026 5034 5028
f 5030 5033 5035
f 5030 5035 5034
f 5033 5032 5036
f 5037 5035 5033
f 5036 5037 5033
f 5035 5038 5034
f 5038 5035 5037
f 5032 5039 5036
f 5034 5038 5040
f 5032 5041 5039
f 5041 5032 5031
f 5036 5039 5042
f 5042 5037 5036
f 5041 5043 5039
f 5039 5043 5042
f 5031 5044 5041
f 5045 5043 5041
f 5045 5041 5044
f 5044 5031 5046
f 4973 5046 5031
f 4972 5046 4973
f 5047 5044 5046
f 4972 5047 5046
f 5044 5048 5045
f 5044 5047 5048
f 5047 4972 5049
f 5049 4972 4967
f 5049 5050 5047
f 5048 5047 5050
f 5049 4967 5051
f 5051 5050 5049
f 5051 4967 4962
f 5050 5052 5048
f 4962 5053 5051
f 4960 5053 4962
f 5051 5054 5050
f 5050 5054 5052
f 4960 4963 5053
f 5051 5055 5054
f 5053 5055 5051
f 5056 5052 5054
f 5055 5056 5054
f 5053 5057 5055
f 4963 5057 5053
f 5058 5055 5057
f 5058 5056 5055
f 5057 4963 5059
f 5057 5059 5058
f 4963 5060 5059
f 4963 4965 5060
f 5059 5061 5058
f 5058 5061 5056
f 5059 5060 5062
f 5061 5059 5063
f 5062 5063 5059
f 5060 5064 5062
f 5064 5060 5065
f 5060 4965 5065
f 5064 5066 5062
f 5065 5066 5064
f 5062 5067 5063
f 5066 5067 5062
f 5068 5065 4965
f 4898 5068 4965
f 5069 5066 5065
f 5068 5069 5065
f 5070 5067 5066
f 5069 5070 5066
f 5071 5069 5068
f 5067 5070 5072
f 5071 5073 5069
f 5073 5070 5069
f 5068 5074 5071
f 5068 4898 5074
f 5075 5073 5071
f 5074 5075 5071
f 5074 4898 5076
f 4890 5076 4898
f 5076 4890 5074
f 4889 5074 4890
f 4889 5077 5074
f 5077 5075 5074
f 5077 4889 4849
f 5075 5077 4849
f 4846 5075 4849
f 4846 4848 5075
f 5075 4848 5073
f 4848 4845 5073
f 5078 5073 4845
f 5070 5073 5078
f 4843 5078 4845
f 5070 5078 5079
f 5072 5070 5079
f 5080 5078 4843
f 5078 5080 5079
f 5080 4843 4839
f 4839 4841 5080
f 5080 4841 5081
f 5081 5079 5080
f 5081 4841 4514
f 5081 4514 5082
f 5081 5082 5079
f 4514 4495 5082
f 5082 5083 5079
f 4495 5083 5082
f 5083 5072 5079
f 4494 5083 4495
f 5083 4494 4498
f 5072 5083 5084
f 5084 5067 5072
f 5063 5067 5084
f 5083 4498 5085
f 5084 5083 5085
f 4500 5085 4498
f 5084 5086 5063
f 5063 5086 5061
f 5084 5085 5087
f 5084 5087 5086
f 5088 5085 4500
f 5087 5085 5088
f 5086 5087 5089
f 5087 5088 5089
f 5086 5089 5061
f 4500 5090 5088
f 4500 4486 5090
f 4484 5090 4486
f 5090 4484 4487
f 5089 5088 5091
f 5088 5090 5091
f 5091 5092 5089
f 5061 5089 5092
f 5091 5090 5093
f 4487 5093 5090
f 5092 5091 5093
f 5092 5094 5061
f 5056 5061 5094
f 5094 5092 5095
f 5092 5093 5095
f 5056 5094 5096
f 5096 5094 5095
f 5096 5052 5056
f 5093 4487 5097
f 4487 4489 5097
f 5052 5096 5098
f 5052 5098 5048
f 5099 5097 4489
f 4489 3937 5099
f 5100 5093 5097
f 5097 5099 5100
f 5093 5100 5095
f 5095 5101 5096
f 5100 5101 5095
f 5096 5101 5098
f 5101 5100 5102
f 5098 5101 5102
f 5100 5099 5103
f 5102 5100 5103
f 5099 3937 5104
f 5103 5099 5104
f 3937 3936 5104
f 5098 5102 5105
f 5105 5048 5098
f 5048 5105 5045
f 5043 5045 5105
f 5106 5105 5102
f 5043 5105 5106
f 5102 5103 5106
f 5043 5106 5107
f 5043 5107 5042
f 5106 5103 5108
f 5106 5108 5107
f 5108 5103 5104
f 5107 5109 5042
f 5109 5107 5108
f 5042 5109 5110
f 5037 5042 5110
f 5104 5111 5108
f 5112 5037 5110
f 5037 5112 5038
f 5111 5104 5113
f 5104 3936 5113
f 5113 3936 3932
f 5111 5114 5108
f 5109 5108 5114
f 5113 5115 5111
f 3932 5115 5113
f 5115 5114 5111
f 5116 5115 3932
f 3929 5116 3932
f 3929 3925 5116
f 5116 3925 5117
f 5115 5116 5117
f 5117 3925 3922
f 5115 5118 5114
f 5118 5115 5117
f 3922 5119 5117
f 5119 3922 3919
f 5118 5117 5120
f 5120 5117 5119
f 5119 3919 5121
f 5119 5121 5120
f 3918 5121 3919
f 5122 5114 5118
f 5114 5122 5109
f 5118 5123 5122
f 5123 5118 5120
f 5109 5122 5124
f 5124 5122 5123
f 5109 5124 5110
f 5110 5124 5112
f 5120 5125 5123
f 5124 5123 5126
f 5126 5123 5125
f 5112 5124 5127
f 5127 5124 5126
f 5128 5125 5120
f 5128 5120 5121
f 5125 5129 5126
f 5129 5125 5128
f 5126 5130 5127
f 5129 5130 5126
f 5131 5128 5121
f 5131 5121 3918
f 5128 5132 5129
f 5128 5131 5132
f 5131 3918 5133
f 3911 5133 3918
f 5134 5132 5131
f 5133 5134 5131
f 3911 5135 5133
f 3911 3908 5135
f 5133 5135 5136
f 5136 5135 3908
f 5136 5134 5133
f 5136 3908 3904
f 5132 5134 5137
f 5138 5136 3904
f 3904 3901 5138
f 5134 5136 5139
f 5137 5134 5139
f 5140 5139 5136
f 5136 5138 5140
f 5139 5141 5137
f 5141 5139 5140
f 5137 5142 5132
f 5129 5132 5142
f 5143 5137 5141
f 5137 5143 5142
f 5129 5142 5144
f 5130 5129 5144
f 5142 5143 5145
f 5142 5145 5144
f 5130 5144 5146
f 5127 5130 5146
f 5147 5146 5144
f 5147 5144 5145
f 5148 5127 5146
f 5147 5148 5146
f 5148 5149 5127
f 5127 5149 5112
f 5038 5112 5149
f 5040 5038 5149
f 5040 5149 5148
f 5040 5148 5150
f 5034 5040 5150
f 5034 5150 5028
f 5150 5148 5151
f 5151 5148 5147
f 5028 5150 5152
f 5028 5152 5017
f 5017 5152 5014
f 5014 5152 5022
f 5150 5153 5152
f 5153 5022 5152
f 5153 5150 5151
f 5022 5153 5154
f 5153 5151 5154
f 5151 5147 5154
f 5154 5020 5022
f 5155 5154 5147
f 5020 5154 5156
f 5156 5154 5155
f 5156 5018 5020
f 5157 5155 5147
f 5145 5157 5147
f 5155 5158 5156
f 5157 5158 5155
f 5018 5156 5159
f 5016 5018 5159
f 5157 5145 5160
f 5143 5160 5145
f 5161 5016 5159
f 5161 5012 5016
f 5162 5160 5143
f 5162 5143 5141
f 5161 5163 5012
f 5011 5012 5163
f 5164 5162 5141
f 5164 5141 5140
f 5165 5011 5163
f 4997 5011 5165
f 5166 5164 5140
f 5166 5140 5138
f 5164 5167 5162
f 5167 5164 5166
f 5168 5162 5167
f 5160 5162 5168
f 5169 5166 5138
f 3901 5169 5138
f 3898 5169 3901
f 5168 5170 5160
f 5170 5157 5160
f 5158 5157 5170
f 3898 5171 5169
f 3898 3895 5171
f 5166 5169 5172
f 5171 5172 5169
f 5173 5166 5172
f 5166 5173 5167
f 5172 5171 5174
f 3895 5175 5171
f 5175 5174 5171
f 3891 5175 3895
f 5176 5172 5174
f 5172 5176 5173
f 5175 3891 5177
f 3891 3888 5177
f 5174 5175 5178
f 5177 3888 5179
f 5179 3888 3886
f 3886 3885 5179
f 5180 5175 5177
f 5178 5175 5180
f 5177 5179 5181
f 5180 5177 5181
f 5179 3885 5182
f 5179 5182 5181
f 5183 5180 5181
f 5180 5183 5178
f 5181 5182 5184
f 5184 5183 5181
f 5185 5182 3885
f 5185 3885 2236
f 5185 2236 2229
f 5186 5182 5185
f 2229 5187 5185
f 5186 5185 5187
f 2229 2226 5187
f 5188 5182 5186
f 5184 5182 5188
f 5189 5186 5187
f 5186 5189 5188
f 5190 5187 2226
f 5190 5189 5187
f 2226 2223 5190
f 5189 5191 5188
f 5190 2223 5192
f 5190 5193 5189
f 5193 5190 5192
f 5192 2223 5194
f 2220 5194 2223
f 5192 5195 5193
f 5195 5192 5194
f 5189 5193 5196
f 5189 5196 5191
f 5195 5197 5193
f 5196 5193 5197
f 2220 5198 5194
f 2216 5198 2220
f 5199 5194 5198
f 5198 2216 5200
f 5200 5199 5198
f 2216 2212 5200
f 5201 5194 5199
f 5201 5195 5194
f 5202 5200 2212
f 5202 2212 2209
f 5203 5199 5200
f 5203 5201 5199
f 5204 5200 5202
f 5204 5203 5200
f 5205 5202 2209
f 5204 5202 5205
f 5195 5201 5206
f 5206 5197 5195
f 5207 5201 5203
f 5207 5206 5201
f 5208 5203 5204
f 5209 5197 5206
f 5208 5210 5203
f 5210 5207 5203
f 5211 5208 5204
f 5211 5204 5205
f 5212 5210 5208
f 5212 5208 5211
f 5213 5207 5210
f 5213 5210 5212
f 5207 5214 5206
f 5214 5209 5206
f 5215 5207 5213
f 5215 5214 5207
f 5216 5213 5212
f 5216 5215 5213
f 5217 5209 5214
f 5218 5214 5215
f 5217 5214 5218
f 5209 5219 5197
f 5217 5219 5209
f 5197 5219 5196
f 5219 5220 5196
f 5220 5191 5196
f 5219 5217 5221
f 5221 5220 5219
f 5222 5221 5217
f 5221 5223 5220
f 5222 5223 5221
f 5224 5191 5220
f 5224 5220 5223
f 5225 5222 5217
f 5225 5217 5218
f 5191 5224 5226
f 5226 5188 5191
f 5184 5188 5226
f 5225 5218 5227
f 5227 5218 5215
f 5228 5184 5226
f 5228 5183 5184
f 5215 5229 5227
f 5216 5229 5215
f 5226 5230 5228
f 5224 5230 5226
f 5183 5228 5231
f 5224 5232 5230
f 5183 5231 5233
f 5233 5178 5183
f 5232 5224 5234
f 5234 5224 5223
f 5235 5230 5232
f 5235 5232 5234
f 5236 5228 5230
f 5235 5236 5230
f 5231 5228 5237
f 5228 5236 5237
f 5238 5231 5237
f 5233 5231 5238
f 5239 5237 5236
f 5239 5238 5237
f 5240 5236 5235
f 5240 5239 5236
f 5235 5241 5240
f 5235 5234 5241
f 5240 5242 5239
f 5243 5238 5239
f 5239 5242 5243
f 5244 5242 5240
f 5244 5240 5241
f 5238 5243 5245
f 5245 5233 5238
f 5242 5246 5243
f 5247 5245 5243
f 5247 5243 5246
f 5248 5242 5244
f 5248 5246 5242
f 5244 5241 5249
f 5250 5246 5248
f 5251 5244 5249
f 5251 5248 5244
f 5252 5249 5241
f 5251 5249 5252
f 5241 5253 5252
f 5241 5234 5253
f 5254 5251 5252
f 5253 5234 5255
f 5255 5234 5223
f 5256 5252 5253
f 5256 5253 5255
f 5254 5252 5256
f 5223 5257 5255
f 5257 5223 5222
f 5255 5258 5256
f 5257 5222 5259
f 5259 5222 5225
f 5255 5257 5260
f 5255 5260 5258
f 5261 5257 5259
f 5261 5260 5257
f 5262 5259 5225
f 5262 5225 5227
f 5263 5261 5259
f 5263 5259 5262
f 5227 5264 5262
f 5264 5227 5229
f 5265 5263 5262
f 5266 5262 5264
f 5266 5265 5262
f 5229 5267 5264
f 5267 5266 5264
f 5265 5268 5263
f 5261 5263 5268
f 5265 5266 5269
f 5270 5261 5268
f 5260 5261 5270
f 5271 5268 5265
f 5269 5271 5265
f 5272 5268 5271
f 5272 5270 5268
f 5271 5269 5273
f 5274 5272 5271
f 5274 5271 5273
f 5269 5266 5275
f 5269 5275 5273
f 5275 5266 5276
f 5276 5266 5267
f 5273 5275 5277
f 5276 5267 5278
f 5267 5229 5278
f 5275 5276 5279
f 5279 5277 5275
f 5278 5229 5280
f 5229 5216 5280
f 5278 5281 5276
f 5280 5216 5282
f 5282 5216 5212
f 5280 5283 5278
f 5283 5281 5278
f 5284 5280 5282
f 5280 5284 5283
f 5285 5276 5281
f 5279 5276 5285
f 5286 5281 5283
f 5285 5281 5286
f 5283 5284 5287
f 5287 5286 5283
f 5288 5284 5282
f 5287 5284 5288
f 5282 5289 5288
f 5289 5282 5212
f 5288 5290 5287
f 5289 5290 5288
f 5286 5287 5291
f 5212 5292 5289
f 5292 5212 5211
f 5291 5287 5293
f 5293 5287 5290
f 5294 5286 5291
f 5291 5293 5294
f 5295 5286 5294
f 5285 5286 5295
f 5294 5293 5296
f 5297 5285 5295
f 5298 5295 5294
f 5296 5298 5294
f 5297 5295 5299
f 5298 5299 5295
f 5297 5300 5285
f 5300 5279 5285
f 5277 5279 5300
f 5297 5301 5300
f 5301 5297 5299
f 5302 5277 5300
f 5301 5302 5300
f 5301 5299 5303
f 5303 5302 5301
f 5304 5299 5298
f 5303 5299 5305
f 5305 5299 5304
f 5304 5298 5306
f 5296 5306 5298
f 5304 5307 5305
f 5306 5308 5304
f 5304 5308 5307
f 5306 5296 5309
f 5306 5309 5308
f 5310 5303 5305
f 5307 5310 5305
f 5310 5311 5303
f 5311 5302 5303
f 5312 5310 5307
f 5311 5313 5302
f 5310 5314 5311
f 5314 5313 5311
f 5315 5310 5312
f 5315 5314 5310
f 5313 5316 5302
f 5302 5316 5277
f 5317 5277 5316
f 5317 5273 5277
f 5274 5273 5317
f 5318 5317 5316
f 5313 5318 5316
f 5319 5274 5317
f 5318 5319 5317
f 5320 5274 5319
f 5320 5272 5274
f 5319 5318 5321
f 5322 5272 5320
f 5320 5319 5323
f 5322 5320 5323
f 5321 5323 5319
f 5322 5270 5272
f 5324 5321 5318
f 5324 5318 5313
f 5323 5325 5322
f 5324 5313 5326
f 5313 5314 5326
f 5321 5327 5323
f 5327 5325 5323
f 5321 5324 5328
f 5328 5327 5321
f 5325 5329 5322
f 5322 5329 5270
f 5330 5325 5327
f 5329 5325 5330
f 5327 5328 5331
f 5270 5329 5332
f 5331 5333 5327
f 5330 5327 5333
f 5329 5330 5334
f 5329 5334 5332
f 5330 5333 5335
f 5330 5335 5334
f 5270 5332 5336
f 5336 5260 5270
f 5258 5260 5336
f 5336 5256 5258
f 5332 5337 5336
f 5337 5256 5336
f 5334 5337 5332
f 5256 5337 5254
f 5334 5338 5337
f 5337 5338 5254
f 5338 5334 5335
f 5338 5339 5254
f 5335 5340 5338
f 5340 5339 5338
f 5333 5340 5335
f 5339 5341 5254
f 5341 5251 5254
f 5342 5341 5339
f 5339 5340 5342
f 5343 5251 5341
f 5343 5341 5342
f 5343 5248 5251
f 5340 5344 5342
f 5345 5248 5343
f 5250 5248 5345
f 5342 5346 5343
f 5342 5344 5346
f 5347 5343 5346
f 5347 5345 5343
f 5344 5348 5346
f 5349 5347 5346
f 5348 5349 5346
f 5347 5350 5345
f 5350 5347 5349
f 5351 5348 5344
f 5351 5344 5340
f 5352 5349 5348
f 5351 5352 5348
f 5350 5349 5353
f 5352 5353 5349
f 5340 5354 5351
f 5340 5333 5354
f 5355 5352 5351
f 5354 5355 5351
f 5353 5352 5356
f 5355 5356 5352
f 5357 5350 5353
f 5357 5345 5350
f 5356 5358 5353
f 5357 5353 5358
f 5359 5356 5355
f 5360 5345 5357
f 5361 5359 5355
f 5355 5354 5361
f 5345 5360 5362
f 5345 5362 5250
f 5360 5357 5363
f 5357 5358 5363
f 5360 5364 5362
f 5364 5360 5363
f 5250 5362 5365
f 5365 5362 5364
f 5250 5365 5246
f 5365 5247 5246
f 5247 5365 5366
f 5364 5366 5365
f 5367 5247 5366
f 5247 5367 5245
f 5368 5366 5364
f 5366 5369 5367
f 5368 5369 5366
f 5367 5370 5245
f 5369 5370 5367
f 5364 5371 5368
f 5363 5371 5364
f 5372 5369 5368
f 5371 5372 5368
f 5372 5373 5369
f 5363 5374 5371
f 5373 5375 5369
f 5370 5369 5375
f 5376 5373 5372
f 5376 5375 5373
f 5371 5377 5372
f 5372 5377 5376
f 5371 5374 5377
f 5378 5374 5363
f 5358 5378 5363
f 5374 5379 5377
f 5358 5380 5378
f 5381 5374 5378
f 5378 5380 5381
f 5381 5379 5374
f 5382 5380 5358
f 5382 5358 5356
f 5382 5356 5359
f 5381 5380 5383
f 5382 5383 5380
f 5384 5379 5381
f 5383 5384 5381
f 5379 5385 5377
f 5377 5385 5376
f 5384 5386 5379
f 5386 5385 5379
f 5387 5384 5383
f 5386 5384 5387
f 5388 5383 5382
f 5388 5387 5383
f 5389 5382 5359
f 5389 5388 5382
f 5390 5389 5359
f 5359 5361 5390
f 5389 5391 5388
f 5391 5389 5390
f 5392 5387 5388
f 5391 5393 5388
f 5393 5392 5388
f 5394 5386 5387
f 5392 5394 5387
f 5386 5394 5395
f 5386 5395 5385
f 5392 5396 5394
f 5395 5397 5385
f 5385 5397 5376
f 5394 5398 5395
f 5394 5396 5398
f 5399 5376 5397
f 5375 5376 5399
f 5395 5400 5397
f 5400 5399 5397
f 5399 5401 5375
f 5370 5375 5401
f 5395 5402 5400
f 5398 5402 5395
f 5402 5403 5400
f 5400 5404 5399
f 5400 5403 5404
f 5401 5399 5405
f 5399 5404 5405
f 5402 5406 5403
f 5403 5406 5404
f 5398 5407 5402
f 5402 5407 5406
f 5398 5408 5407
f 5406 5407 5409
f 5408 5409 5407
f 5406 5410 5404
f 5406 5409 5411
f 5406 5411 5410
f 5412 5404 5410
f 5412 5405 5404
f 5409 5413 5411
f 5405 5412 5414
f 5413 5409 5415
f 5415 5409 5408
f 5412 5416 5414
f 5410 5416 5412
f 5417 5405 5414
f 5417 5401 5405
f 5417 5370 5401
f 5418 5414 5416
f 5414 5418 5417
f 5370 5417 5419
f 5419 5245 5370
f 5419 5233 5245
f 5417 5420 5419
f 5418 5420 5417
f 5419 5421 5233
f 5178 5233 5421
f 5174 5178 5421
f 5174 5421 5176
f 5421 5419 5176
f 5176 5419 5420
f 5420 5173 5176
f 5173 5420 5422
f 5418 5422 5420
f 5422 5167 5173
f 5167 5422 5168
f 5422 5423 5168
f 5422 5418 5423
f 5423 5170 5168
f 5424 5423 5418
f 5418 5416 5424
f 5425 5170 5423
f 5424 5425 5423
f 5425 5158 5170
f 5424 5416 5426
f 5426 5416 5410
f 5427 5425 5424
f 5424 5426 5427
f 5428 5158 5425
f 5428 5425 5427
f 5156 5158 5428
f 5428 5159 5156
f 5429 5428 5427
f 5159 5428 5429
f 5430 5427 5426
f 5430 5429 5427
f 5426 5410 5430
f 5430 5410 5411
f 5411 5413 5430
f 5431 5159 5429
f 5431 5429 5430
f 5413 5431 5430
f 5431 5161 5159
f 5431 5163 5161
f 5431 5413 5432
f 5163 5431 5432
f 5413 5415 5432
f 5165 5163 5432
f 5433 5432 5415
f 5433 5165 5432
f 5433 5415 5408
f 5433 5434 5165
f 5433 5408 5434
f 5165 5434 4997
f 5408 5435 5434
f 5435 5408 5398
f 5434 5436 4997
f 5434 5435 5436
f 4995 4997 5436
f 5435 5398 5396
f 4995 5436 4992
f 5435 5437 5436
f 5437 5435 5396
f 4992 5436 5438
f 5438 5436 5437
f 4992 5438 5439
f 5439 4988 4992
f 5437 5440 5438
f 5437 5396 5440
f 5441 5439 5438
f 5441 5438 5440
f 5439 5442 4988
f 4988 5442 4986
f 5443 5439 5441
f 5442 5439 5443
f 5444 5443 5441
f 5444 5442 5443
f 5445 4986 5442
f 5445 4937 4986
f 5446 5445 5442
f 5447 4937 5445
f 5447 5445 5446
f 5448 4937 5447
f 5448 4935 4937
f 5446 5449 5447
f 4935 5448 5450
f 4933 4935 5450
f 5451 5448 5447
f 5450 5448 5451
f 5451 5447 5449
f 5452 4933 5450
f 5453 5450 5451
f 5453 5452 5450
f 5454 4933 5452
f 4933 5454 4929
f 5455 5452 5453
f 5455 5454 5452
f 5456 4929 5454
f 5456 5454 5455
f 5456 5457 4929
f 5457 4924 4929
f 5458 5456 5455
f 5459 4924 5457
f 4919 4924 5459
f 5460 5457 5456
f 5461 4919 5459
f 4919 5461 4918
f 5462 5459 5457
f 5461 5459 5462
f 5460 5462 5457
f 5461 5463 4918
f 5463 4915 4918
f 5461 5462 5464
f 5464 5463 5461
f 4915 5463 5465
f 4915 5465 4913
f 4913 5465 4872
f 5466 5465 5463
f 5465 5467 4872
f 5465 5466 5467
f 5468 5466 5463
f 5468 5463 5464
f 5469 5466 5468
f 5466 5469 5467
f 5470 5468 5464
f 5469 5468 5470
f 4872 5467 5471
f 5471 4873 4872
f 5467 5469 5472
f 5467 5472 5471
f 5472 5469 5473
f 5470 5473 5469
f 5474 5471 5472
f 5464 5475 5470
f 5464 5462 5475
f 5471 5474 5476
f 5476 4873 5471
f 5474 5472 5477
f 5473 5477 5472
f 5478 5476 5474
f 5478 5474 5477
f 5479 4873 5476
f 5479 4807 4873
f 5478 5480 5476
f 4807 5479 5481
f 4804 4807 5481
f 5481 4800 4804
f 5479 5476 5482
f 5479 5482 5481
f 5482 5476 5480
f 4800 5481 5483
f 5483 5481 5482
f 4799 4800 5483
f 5484 5482 5480
f 5484 5483 5482
f 5485 4799 5483
f 5485 4802 4799
f 5486 5485 5483
f 5484 5486 5483
f 5487 4802 5485
f 5487 5485 5486
f 4802 5487 5488
f 4802 5488 4774
f 4774 5488 4770
f 4770 5488 4767
f 5488 5489 4767
f 5489 5488 5487
f 5490 4767 5489
f 4766 4767 5490
f 5491 5489 5487
f 5492 4766 5490
f 4765 4766 5492
f 5493 5490 5489
f 5489 5491 5493
f 5492 5494 4765
f 4765 5494 4744
f 5495 5492 5490
f 5495 5490 5493
f 5496 5494 5492
f 5496 5492 5495
f 5494 5497 4744
f 5497 5494 5496
f 5498 4744 5497
f 4744 5498 4742
f 5499 5497 5496
f 4742 5498 5500
f 5500 4740 4742
f 5501 5498 5497
f 5501 5497 5499
f 5502 5500 5498
f 5502 5498 5501
f 5503 4740 5500
f 5502 5501 5504
f 5499 5504 5501
f 4740 5503 5505
f 5505 4739 4740
f 5506 5503 5500
f 5502 5506 5500
f 5507 5505 5503
f 5503 5506 5507
f 5508 4739 5505
f 5508 4737 4739
f 5505 5507 5509
f 5509 5508 5505
f 5510 5507 5506
f 5507 5511 5509
f 5510 5511 5507
f 5509 5512 5508
f 1899 5509 5511
f 5512 5509 1899
f 1897 1899 5511
f 5511 1896 1897
f 5510 1896 5511
f 5512 1899 1905
f 5510 5513 1896
f 5510 5506 5513
f 1895 1896 5513
f 5512 1905 5514
f 1906 5514 1905
f 5515 5508 5512
f 5515 5512 5514
f 5515 4737 5508
f 5516 5514 1906
f 5515 5517 4737
f 4721 4737 5517
f 4721 5517 4720
f 5516 1906 1908
f 5517 5518 4720
f 4715 4720 5518
f 5519 5517 5515
f 5514 5519 5515
f 5518 5517 5519
f 5514 5516 5519
f 5520 4715 5518
f 4715 5520 4714
f 5519 5521 5518
f 5516 5521 5519
f 5521 5520 5518
f 5522 5521 5516
f 5522 5520 5521
f 1908 5522 5516
f 5520 5523 4714
f 5523 5520 5522
f 4714 5523 4712
f 5524 5522 1908
f 5523 5522 5524
f 5525 5524 1908
f 1910 5525 1908
f 5526 5523 5524
f 5524 5525 5526
f 5523 5526 4712
f 5527 5525 1910
f 1911 5527 1910
f 5527 5528 5525
f 5528 5526 5525
f 1911 5529 5527
f 5529 5528 5527
f 5530 5529 1911
f 5530 1911 1913
f 5528 5529 5531
f 1913 5532 5530
f 5532 1913 1915
f 5530 5533 5529
f 5532 5533 5530
f 5533 5531 5529
f 1915 1918 5532
f 5533 5534 5531
f 5535 5532 1918
f 5535 1918 1952
f 5532 5536 5533
f 5533 5536 5534
f 5537 5532 5535
f 5536 5532 5537
f 5538 5535 1952
f 1950 5538 1952
f 5539 5537 5535
f 5535 5538 5539
f 5540 5536 5537
f 5539 5540 5537
f 5540 5541 5536
f 5536 5541 5534
f 5542 5540 5539
f 5542 5541 5540
f 5538 5543 5539
f 5543 5542 5539
f 5538 1950 5544
f 5544 5543 5538
f 1947 5544 1950
f 1947 1948 5544
f 5545 5543 5544
f 1948 5546 5544
f 5546 5545 5544
f 1948 1953 5546
f 5545 5547 5543
f 5547 5542 5543
f 5548 5545 5546
f 5548 5547 5545
f 1953 5549 5546
f 1951 5549 1953
f 5550 5548 5546
f 5549 5550 5546
f 5551 5547 5548
f 5550 5551 5548
f 5542 5547 5552
f 5551 5552 5547
f 5553 5550 5549
f 5551 5550 5554
f 5549 5555 5553
f 5549 1951 5555
f 5553 5556 5550
f 5556 5554 5550
f 5555 5557 5553
f 5557 5556 5553
f 5555 1951 5558
f 1951 1955 5558
f 5559 5557 5555
f 5559 5555 5558
f 5560 5558 1955
f 5558 5560 5559
f 1957 5560 1955
f 5557 5559 5561
f 5560 1957 5562
f 1960 5562 1957
f 1964 5562 1960
f 5559 5560 5563
f 5563 5561 5559
f 1964 5564 5562
f 5564 1964 1967
f 5565 5560 5562
f 5564 5565 5562
f 5566 5563 5560
f 5560 5565 5566
f 5561 5563 5567
f 5566 5567 5563
f 5561 5568 5557
f 5556 5557 5568
f 5567 5569 5561
f 5568 5561 5569
f 5570 5567 5566
f 5570 5569 5567
f 5571 5556 5568
f 5569 5571 5568
f 5572 5570 5566
f 5572 5566 5565
f 5570 5573 5569
f 5574 5572 5565
f 5574 5565 5564
f 5575 5570 5572
f 5575 5572 5574
f 5576 5573 5570
f 5576 5570 5575
f 5573 5577 5569
f 5569 5577 5571
f 5573 5576 5578
f 5573 5579 5577
f 5579 5573 5578
f 5571 5577 5580
f 5579 5580 5577
f 5581 5556 5571
f 5571 5580 5581
f 5581 5554 5556
f 5579 5582 5580
f 5581 5583 5554
f 5579 5584 5582
f 5578 5584 5579
f 5580 5585 5581
f 5580 5582 5585
f 5583 5581 5586
f 5585 5586 5581
f 5583 5587 5554
f 5554 5587 5551
f 5587 5552 5551
f 5587 5583 5588
f 5583 5586 5588
f 5589 5552 5587
f 5587 5588 5589
f 5590 5586 5585
f 5588 5586 5591
f 5590 5591 5586
f 5592 5590 5585
f 5582 5592 5585
f 5593 5591 5590
f 5592 5593 5590
f 5588 5591 5594
f 5588 5594 5589
f 5591 5593 5595
f 5591 5595 5594
f 5592 5596 5593
f 5582 5597 5592
f 5596 5592 5597
f 5582 5598 5597
f 5584 5598 5582
f 5599 5596 5597
f 5598 5599 5597
f 5596 5600 5593
f 5593 5600 5595
f 5601 5596 5599
f 5601 5600 5596
f 5598 5584 5602
f 5602 5584 5578
f 5599 5598 5603
f 5604 5602 5578
f 5604 5578 5576
f 5605 5598 5602
f 5603 5598 5605
f 5606 5602 5604
f 5602 5606 5605
f 5607 5604 5576
f 5607 5576 5575
f 5608 5606 5604
f 5604 5607 5608
f 5606 5609 5605
f 5608 5609 5606
f 5610 5603 5605
f 5610 5605 5609
f 5607 5611 5608
f 5612 5609 5608
f 5612 5608 5611
f 5609 5613 5610
f 5609 5612 5614
f 5610 5613 5615
f 5603 5610 5615
f 5616 5613 5609
f 5614 5616 5609
f 5615 5613 5617
f 5616 5617 5613
f 5612 5618 5614
f 5611 5618 5612
f 5619 5616 5614
f 5619 5614 5618
f 5611 5607 5620
f 5620 5607 5575
f 5621 5618 5611
f 5622 5611 5620
f 5621 5611 5622
f 5623 5619 5618
f 5623 5618 5621
f 5620 5624 5622
f 5621 5622 5625
f 5624 5625 5622
f 5626 5623 5621
f 5626 5621 5625
f 5624 5620 5627
f 5620 5575 5627
f 5628 5625 5624
f 5627 5575 5629
f 5629 5575 5574
f 5630 5624 5627
f 5628 5624 5630
f 5574 5631 5629
f 5631 5627 5629
f 5631 5574 5564
f 5564 1967 5631
f 1967 1968 5631
f 5632 5627 5631
f 5630 5627 5632
f 1968 5633 5631
f 5631 5633 5632
f 5633 1968 1972
f 5634 5630 5632
f 5630 5634 5628
f 5635 5632 5633
f 1972 5635 5633
f 5634 5632 5635
f 1972 5636 5635
f 5636 5634 5635
f 1972 1975 5636
f 1976 5636 1975
f 1976 1979 5636
f 5636 5637 5634
f 5636 1979 5637
f 5634 5637 5638
f 5634 5638 5628
f 5639 5637 1979
f 5639 5638 5637
f 5639 1979 1997
f 5640 5628 5638
f 5625 5628 5640
f 1997 5641 5639
f 1999 5641 1997
f 5638 5639 5642
f 5643 5641 1999
f 2000 5643 1999
f 5641 5644 5639
f 5644 5642 5639
f 5644 5641 5645
f 5643 5645 5641
f 5646 5642 5644
f 5644 5645 5646
f 5647 5638 5642
f 5646 5647 5642
f 5647 5640 5638
f 5646 5648 5647
f 5640 5647 5648
f 5640 5649 5625
f 5649 5640 5648
f 5649 5626 5625
f 5650 5648 5646
f 5626 5649 5651
f 5651 5623 5626
f 5652 5649 5648
f 5650 5652 5648
f 5653 5651 5649
f 5652 5653 5649
f 5651 5654 5623
f 5653 5654 5651
f 5654 5655 5623
f 5623 5655 5619
f 5653 5652 5656
f 5656 5652 5650
f 5655 5657 5619
f 5619 5657 5616
f 5658 5657 5655
f 5657 5659 5616
f 5658 5659 5657
f 5659 5660 5616
f 5660 5617 5616
f 5658 5661 5659
f 5660 5659 5661
f 5662 5658 5655
f 5655 5654 5662
f 5663 5661 5658
f 5658 5662 5663
f 5664 5662 5654
f 5664 5654 5653
f 5662 5665 5663
f 5664 5666 5662
f 5666 5665 5662
f 5667 5664 5653
f 5665 5666 5668
f 5653 5669 5667
f 5669 5653 5656
f 5666 5664 5670
f 5670 5664 5667
f 5668 5666 5671
f 5670 5671 5666
f 5668 5672 5665
f 5672 5663 5665
f 5668 5671 5673
f 5673 5672 5668
f 5674 5671 5670
f 5674 5673 5671
f 5672 5675 5663
f 5663 5675 5661
f 5676 5672 5673
f 5673 5674 5677
f 5677 5676 5673
f 5676 5678 5672
f 5679 5676 5677
f 5679 5678 5676
f 5677 5674 5680
f 5681 5672 5678
f 5675 5672 5681
f 5677 5680 5682
f 5677 5682 5679
f 5683 5680 5674
f 5683 5674 5670
f 5684 5682 5680
f 5670 5685 5683
f 5685 5670 5667
f 5686 5680 5683
f 5686 5684 5680
f 5687 5685 5667
f 5686 5683 5688
f 5689 5687 5667
f 5667 5669 5689
f 5689 5669 5656
f 5688 5690 5686
f 5690 5684 5686
f 5688 5683 5691
f 5690 5688 5692
f 5688 5691 5692
f 5691 5683 5693
f 5685 5693 5683
f 5692 5691 5694
f 5693 5685 5695
f 5695 5685 5687
f 5691 5693 5696
f 5691 5696 5694
f 5695 5697 5693
f 5696 5693 5697
f 5695 5687 5698
f 5698 5687 5689
f 5697 5695 5699
f 5695 5698 5699
f 5700 5696 5697
f 5698 5689 5701
f 5702 5700 5697
f 5699 5702 5697
f 5696 5700 5703
f 5703 5694 5696
f 5704 5700 5702
f 5700 5704 5703
f 5699 5698 5705
f 5705 5698 5701
f 5706 5702 5699
f 5707 5699 5705
f 5699 5707 5706
f 5702 5706 5708
f 5708 5704 5702
f 5709 5706 5707
f 5710 5708 5706
f 5710 5706 5709
f 5710 5711 5708
f 5711 5704 5708
f 5709 5712 5710
f 5710 5712 5711
f 5709 5707 5713
f 5707 5705 5713
f 5712 5709 5714
f 5713 5705 5715
f 5705 5701 5715
f 5713 5716 5709
f 5714 5709 5716
f 5717 5713 5715
f 5717 5718 5713
f 5716 5713 5718
f 5719 5717 5715
f 5718 5717 5719
f 5701 5720 5715
f 5701 5689 5720
f 5720 5689 5656
f 5715 5720 5721
f 5719 5715 5721
f 5722 5720 5656
f 5722 5721 5720
f 5656 5650 5722
f 5650 5723 5722
f 5723 5721 5722
f 5646 5723 5650
f 5723 5646 5645
f 5721 5723 5724
f 5723 5645 5724
f 5719 5721 5725
f 5724 5645 5726
f 5726 5645 5643
f 5721 5724 5727
f 5725 5721 5727
f 5726 5728 5724
f 5727 5724 5728
f 5729 5726 5643
f 5729 5643 2000
f 2009 5729 2000
f 5730 5728 5726
f 5730 5726 5729
f 5731 5727 5728
f 5732 5729 2009
f 2010 5732 2009
f 2012 5732 2010
f 5733 5729 5732
f 5733 5730 5729
f 5734 5732 2012
f 5734 5733 5732
f 2016 5734 2012
f 2019 5734 2016
f 5735 5730 5733
f 5733 5734 5735
f 5736 5728 5730
f 5730 5735 5736
f 5731 5728 5736
f 5736 5735 5737
f 5734 5737 5735
f 5731 5736 5738
f 5738 5736 5737
f 5738 5727 5731
f 5725 5727 5738
f 5739 5737 5734
f 5725 5738 5740
f 5725 5740 5719
f 5718 5719 5740
f 5738 5737 5741
f 5739 5741 5737
f 5742 5718 5740
f 5716 5718 5742
f 5743 5740 5738
f 5743 5742 5740
f 5741 5743 5738
f 5716 5742 5744
f 5744 5742 5743
f 5745 5743 5741
f 5746 5744 5743
f 5743 5745 5746
f 5744 5747 5716
f 5747 5744 5746
f 5748 5745 5741
f 5748 5741 5739
f 5746 5745 5749
f 5749 5745 5748
f 5750 5747 5746
f 5751 5746 5749
f 5751 5750 5746
f 5752 5716 5747
f 5752 5714 5716
f 5750 5753 5747
f 5753 5752 5747
f 5714 5752 5754
f 5754 5712 5714
f 5752 5753 5755
f 5756 5712 5754
f 5711 5712 5756
f 5757 5754 5752
f 5757 5752 5755
f 5756 5758 5711
f 5711 5758 5704
f 5756 5754 5759
f 5754 5757 5759
f 5760 5704 5758
f 5704 5760 5703
f 5761 5758 5756
f 5761 5760 5758
f 5756 5759 5762
f 5761 5756 5762
f 5763 5759 5757
f 5764 5760 5761
f 5762 5759 5765
f 5759 5763 5765
f 5766 5761 5762
f 5762 5765 5766
f 5764 5761 5766
f 5757 5767 5763
f 5767 5757 5755
f 5764 5768 5760
f 5768 5703 5760
f 5769 5767 5755
f 5768 5770 5703
f 5769 5755 5771
f 5771 5755 5753
f 5771 5753 5750
f 5767 5769 5772
f 5771 5750 5773
f 5769 5771 5774
f 5769 5774 5772
f 5774 5771 5773
f 5750 5751 5773
f 5775 5767 5772
f 5775 5763 5767
f 5776 5772 5774
f 5776 5775 5772
f 5777 5763 5775
f 5777 5765 5763
f 5778 5777 5775
f 5777 5779 5765
f 5777 5778 5779
f 5765 5779 5780
f 5766 5765 5780
f 5775 5781 5778
f 5776 5781 5775
f 5780 5782 5766
f 5781 5776 5783
f 5782 5784 5766
f 5784 5764 5766
f 5783 5776 5785
f 5785 5776 5774
f 5786 5764 5784
f 5786 5768 5764
f 5784 5787 5786
f 5784 5782 5787
f 5786 5788 5768
f 5788 5770 5768
f 5787 5789 5786
f 5788 5786 5789
f 5789 5787 5790
f 5790 5787 5782
f 5789 5791 5788
f 5790 5791 5789
f 5788 5791 5770
f 5782 5792 5790
f 5793 5791 5790
f 5792 5793 5790
f 5770 5791 5794
f 5795 5792 5782
f 5770 5794 5796
f 5796 5703 5770
f 5703 5796 5694
f 5796 5797 5694
f 5797 5692 5694
f 5796 5794 5798
f 5798 5797 5796
f 5797 5799 5692
f 5692 5799 5690
f 5798 5800 5797
f 5799 5797 5800
f 5801 5690 5799
f 5690 5801 5684
f 5801 5799 5802
f 5800 5802 5799
f 5803 5684 5801
f 5802 5804 5801
f 5801 5804 5803
f 5805 5684 5803
f 5805 5682 5684
f 5682 5805 5679
f 5804 5806 5803
f 5807 5805 5803
f 5806 5807 5803
f 5805 5808 5679
f 5807 5808 5805
f 5679 5808 5809
f 5679 5809 5678
f 5808 5807 5810
f 5809 5811 5678
f 5808 5812 5809
f 5809 5812 5811
f 5812 5808 5810
f 5678 5811 5681
f 5813 5810 5807
f 5806 5813 5807
f 5681 5811 5814
f 5815 5811 5812
f 5811 5815 5814
f 5810 5816 5812
f 5816 5815 5812
f 5681 5814 5817
f 5681 5817 5675
f 5818 5814 5815
f 5814 5818 5817
f 5819 5815 5816
f 5815 5820 5818
f 5819 5820 5815
f 5818 5821 5817
f 5821 5818 5820
f 5817 5822 5675
f 5661 5675 5822
f 5817 5821 5823
f 5822 5817 5823
f 5661 5822 5824
f 5824 5660 5661
f 5822 5823 5825
f 5824 5822 5825
f 5824 5826 5660
f 5617 5660 5826
f 5825 5827 5824
f 5824 5827 5826
f 5828 5617 5826
f 5828 5826 5827
f 5615 5617 5828
f 5829 5827 5825
f 5823 5829 5825
f 5828 5830 5615
f 5603 5615 5830
f 5828 5827 5831
f 5831 5830 5828
f 5827 5832 5831
f 5829 5832 5827
f 5831 5833 5830
f 5832 5833 5831
f 5603 5830 5834
f 5830 5833 5834
f 5603 5834 5599
f 5599 5834 5601
f 5834 5835 5601
f 5833 5836 5834
f 5836 5835 5834
f 5835 5837 5601
f 5837 5600 5601
f 5838 5835 5836
f 5837 5835 5838
f 5600 5837 5839
f 5839 5595 5600
f 5837 5840 5839
f 5840 5837 5838
f 5839 5841 5595
f 5840 5841 5839
f 5841 5842 5595
f 5838 5843 5840
f 5842 5844 5595
f 5595 5844 5594
f 5840 5845 5841
f 5843 5845 5840
f 5841 5846 5842
f 5845 5847 5841
f 5841 5847 5846
f 5842 5846 5848
f 5842 5848 5844
f 5846 5847 5849
f 5849 5848 5846
f 5845 5850 5847
f 5851 5849 5847
f 5850 5851 5847
f 5845 5852 5850
f 5843 5852 5845
f 5850 5853 5851
f 5843 5854 5852
f 5852 5855 5850
f 5854 5855 5852
f 5855 5853 5850
f 5843 5856 5854
f 5838 5856 5843
f 5857 5855 5854
f 5858 5856 5838
f 5838 5836 5858
f 5859 5854 5856
f 5859 5857 5854
f 5860 5859 5856
f 5858 5860 5856
f 5861 5857 5859
f 5862 5858 5836
f 5836 5833 5862
f 5863 5858 5862
f 5833 5864 5862
f 5862 5864 5863
f 5864 5833 5832
f 5865 5858 5863
f 5860 5858 5865
f 5863 5864 5866
f 5865 5863 5866
f 5832 5867 5864
f 5866 5864 5867
f 5867 5832 5868
f 5868 5832 5829
f 5867 5869 5866
f 5868 5829 5870
f 5870 5829 5823
f 5823 5821 5870
f 5867 5868 5871
f 5871 5869 5867
f 5868 5870 5872
f 5872 5871 5868
f 5873 5870 5821
f 5873 5821 5820
f 5874 5872 5870
f 5874 5870 5873
f 5871 5872 5875
f 5874 5876 5872
f 5876 5875 5872
f 5877 5874 5873
f 5876 5874 5877
f 5878 5873 5820
f 5877 5873 5878
f 5878 5820 5819
f 5878 5819 5879
f 5816 5879 5819
f 5879 5880 5878
f 5877 5878 5880
f 5879 5816 5881
f 5881 5880 5879
f 5881 5816 5810
f 5810 5813 5881
f 5880 5882 5877
f 5883 5881 5813
f 5881 5884 5880
f 5881 5883 5884
f 5880 5884 5885
f 5885 5882 5880
f 5886 5884 5883
f 5885 5884 5886
f 5887 5883 5813
f 5887 5813 5806
f 5886 5883 5888
f 5888 5883 5887
f 5885 5886 5889
f 5886 5888 5890
f 5889 5886 5890
f 5888 5887 5891
f 5888 5891 5890
f 5887 5806 5892
f 5893 5891 5887
f 5893 5887 5892
f 5892 5806 5894
f 5894 5806 5804
f 5802 5894 5804
f 5895 5892 5894
f 5895 5893 5892
f 5894 5802 5896
f 5894 5896 5895
f 5800 5896 5802
f 5897 5893 5895
f 5898 5895 5896
f 5898 5897 5895
f 5800 5898 5896
f 5899 5893 5897
f 5893 5899 5891
f 5897 5898 5900
f 5900 5899 5897
f 5898 5800 5901
f 5900 5898 5902
f 5902 5898 5901
f 5903 5901 5800
f 5903 5800 5798
f 5901 5904 5902
f 5798 5905 5903
f 5905 5798 5794
f 5906 5901 5903
f 5904 5901 5906
f 5905 5907 5903
f 5907 5906 5903
f 5794 5908 5905
f 5791 5908 5794
f 5907 5905 5909
f 5909 5905 5908
f 5910 5908 5791
f 5910 5909 5908
f 5793 5910 5791
f 5907 5911 5906
f 5911 5904 5906
f 5907 5909 5912
f 5912 5911 5907
f 5909 5910 5913
f 5913 5912 5909
f 5904 5911 5914
f 5911 5912 5915
f 5911 5915 5914
f 5904 5914 5916
f 5916 5902 5904
f 5915 5917 5914
f 5917 5916 5914
f 5915 5912 5918
f 5918 5912 5913
f 5917 5915 5919
f 5918 5920 5915
f 5915 5920 5919
f 5913 5921 5918
f 5918 5922 5920
f 5918 5921 5922
f 5923 5920 5922
f 5924 5922 5921
f 5924 5923 5922
f 5925 5920 5923
f 5920 5925 5919
f 5923 5924 5926
f 5926 5925 5923
f 5921 5927 5924
f 5928 5919 5925
f 5921 5929 5927
f 5913 5929 5921
f 5930 5924 5927
f 5929 5913 5931
f 5910 5931 5913
f 5910 5793 5931
f 5929 5932 5927
f 5930 5927 5932
f 5933 5931 5793
f 5924 5930 5934
f 5924 5934 5926
f 5931 5933 5935
f 5933 5793 5936
f 5936 5935 5933
f 5936 5793 5792
f 5931 5935 5937
f 5937 5935 5936
f 5931 5937 5929
f 5938 5937 5936
f 5929 5937 5939
f 5937 5938 5939
f 5929 5939 5940
f 5932 5929 5940
f 5939 5938 5941
f 5940 5939 5941
f 5936 5942 5938
f 5942 5941 5938
f 5942 5936 5792
f 5943 5940 5941
f 5944 5942 5792
f 5944 5792 5795
f 5941 5942 5945
f 5943 5941 5945
f 5946 5942 5944
f 5945 5942 5946
f 5795 5947 5944
f 5948 5945 5946
f 5948 5943 5945
f 5949 5946 5944
f 5947 5949 5944
f 5950 5948 5946
f 5946 5949 5950
f 5947 5795 5951
f 5782 5951 5795
f 5782 5780 5951
f 5779 5951 5780
f 5949 5947 5952
f 5951 5952 5947
f 5779 5953 5951
f 5953 5952 5951
f 5779 5954 5953
f 5954 5779 5778
f 5955 5952 5953
f 5956 5953 5954
f 5953 5956 5955
f 5957 5954 5778
f 5956 5954 5957
f 5958 5952 5955
f 5958 5955 5956
f 5949 5952 5959
f 5959 5952 5958
f 5959 5950 5949
f 5956 5960 5958
f 5961 5959 5958
f 5960 5961 5958
f 5962 5950 5959
f 5961 5962 5959
f 5960 5956 5963
f 5963 5956 5957
f 5964 5961 5960
f 5965 5960 5963
f 5960 5965 5964
f 5961 5966 5962
f 5961 5964 5966
f 5965 5963 5967
f 5965 5968 5964
f 5967 5963 5969
f 5969 5963 5957
f 5970 5965 5967
f 5965 5970 5968
f 5969 5971 5967
f 5971 5970 5967
f 5972 5964 5968
f 5972 5966 5964
f 5973 5968 5970
f 5972 5968 5973
f 5971 5974 5970
f 5966 5972 5975
f 5976 5970 5974
f 5976 5973 5970
f 5966 5975 5977
f 5977 5962 5966
f 5975 5972 5978
f 5977 5979 5962
f 5962 5979 5950
f 5980 5977 5975
f 5978 5980 5975
f 5979 5981 5950
f 5978 5972 5982
f 5973 5982 5972
f 5983 5950 5981
f 5948 5950 5983
f 5973 5984 5982
f 5973 5976 5984
f 5948 5983 5985
f 5985 5943 5948
f 5986 5983 5981
f 5985 5983 5986
f 5986 5981 5979
f 5985 5987 5943
f 5987 5940 5943
f 5987 5932 5940
f 5987 5985 5988
f 5989 5932 5987
f 5987 5988 5989
f 5930 5932 5989
f 5985 5990 5988
f 5986 5990 5985
f 5989 5988 5991
f 5991 5988 5990
f 5992 5930 5989
f 5992 5934 5930
f 5991 5993 5989
f 5994 5993 5991
f 5994 5991 5990
f 5995 5989 5993
f 5995 5993 5994
f 5995 5992 5989
f 5996 5994 5990
f 5994 5997 5995
f 5996 5997 5994
f 5998 5996 5990
f 5986 5998 5990
f 5999 5997 5996
f 5999 5996 5998
f 6000 5998 5986
f 6001 6000 5986
f 6001 5986 5979
f 6001 5979 5977
f 5998 6000 6002
f 6002 6000 6001
f 6003 6001 5977
f 6002 6001 6003
f 6004 6003 5977
f 6004 5977 5980
f 6005 5998 6002
f 6005 5999 5998
f 6004 5980 6006
f 5978 6006 5980
f 6007 6003 6004
f 6006 5978 6008
f 6008 5978 5982
f 6009 6004 6006
f 6004 6009 6007
f 6008 5982 6010
f 5982 5984 6010
f 6008 6011 6006
f 6011 6008 6010
f 6011 6012 6006
f 6009 6006 6012
f 6010 6013 6011
f 6013 6012 6011
f 6010 5984 6014
f 6013 6010 6014
f 6014 5984 6015
f 5984 5976 6015
f 6016 6013 6014
f 6015 5976 6017
f 6018 6013 6016
f 6018 6012 6013
f 6015 6019 6014
f 6020 6012 6018
f 6009 6012 6020
f 6021 6019 6015
f 6021 6015 6017
f 6019 6022 6014
f 6016 6014 6022
f 6023 6019 6021
f 6023 6022 6019
f 6022 6024 6016
f 6018 6016 6024
f 6023 6025 6022
f 6022 6026 6024
f 6025 6026 6022
f 6027 6018 6024
f 6028 6024 6026
f 6027 6024 6028
f 6025 6029 6026
f 6028 6026 6029
f 6027 6030 6018
f 6030 6020 6018
f 6031 6027 6028
f 6032 6030 6027
f 6031 6028 6033
f 6033 6028 6029
f 6034 6027 6031
f 6032 6027 6034
f 6033 6035 6031
f 6032 6036 6030
f 6020 6030 6036
f 6032 6034 6037
f 6032 6037 6036
f 6031 6038 6034
f 6038 6031 6035
f 6034 6039 6037
f 6040 6034 6038
f 6034 6040 6039
f 6039 6041 6037
f 6036 6037 6041
f 6042 6039 6040
f 6039 6043 6041
f 6043 6039 6042
f 6038 6044 6040
f 6040 6044 6042
f 6043 6045 6041
f 6046 6043 6042
f 6043 6046 6045
f 6036 6041 6047
f 6047 6041 6045
f 6042 6048 6046
f 6047 6049 6036
f 6048 6042 6050
f 6050 6042 6044
f 6051 6036 6049
f 6036 6051 6020
f 6020 6051 6052
f 6020 6052 6009
f 6052 6007 6009
f 6051 6049 6053
f 6051 6053 6052
f 6054 6007 6052
f 6052 6053 6054
f 6054 6055 6007
f 6055 6003 6007
f 6003 6055 6002
f 6054 6056 6055
f 6054 6053 6056
f 6002 6055 6057
f 6056 6057 6055
f 6005 6002 6057
f 6056 6058 6057
f 6057 6058 6005
f 6059 6056 6053
f 6059 6058 6056
f 6060 6053 6049
f 6053 6060 6059
f 6047 6060 6049
f 6058 6061 6005
f 6061 5999 6005
f 6062 6060 6047
f 6062 6047 6045
f 6063 6059 6060
f 6062 6063 6060
f 6058 6059 6064
f 6063 6064 6059
f 6065 6061 6058
f 6064 6065 6058
f 6066 5999 6061
f 6065 6066 6061
f 6063 6067 6064
f 6065 6064 6067
f 6063 6062 6068
f 6067 6063 6068
f 6069 6068 6062
f 6045 6069 6062
f 6065 6067 6070
f 6070 6066 6065
f 6069 6045 6071
f 6071 6045 6046
f 6046 6048 6071
f 6071 6072 6069
f 6071 6048 6073
f 6071 6073 6072
f 6074 6068 6069
f 6069 6072 6074
f 6068 6074 6067
f 6073 6075 6072
f 6072 6075 6074
f 6073 6048 6076
f 6076 6048 6050
f 6073 6077 6075
f 6076 6078 6073
f 6078 6077 6073
f 6075 6079 6074
f 6075 6077 6079
f 6067 6074 6080
f 6070 6067 6080
f 6074 6081 6080
f 6074 6079 6081
f 6082 6070 6080
f 6082 6066 6070
f 6083 6080 6081
f 6080 6083 6082
f 6084 6066 6082
f 5999 6066 6084
f 5999 6084 5997
f 6083 6085 6082
f 6084 6086 5997
f 6086 5995 5997
f 6082 6087 6084
f 6082 6085 6087
f 6086 6088 5995
f 6083 6089 6085
f 6081 6089 6083
f 6088 6086 6090
f 6084 6090 6086
f 5995 6088 6091
f 6090 6091 6088
f 5995 6091 5992
f 6090 6084 6092
f 6087 6092 6084
f 6091 6093 5992
f 5934 5992 6093
f 6087 6094 6092
f 6093 6095 5934
f 5934 6095 5926
f 6087 6096 6094
f 6096 6087 6085
f 6094 6097 6092
f 6092 6097 6090
f 6094 6096 6098
f 6094 6098 6097
f 6096 6085 6099
f 6089 6099 6085
f 6090 6097 6100
f 6091 6090 6100
f 6100 6097 6101
f 6101 6097 6098
f 6091 6100 6102
f 6091 6102 6093
f 6101 6103 6100
f 6103 6102 6100
f 6093 6102 6104
f 6104 6102 6103
f 6093 6104 6105
f 6095 6093 6105
f 6104 6106 6105
f 6107 6095 6105
f 6106 6107 6105
f 6104 6103 6108
f 6104 6108 6106
f 6107 6109 6095
f 5926 6095 6109
f 5926 6109 6110
f 5926 6110 5925
f 6110 5928 5925
f 6110 6109 6111
f 6107 6111 6109
f 6110 6112 5928
f 6111 6112 6110
f 6113 6111 6107
f 6113 6112 6111
f 6113 6107 6114
f 6112 6115 5928
f 6107 6116 6114
f 6106 6116 6107
f 6117 6116 6106
f 6108 6117 6106
f 6114 6116 6118
f 6116 6117 6118
f 6113 6114 6119
f 6119 6114 6118
f 6112 6113 6120
f 6119 6120 6113
f 6120 6121 6112
f 6115 6112 6121
f 6120 6119 6122
f 6120 6123 6121
f 6120 6122 6123
f 6121 6124 6115
f 6123 6125 6121
f 6125 6124 6121
f 6115 6126 5928
f 6115 6124 6126
f 5928 6126 5919
f 6126 5917 5919
f 6126 6127 5917
f 6127 5916 5917
f 6126 6124 6128
f 5916 6127 6129
f 6127 6126 6130
f 6130 6129 6127
f 6126 6128 6130
f 6131 5916 6129
f 5916 6131 5902
f 5902 6131 5900
f 6132 6129 6130
f 6132 6131 6129
f 6131 6133 5900
f 6133 5899 5900
f 6131 6134 6133
f 6132 6134 6131
f 6135 5899 6133
f 6134 6135 6133
f 6132 6136 6134
f 6136 6135 6134
f 6132 6137 6136
f 6138 5899 6135
f 6132 6139 6137
f 6130 6139 6132
f 6140 6135 6136
f 6138 6135 6140
f 6141 6136 6137
f 6136 6141 6140
f 6139 6142 6137
f 6141 6137 6142
f 6143 6139 6130
f 6128 6143 6130
f 6144 6142 6139
f 6128 6145 6143
f 6128 6124 6145
f 6146 6139 6143
f 6146 6143 6145
f 6146 6144 6139
f 6124 6147 6145
f 6125 6147 6124
f 6147 6148 6145
f 6125 6148 6147
f 6145 6149 6146
f 6148 6149 6145
f 6146 6150 6144
f 6146 6149 6150
f 6144 6151 6142
f 6141 6142 6151
f 6144 6150 6152
f 6144 6152 6151
f 6149 6153 6150
f 6153 6152 6150
f 6151 6154 6141
f 6154 6151 6152
f 6154 6155 6141
f 6152 6156 6154
f 6155 6154 6156
f 6157 6141 6155
f 6140 6141 6157
f 6157 6138 6140
f 6158 6155 6156
f 6157 6155 6158
f 6159 6138 6157
f 6157 6158 6160
f 6157 6160 6159
f 6159 6161 6138
f 6161 5899 6138
f 5899 6161 5891
f 5891 6161 5890
f 6161 6159 5890
f 6159 5889 5890
f 6159 6160 5889
f 6160 5885 5889
f 6162 5885 6160
f 5885 6162 5882
f 6160 6163 6162
f 6162 6164 5882
f 5882 6164 5877
f 5876 5877 6164
f 6163 6165 6162
f 6162 6165 6164
f 6160 6166 6163
f 6158 6166 6160
f 6163 6167 6165
f 6167 6163 6166
f 6165 6168 6164
f 6168 6165 6167
f 6164 6169 5876
f 6164 6168 6169
f 5876 6169 5875
f 6169 6170 5875
f 6170 5871 5875
f 5871 6170 5869
f 6168 6171 6169
f 6169 6171 6170
f 6171 6168 6172
f 6168 6167 6172
f 6173 6170 6171
f 6174 5869 6170
f 6174 6170 6173
f 5869 6174 6175
f 5869 6175 5866
f 5865 5866 6175
f 6175 6174 6176
f 6173 6176 6174
f 6177 5865 6175
f 6177 6175 6176
f 5865 6177 5860
f 6178 6173 6171
f 6171 6172 6178
f 6173 6178 6179
f 6176 6173 6179
f 6178 6172 6180
f 6179 6178 6181
f 6180 6181 6178
f 6172 6182 6180
f 6172 6167 6182
f 6183 6181 6180
f 6180 6182 6183
f 6179 6181 6184
f 6181 6183 6184
f 6185 6179 6184
f 6176 6179 6185
f 6183 6186 6184
f 6185 6187 6176
f 6184 6188 6185
f 6187 6185 6188
f 6184 6186 6188
f 6189 6176 6187
f 6176 6189 6177
f 6190 6187 6188
f 6187 6190 6189
f 6191 6177 6189
f 6192 6189 6190
f 6189 6192 6191
f 6177 6191 6193
f 6193 5860 6177
f 5860 6193 5859
f 5859 6193 5861
f 6194 6193 6191
f 5861 6193 6194
f 6192 6194 6191
f 6194 6195 5861
f 6192 6196 6194
f 6194 6196 6195
f 5861 6195 6197
f 5857 5861 6197
f 6197 5855 5857
f 6195 6196 6198
f 6199 5855 6197
f 5853 5855 6199
f 6195 6200 6197
f 6195 6198 6200
f 6197 6201 6199
f 6197 6200 6201
f 6199 6202 5853
f 6203 6201 6200
f 6201 6204 6199
f 6201 6203 6204
f 6199 6204 6202
f 6203 6200 6205
f 6198 6205 6200
f 6203 6206 6204
f 6205 6206 6203
f 6204 6207 6202
f 6207 6204 6206
f 6198 6208 6205
f 6205 6208 6206
f 6196 6209 6198
f 6209 6208 6198
f 6192 6209 6196
f 6210 6209 6192
f 6210 6192 6190
f 6210 6211 6209
f 6212 6210 6190
f 6210 6212 6211
f 6188 6212 6190
f 6213 6209 6211
f 6209 6213 6208
f 6212 6188 6214
f 6188 6186 6214
f 6212 6215 6211
f 6215 6213 6211
f 6214 6216 6212
f 6216 6215 6212
f 6214 6186 6217
f 6214 6217 6216
f 6217 6186 6218
f 6218 6186 6183
f 6219 6216 6217
f 6220 6218 6183
f 6183 6182 6220
f 6217 6218 6221
f 6219 6217 6221
f 6221 6218 6222
f 6222 6218 6220
f 6223 6219 6221
f 6223 6221 6222
f 6216 6219 6224
f 6224 6215 6216
f 6223 6225 6219
f 6219 6225 6224
f 6224 6226 6215
f 6213 6215 6226
f 6225 6227 6224
f 6226 6224 6227
f 6213 6226 6228
f 6213 6228 6208
f 6229 6227 6225
f 6223 6229 6225
f 6227 6230 6226
f 6231 6228 6226
f 6231 6226 6230
f 6231 6232 6228
f 6230 6227 6233
f 6228 6232 6234
f 6234 6208 6228
f 6230 6235 6231
f 6234 6236 6208
f 6206 6208 6236
f 6230 6237 6235
f 6233 6237 6230
f 6238 6231 6235
f 6231 6238 6232
f 6237 6239 6235
f 6235 6239 6238
f 6240 6232 6238
f 6232 6240 6234
f 6238 6239 6241
f 6240 6238 6241
f 6242 6234 6240
f 6240 6241 6243
f 6243 6242 6240
f 6244 6234 6242
f 6244 6236 6234
f 6236 6244 6245
f 6236 6245 6206
f 6242 6246 6244
f 6246 6245 6244
f 6206 6245 6247
f 6206 6247 6207
f 6248 6245 6246
f 6248 6247 6245
f 6242 6249 6246
f 6247 6250 6207
f 6202 6207 6250
f 6249 4622 6246
f 6248 6246 4622
f 4614 4622 6249
f 4622 4620 6248
f 6248 4620 4626
f 6249 6251 4614
f 6242 6251 6249
f 6251 6242 6243
f 4614 6251 4610
f 6243 6252 6251
f 6241 6252 6243
f 4610 6251 6253
f 6252 6253 6251
f 4608 4610 6253
f 6241 6254 6252
f 6252 6254 6253
f 6253 6255 4608
f 4608 6255 4605
f 6256 6255 6253
f 4605 6255 6256
f 6257 6253 6254
f 6256 6253 6257
f 4605 6256 6258
f 6258 4604 4605
f 6259 4604 6258
f 6256 6259 6258
f 6259 4607 4604
f 6260 6256 6257
f 6260 6259 6256
f 6261 4607 6259
f 3546 4607 6261
f 6260 6262 6259
f 6262 6261 6259
f 6263 6260 6257
f 6254 6263 6257
f 6262 6260 6264
f 6260 6263 6264
f 6265 6261 6262
f 6264 6265 6262
f 3546 6261 6266
f 6265 6266 6261
f 3546 6266 3547
f 6267 6264 6263
f 6267 6263 6254
f 6265 6264 6268
f 6264 6267 6268
f 6266 6265 6269
f 6265 6268 6269
f 6270 6266 6269
f 6266 6270 3547
f 6271 6269 6268
f 6271 6270 6269
f 6272 6271 6268
f 6271 6273 6270
f 6272 6273 6271
f 6274 3547 6270
f 3548 3547 6274
f 6275 6270 6273
f 6270 6275 6274
f 6276 6275 6273
f 6272 6276 6273
f 6275 6277 6274
f 6276 6277 6275
f 3548 6274 6278
f 3552 3548 6278
f 6277 6279 6274
f 6279 6278 6274
f 6280 6277 6276
f 6280 6279 6277
f 6276 6281 6280
f 6280 6281 6279
f 6272 6282 6276
f 6281 6276 6282
f 6268 6283 6272
f 6282 6272 6283
f 6283 6268 6267
f 6284 6283 6267
f 6284 6282 6283
f 6284 6267 6285
f 6267 6254 6285
f 6254 6241 6285
f 6285 6241 6239
f 6239 6284 6285
f 6286 6284 6239
f 6284 6286 6282
f 6286 6239 6237
f 6287 6282 6286
f 6237 6287 6286
f 6282 6287 6288
f 6282 6288 6281
f 6289 6287 6237
f 6237 6233 6289
f 6287 6289 6290
f 6287 6290 6288
f 6289 6233 6291
f 6289 6291 6290
f 6233 6292 6291
f 6227 6292 6233
f 6229 6292 6227
f 6290 6291 6293
f 6291 6292 6294
f 6294 6293 6291
f 6229 6295 6292
f 6294 6292 6295
f 6293 6296 6290
f 6290 6296 6288
f 6297 6293 6294
f 6294 6295 6298
f 6297 6294 6298
f 6229 6299 6295
f 6299 6298 6295
f 6300 6299 6229
f 6223 6300 6229
f 6298 6299 6301
f 6300 6301 6299
f 6302 6298 6301
f 6302 6297 6298
f 6303 6301 6300
f 6304 6302 6301
f 6303 6304 6301
f 6305 6300 6223
f 6300 6305 6303
f 6223 6306 6305
f 6306 6223 6222
f 6305 6307 6303
f 6307 6304 6303
f 6308 6305 6306
f 6305 6308 6307
f 6222 6309 6306
f 6310 6308 6306
f 6310 6306 6309
f 6311 6309 6222
f 6311 6222 6220
f 6310 6309 6312
f 6312 6309 6311
f 6313 6311 6220
f 6313 6220 6182
f 6311 6314 6312
f 6313 6314 6311
f 6315 6313 6182
f 6315 6314 6313
f 6315 6182 6316
f 6316 6182 6167
f 6166 6316 6167
f 6316 6166 6317
f 6317 6315 6316
f 6166 6158 6317
f 6317 6158 6318
f 6318 6315 6317
f 6158 6156 6318
f 6315 6318 6319
f 6314 6315 6319
f 6318 6156 6320
f 6320 6319 6318
f 6320 6156 6152
f 6319 6321 6314
f 6152 6322 6320
f 6153 6322 6152
f 6320 6323 6319
f 6323 6321 6319
f 6320 6322 6324
f 6324 6323 6320
f 6325 6322 6153
f 6325 6153 6149
f 6322 6326 6324
f 6325 6326 6322
f 6324 6327 6323
f 6327 6324 6326
f 6328 6325 6149
f 6328 6149 6148
f 6325 6329 6326
f 6330 6328 6148
f 6125 6330 6148
f 6328 6331 6325
f 6329 6325 6331
f 6328 6332 6331
f 6330 6332 6328
f 6329 6331 6333
f 6332 6333 6331
f 6326 6329 6334
f 6334 6327 6326
f 6333 6335 6329
f 6329 6335 6334
f 6336 6333 6332
f 6336 6335 6333
f 6334 6337 6327
f 6335 6338 6334
f 6337 6334 6338
f 6336 6339 6335
f 6335 6339 6338
f 6327 6337 6340
f 6327 6340 6323
f 6323 6340 6321
f 6337 6338 6341
f 6337 6342 6340
f 6337 6341 6342
f 6338 6343 6341
f 6339 6343 6338
f 6344 6341 6343
f 6345 6343 6339
f 6344 6343 6345
f 6342 6341 6346
f 6341 6344 6346
f 6347 6340 6342
f 6346 6348 6342
f 6348 6347 6342
f 6340 6347 6349
f 6321 6340 6349
f 6347 6350 6349
f 6321 6349 6351
f 6351 6349 6350
f 6351 6352 6321
f 6321 6352 6314
f 6312 6314 6352
f 6351 6353 6352
f 6312 6352 6353
f 6351 6350 6353
f 6353 6310 6312
f 6347 6354 6350
f 6348 6354 6347
f 6350 6355 6353
f 6355 6350 6354
f 6356 6310 6353
f 6356 6353 6355
f 6356 6308 6310
f 6308 6356 6357
f 6357 6307 6308
f 6358 6356 6355
f 6356 6358 6357
f 6307 6357 6359
f 6358 6359 6357
f 6358 6355 6360
f 6354 6360 6355
f 6358 6361 6359
f 6358 6360 6361
f 6359 6362 6307
f 6362 6304 6307
f 6361 6363 6359
f 6359 6363 6362
f 6364 6361 6360
f 6354 6364 6360
f 6365 6363 6361
f 6365 6361 6364
f 6362 6363 6366
f 6362 6367 6304
f 6362 6366 6367
f 6304 6367 6302
f 6366 6363 6368
f 6365 6368 6363
f 6367 6366 6369
f 6369 6366 6368
f 6370 6302 6367
f 6370 6297 6302
f 6367 6369 6371
f 6369 6368 6372
f 6371 6369 6372
f 6365 6373 6368
f 6372 6368 6373
f 6374 6367 6371
f 6367 6374 6370
f 6371 6372 6375
f 6375 6374 6371
f 6372 6376 6375
f 6374 6375 6377
f 6378 6376 6372
f 6373 6378 6372
f 6376 6379 6375
f 6377 6375 6379
f 6378 6380 6376
f 6380 6379 6376
f 6381 6378 6373
f 6382 6373 6365
f 6382 6381 6373
f 6364 6382 6365
f 6381 6383 6378
f 6381 6382 6384
f 6384 6383 6381
f 6382 6364 6385
f 6382 6385 6384
f 6386 6378 6383
f 6380 6378 6386
f 6383 6384 6387
f 6386 6388 6380
f 6380 6388 6379
f 6383 6389 6386
f 6383 6387 6389
f 6386 6390 6388
f 6390 6386 6389
f 6390 3616 6388
f 6389 6391 6390
f 6391 3616 6390
f 6388 3616 6392
f 6388 6392 6379
f 3616 6391 3615
f 3616 3613 6392
f 3615 6391 6393
f 6392 3613 6394
f 6392 6394 6379
f 3613 3612 6394
f 3618 3615 6393
f 6379 6394 6395
f 3612 6395 6394
f 6379 6395 6377
f 3612 6396 6395
f 3612 3603 6396
f 6397 6395 6396
f 6397 6377 6395
f 6398 6396 3603
f 6396 6398 6397
f 3603 3600 6398
f 6377 6397 6399
f 6399 6400 6377
f 6377 6400 6374
f 6400 6370 6374
f 6397 6401 6399
f 6401 6400 6399
f 6397 6402 6401
f 6402 6397 6398
f 6400 6403 6370
f 6402 6404 6401
f 6398 6404 6402
f 6400 6401 6405
f 6400 6405 6403
f 6405 6401 6404
f 6406 6370 6403
f 6403 6405 6406
f 6406 6297 6370
f 6407 6297 6406
f 6293 6297 6407
f 6407 6296 6293
f 6407 6406 6408
f 6296 6407 6408
f 6406 6405 6408
f 6408 6405 6409
f 6405 6404 6409
f 6408 6410 6296
f 6410 6408 6409
f 6411 6409 6404
f 6409 6411 6410
f 6412 6296 6410
f 6412 6288 6296
f 6281 6288 6412
f 6410 6411 6413
f 6410 6413 6412
f 6404 6414 6411
f 6413 6411 6414
f 6281 6412 6415
f 6413 6416 6412
f 6412 6416 6415
f 6417 6281 6415
f 6417 6279 6281
f 6418 6279 6417
f 6417 6415 6418
f 6418 6278 6279
f 6416 6419 6415
f 6415 6419 6418
f 6416 6420 6419
f 6419 6420 6418
f 6421 6420 6416
f 6420 6422 6418
f 6421 6422 6420
f 6278 6418 6423
f 6422 6423 6418
f 6423 6424 6278
f 6424 3552 6278
f 6424 6423 6425
f 6425 3552 6424
f 6426 6423 6422
f 6425 6423 6426
f 6427 3552 6425
f 6425 6426 6427
f 3552 6427 3554
f 6427 3562 3554
f 6428 6427 6426
f 6427 6428 3562
f 6426 6422 6429
f 6429 6428 6426
f 6422 6421 6429
f 3562 6428 6430
f 6431 6430 6428
f 6429 6431 6428
f 6430 6432 3562
f 6432 6430 6431
f 6432 3561 3562
f 6431 6429 6433
f 6433 6432 6431
f 6434 3561 6432
f 3561 6434 3567
f 6434 3569 3567
f 6435 6432 6433
f 6436 3569 6434
f 3602 3569 6436
f 6437 6434 6432
f 6437 6436 6434
f 6435 6437 6432
f 6438 3602 6436
f 6433 6439 6435
f 6429 6439 6433
f 6438 6436 6440
f 6440 6436 6437
f 6438 6440 6441
f 6440 6437 6441
f 6438 6442 3602
f 3599 3602 6442
f 6441 6443 6438
f 6442 6438 6443
f 6444 6441 6437
f 6444 6437 6435
f 6443 6441 6444
f 6444 6435 6439
f 6443 6445 6442
f 6444 6439 6446
f 6446 6439 6429
f 6443 6444 6447
f 6448 6444 6446
f 6447 6444 6448
f 6449 6443 6447
f 6445 6443 6449
f 6450 6447 6448
f 6450 6449 6447
f 6448 6446 6451
f 6450 6448 6452
f 6452 6448 6451
f 6451 6446 6453
f 6429 6453 6446
f 6451 6454 6452
f 6453 6454 6451
f 6453 6429 6455
f 6455 6454 6453
f 6421 6455 6429
f 6454 6455 6421
f 6454 6421 6416
f 6454 6416 6413
f 6456 6452 6454
f 6454 6413 6456
f 6452 6456 6450
f 6414 6456 6413
f 6414 6450 6456
f 6457 6450 6414
f 6449 6450 6457
f 6458 6457 6414
f 6414 6404 6458
f 6449 6457 6459
f 6458 6459 6457
f 6449 6459 6445
f 6458 6404 6398
f 6460 6445 6459
f 6460 6459 6458
f 6458 6398 6461
f 6460 6458 6461
f 6461 6398 3600
f 6462 6445 6460
f 6462 6442 6445
f 3599 6442 6462
f 6461 6463 6460
f 6460 6463 6462
f 3600 6463 6461
f 6462 6463 3599
f 3600 3599 6463
f 6247 6248 6464
f 6464 6248 4626
f 6464 6250 6247
f 6464 4626 6465
f 6250 6464 6465
f 6465 4626 6466
f 4626 4625 6466
f 6250 6465 6467
f 6465 6466 6467
f 6466 4625 6468
f 4625 4628 6468
f 4634 6468 4628
f 6469 6466 6468
f 6469 6468 4634
f 6466 6469 6470
f 6467 6466 6470
f 6471 6469 4634
f 6470 6469 6471
f 6471 4634 4705
f 6470 6472 6467
f 6470 6471 6472
f 6473 6471 4705
f 4706 6473 4705
f 6474 6472 6471
f 6474 6471 6473
f 6472 6475 6467
f 6476 6473 4706
f 4707 6476 4706
f 6477 6475 6472
f 6474 6477 6472
f 6476 4707 6478
f 6478 4707 4710
f 6476 6479 6473
f 6474 6473 6480
f 6480 6473 6479
f 6480 6481 6474
f 6481 6477 6474
f 6482 6480 6479
f 6481 6480 6482
f 6479 6476 6483
f 6482 6479 6483
f 6476 6478 6483
f 6481 6482 6484
f 6482 6483 6485
f 6484 6482 6485
f 6483 6478 6486
f 6486 6485 6483
f 6487 6481 6484
f 6477 6481 6487
f 6478 6488 6486
f 4710 6488 6478
f 5848 6477 6487
f 6488 4710 6489
f 4710 4708 6489
f 4712 6489 4708
f 5849 6477 5848
f 6490 6489 4712
f 5526 6490 4712
f 5849 6491 6477
f 6491 6475 6477
f 5849 5851 6491
f 6492 6475 6491
f 5851 6492 6491
f 6475 6492 6467
f 5853 6492 5851
f 6467 6492 6250
f 6492 5853 6202
f 6202 6250 6492
f 5526 6493 6490
f 6489 6490 6493
f 5528 6493 5526
f 6488 6489 6493
f 5531 6493 5528
f 6494 6488 6493
f 5531 6494 6493
f 6486 6488 6494
f 6495 6494 5531
f 5534 6495 5531
f 6496 6486 6494
f 6496 6494 6495
f 5541 6495 5534
f 6485 6486 6496
f 5541 6497 6495
f 6497 6496 6495
f 6498 6485 6496
f 6496 6497 6498
f 6499 6485 6498
f 6484 6485 6499
f 6498 6497 6500
f 6500 6499 6498
f 6501 6497 5541
f 6501 6500 6497
f 5541 5542 6501
f 5542 5552 6501
f 6502 6500 6501
f 6502 6499 6500
f 5552 6503 6501
f 6503 6502 6501
f 5589 6503 5552
f 6504 6503 5589
f 6504 6502 6503
f 5594 6504 5589
f 6502 6504 6505
f 5594 6505 6504
f 6505 6499 6502
f 5594 5844 6505
f 6505 6506 6499
f 5844 6506 6505
f 6506 6484 6499
f 5848 6506 5844
f 6484 6506 6487
f 5848 6487 6506
f 6507 5396 5392
f 5440 5396 6507
f 5393 6507 5392
f 6508 5440 6507
f 6508 6507 5393
f 6509 5440 6508
f 5440 6509 5441
f 5393 6510 6508
f 6510 5393 5391
f 6511 6509 6508
f 6512 5441 6509
f 6512 6509 6511
f 6512 5444 5441
f 6511 6508 6513
f 6513 6508 6510
f 6514 6512 6511
f 6514 6511 6513
f 6515 5444 6512
f 6516 6512 6514
f 6515 6512 6516
f 6517 6514 6513
f 6514 6517 6516
f 6513 6510 6518
f 6517 6513 6518
f 6518 6510 6519
f 5391 6519 6510
f 6517 6518 6520
f 6519 5391 6521
f 6521 5391 5390
f 6522 6518 6519
f 6522 6519 6521
f 6520 6518 6522
f 5390 6523 6521
f 5390 5361 6523
f 6524 6522 6521
f 6524 6521 6523
f 6520 6522 6525
f 6522 6524 6525
f 6526 6523 5361
f 5354 6526 5361
f 6524 6523 6527
f 6526 5354 6528
f 6528 5354 5333
f 5331 6528 5333
f 6529 6523 6526
f 6527 6523 6529
f 6530 6526 6528
f 5331 6530 6528
f 6529 6526 6530
f 5331 5328 6530
f 6530 6531 6529
f 5328 6532 6530
f 6531 6530 6532
f 5328 5324 6532
f 5324 5326 6532
f 6533 6529 6531
f 6527 6529 6533
f 6534 6531 6532
f 6531 6534 6533
f 6532 5326 6535
f 6532 6535 6534
f 6534 6536 6533
f 6536 6534 6535
f 6527 6533 6537
f 6536 6537 6533
f 6538 6527 6537
f 6538 6524 6527
f 6536 6539 6537
f 6539 6538 6537
f 6524 6538 6540
f 6540 6525 6524
f 6538 6539 6541
f 6540 6538 6541
f 6542 6525 6540
f 6520 6525 6542
f 6543 6540 6541
f 6543 6542 6540
f 6542 6544 6520
f 6517 6520 6544
f 6545 6542 6543
f 6545 6544 6542
f 6546 6517 6544
f 6546 6516 6517
f 6546 6544 6547
f 6544 6545 6547
f 6548 6516 6546
f 6547 6548 6546
f 6548 6549 6516
f 6549 6515 6516
f 6550 6548 6547
f 6550 6549 6548
f 6551 6515 6549
f 6552 6550 6547
f 6551 6553 6515
f 6553 5444 6515
f 6553 5442 5444
f 6553 5446 5442
f 5449 5446 6553
f 6554 5449 6553
f 6554 6553 6551
f 5451 5449 6554
f 6554 6551 6555
f 6555 6551 6549
f 6556 5451 6554
f 5453 5451 6556
f 6557 6554 6555
f 6557 6556 6554
f 6558 6555 6549
f 6558 6549 6550
f 6559 5453 6556
f 5455 5453 6559
f 5458 5455 6559
f 6559 6556 6560
f 6560 6556 6557
f 6561 5458 6559
f 6560 6561 6559
f 6562 5458 6561
f 6562 5456 5458
f 5460 5456 6562
f 6561 6560 6563
f 6557 6563 6560
f 6564 5460 6562
f 5460 6564 5462
f 6561 6565 6562
f 6565 6561 6563
f 6566 6564 6562
f 6566 6562 6565
f 6567 5462 6564
f 6567 5475 5462
f 6568 6564 6566
f 6567 6564 6568
f 6569 5475 6567
f 5470 5475 6569
f 6567 6568 6570
f 6567 6570 6569
f 6571 5470 6569
f 5470 6571 5473
f 6572 6569 6570
f 6572 6571 6569
f 6571 6573 5473
f 5477 5473 6573
f 6574 6573 6571
f 6574 6571 6572
f 6575 5477 6573
f 6574 6575 6573
f 5477 6575 6576
f 6576 5478 5477
f 6575 6574 6577
f 6577 6576 6575
f 6578 5478 6576
f 5478 6578 5480
f 6578 5484 5480
f 6577 6579 6576
f 6579 6578 6576
f 6580 6579 6577
f 6580 6578 6579
f 6581 5484 6578
f 6580 6582 6578
f 6582 6581 6578
f 6581 6583 5484
f 5486 5484 6583
f 6584 6581 6582
f 6581 6584 6583
f 6583 6585 5486
f 6585 5487 5486
f 6585 5491 5487
f 6585 6583 6586
f 6583 6584 6586
f 6587 5491 6585
f 6585 6586 6587
f 6587 6588 5491
f 5493 5491 6588
f 6589 6587 6586
f 6588 6590 5493
f 5495 5493 6590
f 6591 6588 6587
f 6587 6589 6591
f 6588 6591 6590
f 6592 6589 6586
f 6592 6586 6584
f 6593 6591 6589
f 6592 6584 6594
f 6594 6584 6582
f 6595 6589 6592
f 6595 6592 6594
f 6589 6595 6593
f 6594 6582 6596
f 6582 6580 6596
f 6595 6594 6597
f 6597 6594 6596
f 6596 6580 6598
f 6577 6598 6580
f 6597 6596 6599
f 6598 6599 6596
f 6577 6600 6598
f 6599 6598 6600
f 6577 6601 6600
f 6574 6601 6577
f 6602 6597 6599
f 6603 6601 6574
f 6604 6597 6602
f 6597 6604 6595
f 6605 6601 6603
f 6605 6600 6601
f 6606 6603 6574
f 6606 6574 6572
f 6605 6603 6607
f 6607 6603 6606
f 6608 6600 6605
f 6609 6599 6600
f 6609 6600 6608
f 6602 6599 6609
f 6610 6605 6607
f 6611 6602 6609
f 6607 6612 6610
f 6612 6607 6606
f 6613 6602 6611
f 6613 6604 6602
f 6612 6606 6614
f 6604 6613 6615
f 6614 6606 6616
f 6616 6606 6572
f 6615 6617 6604
f 6604 6617 6595
f 6617 6593 6595
f 6616 6572 6618
f 6618 6572 6570
f 6619 6617 6615
f 6618 6570 6620
f 6621 6619 6615
f 6615 6613 6621
f 6570 6622 6620
f 6622 6570 6568
f 6623 6618 6620
f 6568 6624 6622
f 6624 6568 6566
f 6620 6622 6625
f 6625 6623 6620
f 6624 6566 6626
f 6626 6566 6565
f 6622 6624 6627
f 6626 6628 6624
f 6628 6627 6624
f 6625 6622 6629
f 6629 6622 6627
f 6630 6627 6628
f 6631 6627 6630
f 6631 6629 6627
f 6632 6630 6628
f 6631 6630 6632
f 6628 6626 6633
f 6632 6628 6633
f 6634 6629 6631
f 6634 6631 6632
f 6635 6633 6626
f 6632 6633 6636
f 6636 6633 6635
f 6634 6632 6637
f 6632 6636 6638
f 6637 6632 6638
f 6639 6636 6635
f 6638 6636 6639
f 6635 6626 6640
f 6565 6640 6626
f 6635 6640 6641
f 6639 6635 6641
f 6640 6565 6642
f 6563 6642 6565
f 6643 6641 6640
f 6643 6640 6642
f 6639 6641 6644
f 6644 6641 6643
f 6645 6642 6563
f 6642 6646 6643
f 6646 6642 6645
f 6563 6647 6645
f 6563 6557 6647
f 6648 6647 6557
f 6648 6557 6555
f 6647 6649 6645
f 6647 6648 6649
f 6648 6555 6650
f 6649 6648 6650
f 6650 6555 6558
f 6651 6645 6649
f 6646 6645 6651
f 6649 6650 6652
f 6649 6652 6651
f 6558 6653 6650
f 6652 6650 6653
f 6558 6550 6653
f 6651 6652 6654
f 6550 6655 6653
f 6655 6550 6552
f 6652 6653 6656
f 6656 6653 6655
f 6654 6652 6656
f 6655 6552 6657
f 6656 6655 6657
f 6658 6651 6654
f 6646 6651 6658
f 6659 6654 6656
f 6660 6646 6658
f 6661 6658 6654
f 6661 6654 6659
f 6662 6660 6658
f 6661 6662 6658
f 6663 6646 6660
f 6663 6643 6646
f 6663 6644 6643
f 6664 6663 6660
f 6660 6662 6664
f 6665 6644 6663
f 6665 6663 6664
f 6662 6661 6666
f 6667 6664 6662
f 6667 6662 6666
f 6668 6665 6664
f 6669 6664 6667
f 6669 6668 6664
f 6668 6670 6665
f 6671 6669 6667
f 6672 6665 6670
f 6672 6644 6665
f 6669 6671 6673
f 6673 6668 6669
f 6674 6670 6668
f 6668 6673 6674
f 6674 6672 6670
f 6675 6673 6671
f 6667 6675 6671
f 6676 6674 6673
f 6673 6675 6677
f 6677 6676 6673
f 6678 6672 6674
f 6679 6676 6677
f 6675 6679 6677
f 6676 6680 6674
f 6678 6674 6680
f 6680 6676 6681
f 6679 6681 6676
f 6682 6680 6681
f 6682 6678 6680
f 6683 6681 6679
f 6682 6681 6683
f 6684 6672 6678
f 6684 6644 6672
f 6682 6685 6678
f 6683 6685 6682
f 6644 6684 6686
f 6686 6639 6644
f 6687 6684 6678
f 6685 6687 6678
f 6688 6686 6684
f 6688 6639 6686
f 6687 6688 6684
f 6639 6688 6638
f 6687 6689 6688
f 6690 6638 6688
f 6689 6690 6688
f 6690 6637 6638
f 6691 6689 6687
f 6689 6691 6690
f 6685 6691 6687
f 6692 6637 6690
f 6693 6690 6691
f 6693 6692 6690
f 6691 6685 6694
f 6693 6691 6694
f 6695 6637 6692
f 6693 6696 6692
f 6696 6695 6692
f 6695 6697 6637
f 6637 6697 6634
f 6629 6634 6697
f 6695 6698 6697
f 6698 6629 6697
f 6698 6695 6696
f 6698 6699 6629
f 6629 6699 6625
f 6625 6699 6700
f 6700 6623 6625
f 6698 6701 6699
f 6701 6700 6699
f 6702 6623 6700
f 6700 6701 6703
f 6703 6702 6700
f 6704 6701 6698
f 6704 6703 6701
f 6702 6705 6623
f 6618 6623 6705
f 6705 6616 6618
f 6706 6702 6703
f 6706 6705 6702
f 6706 6703 6704
f 6707 6616 6705
f 6614 6616 6707
f 6708 6705 6706
f 6707 6705 6708
f 6709 6706 6704
f 6708 6706 6709
f 6710 6704 6698
f 6696 6710 6698
f 6709 6704 6711
f 6704 6710 6711
f 6696 6712 6710
f 6712 6711 6710
f 6712 6696 6713
f 6711 6712 6713
f 6713 6696 6693
f 6714 6709 6711
f 6714 6708 6709
f 6715 6711 6713
f 6714 6711 6715
f 6716 6713 6693
f 6716 6693 6694
f 6717 6715 6713
f 6716 6694 6718
f 6694 6685 6718
f 6713 6716 6719
f 6717 6713 6719
f 6716 6718 6720
f 6719 6716 6720
f 6721 6718 6685
f 6717 6719 6722
f 6715 6717 6722
f 6723 6719 6720
f 6722 6719 6723
f 6720 6718 6724
f 6723 6720 6724
f 6724 6718 6721
f 6725 6723 6724
f 6724 6721 6726
f 6725 6724 6726
f 6721 6685 6727
f 6726 6721 6727
f 6685 6683 6727
f 6728 6723 6725
f 6722 6723 6728
f 6727 6683 6729
f 6729 6683 6679
f 6729 6679 6730
f 6675 6730 6679
f 6731 6727 6729
f 6731 6729 6730
f 6731 6732 6727
f 6732 6726 6727
f 6733 6732 6731
f 6733 6726 6732
f 6730 6734 6731
f 6733 6735 6726
f 6725 6726 6735
f 6728 6725 6735
f 6733 6731 6736
f 6736 6731 6734
f 6737 6735 6733
f 6737 6733 6736
f 6728 6735 6738
f 6738 6735 6737
f 6730 6739 6734
f 6739 6730 6675
f 6739 6740 6734
f 6741 6734 6740
f 6741 6736 6734
f 6742 6740 6739
f 6741 6740 6743
f 6742 6739 6744
f 6739 6675 6744
f 6740 6742 6745
f 6743 6740 6745
f 6746 6742 6744
f 6745 6742 6746
f 6747 6741 6743
f 6747 6736 6741
f 6745 6748 6743
f 6748 6747 6743
f 6746 6749 6745
f 6746 6744 6749
f 6748 6745 6750
f 6736 6747 6751
f 6747 6748 6752
f 6751 6747 6752
f 6752 6748 6750
f 6753 6736 6751
f 6753 6751 6752
f 6737 6736 6753
f 6750 6745 6754
f 6745 6749 6754
f 6755 6737 6753
f 6738 6737 6755
f 6756 6755 6753
f 6756 6738 6755
f 6757 6754 6749
f 6758 6738 6756
f 6749 6759 6757
f 6749 6744 6759
f 6754 6757 6760
f 6760 6757 6761
f 6761 6757 6759
f 6762 6754 6760
f 6754 6762 6750
f 6761 6763 6760
f 6763 6762 6760
f 6764 6761 6759
f 6763 6761 6764
f 6765 6750 6762
f 6762 6763 6766
f 6765 6762 6766
f 6767 6750 6765
f 6767 6752 6750
f 6765 6766 6768
f 6768 6767 6765
f 6769 6766 6763
f 6768 6766 6769
f 6770 6752 6767
f 6771 6767 6768
f 6771 6770 6767
f 6770 6772 6752
f 6753 6752 6772
f 6773 6770 6771
f 6773 6772 6770
f 6772 6774 6753
f 6773 6775 6772
f 6774 6772 6775
f 6774 6775 6773
f 6776 6753 6774
f 6776 6777 6753
f 6777 6756 6753
f 6776 6774 6778
f 6778 6774 6773
f 6779 6777 6776
f 6779 6756 6777
f 6779 6776 6778
f 6758 6756 6779
f 6778 6773 6780
f 6779 6781 6758
f 6758 6781 6738
f 6782 6780 6773
f 6782 6773 6771
f 6783 6780 6782
f 6784 6780 6783
f 6784 6778 6780
f 6785 6783 6782
f 6783 6785 6784
f 6782 6771 6786
f 6785 6782 6786
f 6786 6771 6787
f 6787 6771 6788
f 6786 6787 6788
f 6771 6768 6788
f 6785 6786 6789
f 6786 6788 6789
f 6790 6785 6789
f 6790 6784 6785
f 6788 6768 6791
f 6791 6768 6769
f 6792 6784 6790
f 6791 6769 6793
f 6769 6763 6793
f 6792 6790 6794
f 6790 6789 6794
f 6793 6763 6795
f 6795 6763 6796
f 6796 6763 6764
f 6797 6793 6795
f 6796 6797 6795
f 6791 6793 6798
f 6793 6797 6798
f 6799 6791 6798
f 6788 6791 6799
f 6789 6788 6800
f 6800 6788 6799
f 6801 6789 6800
f 6794 6789 6801
f 6801 6800 6802
f 6794 6801 6803
f 6802 6800 6804
f 6800 6799 6804
f 6802 6805 6801
f 6805 6803 6801
f 6802 6804 6805
f 6806 6794 6803
f 6806 6803 6805
f 6807 6794 6806
f 6807 6792 6794
f 6805 6804 6808
f 6809 6792 6807
f 6810 6805 6808
f 6806 6805 6810
f 6811 6792 6809
f 6811 6784 6792
f 6811 6812 6784
f 6778 6784 6812
f 6812 6779 6778
f 6811 6813 6812
f 6814 6779 6812
f 6814 6812 6813
f 6815 6779 6814
f 6815 6781 6779
f 6816 6813 6811
f 6816 6811 6809
f 6781 6815 6817
f 6816 6809 6818
f 6781 6817 6819
f 6781 6819 6738
f 6819 6820 6738
f 6820 6728 6738
f 6819 6821 6820
f 6819 6817 6821
f 6728 6820 6822
f 6821 6822 6820
f 6822 6722 6728
f 6823 6822 6821
f 6817 6823 6821
f 6823 6824 6822
f 6824 6722 6822
f 6817 6824 6823
f 6824 6825 6722
f 6825 6715 6722
f 6817 6826 6824
f 6827 6715 6825
f 6817 6828 6826
f 6828 6817 6815
f 6715 6827 6829
f 6829 6714 6715
f 6830 6828 6815
f 6814 6830 6815
f 6829 6831 6714
f 6832 6830 6814
f 6833 6831 6829
f 6827 6833 6829
f 6834 6714 6831
f 6827 6835 6833
f 6835 6827 6825
f 6833 6836 6831
f 6836 6834 6831
f 6837 6833 6835
f 6836 6833 6837
f 6835 6825 6838
f 6835 6838 6837
f 6824 6838 6825
f 6839 6838 6824
f 6824 6826 6839
f 6840 6838 6839
f 6826 6840 6839
f 6840 6837 6838
f 6841 6836 6837
f 6840 6841 6837
f 6841 6842 6836
f 6842 6834 6836
f 6843 6841 6840
f 6843 6842 6841
f 6826 6844 6840
f 6844 6826 6828
f 6840 6844 6845
f 6840 6845 6843
f 6846 6844 6828
f 6845 6844 6846
f 6830 6846 6828
f 6847 6846 6830
f 6832 6847 6830
f 6848 6845 6846
f 6848 6846 6847
f 6845 6848 6849
f 6850 6847 6832
f 6849 6851 6845
f 6851 6843 6845
f 6849 6848 6852
f 6852 6851 6849
f 6853 6848 6847
f 6854 6852 6848
f 6853 6854 6848
f 6847 6850 6855
f 6855 6853 6847
f 6856 6855 6850
f 6856 6853 6855
f 6832 6857 6850
f 6832 6814 6857
f 6813 6857 6814
f 6856 6850 6858
f 6858 6850 6857
f 6858 6859 6856
f 6858 6857 6859
f 6857 6813 6860
f 6816 6860 6813
f 6861 6859 6857
f 6861 6857 6860
f 6859 6862 6856
f 6862 6859 6861
f 6863 6856 6862
f 6863 6853 6856
f 6864 6862 6861
f 6865 6861 6860
f 6864 6861 6865
f 6866 6862 6864
f 6866 6863 6862
f 6867 6864 6865
f 6868 6866 6864
f 6868 6864 6867
f 6865 6860 6869
f 6867 6865 6869
f 6869 6860 6870
f 6860 6816 6870
f 6871 6869 6870
f 6872 6870 6816
f 6871 6870 6872
f 6872 6816 6818
f 6869 6871 6873
f 6873 6867 6869
f 6871 6872 6874
f 6873 6871 6874
f 6875 6867 6873
f 6876 6873 6874
f 6876 6875 6873
f 6874 6872 6877
f 6876 6874 6877
f 6867 6875 6878
f 6878 6868 6867
f 6875 6876 6879
f 6875 6879 6878
f 6877 6872 6880
f 6880 6872 6818
f 6877 6880 6881
f 6880 6818 6881
f 6876 6877 6882
f 6881 6818 6883
f 6884 6876 6882
f 6879 6876 6884
f 6877 6885 6882
f 6885 6877 6881
f 6884 6882 6886
f 6886 6882 6885
f 6887 6879 6884
f 6885 6881 6888
f 6883 6888 6881
f 6886 6885 6889
f 6889 6885 6888
f 6890 6884 6886
f 6890 6887 6884
f 6891 6886 6889
f 6890 6886 6891
f 6889 6888 6892
f 6892 6891 6889
f 6883 6893 6888
f 6891 6892 805
f 6891 805 803
f 800 6891 803
f 800 6890 6891
f 6894 805 6892
f 805 6894 807
f 6895 6890 800
f 800 801 6895
f 6895 801 6896
f 6896 6890 6895
f 801 1396 6896
f 6897 6890 6896
f 6887 6890 6897
f 1396 6898 6896
f 6898 6897 6896
f 6899 6898 1396
f 6899 1396 1399
f 6898 6900 6897
f 6899 6900 6898
f 6900 6887 6897
f 1399 6901 6899
f 6899 6901 6900
f 6901 1399 1402
f 6901 6902 6900
f 1402 6902 6901
f 6900 6903 6887
f 6903 6879 6887
f 6903 6878 6879
f 6904 6900 6902
f 1402 6904 6902
f 6904 6903 6900
f 1402 1411 6904
f 6878 6903 6905
f 6905 6868 6878
f 6906 6903 6904
f 6904 1411 6906
f 6906 6905 6903
f 6906 1411 1413
f 6907 6868 6905
f 6866 6868 6907
f 6908 6905 6906
f 6908 6907 6905
f 6907 6909 6866
f 6908 6909 6907
f 6866 6909 6863
f 6910 6908 6906
f 1413 6910 6906
f 6908 6911 6909
f 6910 6911 6908
f 6912 6910 1413
f 6912 6911 6910
f 1412 6912 1413
f 6913 6912 1412
f 6913 6911 6912
f 1416 6913 1412
f 6914 6911 6913
f 1416 6914 6913
f 6911 6915 6909
f 6909 6915 6863
f 6914 6916 6911
f 6917 6914 1416
f 6917 6916 6914
f 6917 1416 6918
f 6916 6919 6911
f 6919 6915 6911
f 6920 6917 6918
f 6916 6917 6920
f 6921 6918 1416
f 6918 6921 6920
f 1420 6921 1416
f 6920 6922 6916
f 1420 6923 6921
f 1420 1425 6923
f 1425 1428 6923
f 6920 6921 6924
f 6924 6922 6920
f 6923 6925 6921
f 6921 6925 6924
f 6923 6926 6925
f 6925 6926 6924
f 1428 6926 6923
f 6924 6927 6922
f 6926 6927 6924
f 6916 6922 6928
f 6916 6928 6919
f 6927 6929 6922
f 6928 6922 6929
f 6927 6930 6929
f 6929 6931 6928
f 6930 6931 6929
f 6927 6932 6930
f 6930 6932 6931
f 6926 6933 6927
f 6932 6927 6933
f 6934 6926 1428
f 6934 6933 6926
f 6934 1428 6935
f 1429 6935 1428
f 1429 1432 6935
f 1432 6934 6935
f 1432 6936 6934
f 6936 6933 6934
f 1443 6936 1432
f 6936 6937 6933
f 6938 6936 1443
f 6936 6938 6937
f 1443 6939 6938
f 1446 6939 1443
f 6933 6937 6940
f 6933 6940 6932
f 6939 1446 6941
f 1447 6941 1446
f 1447 1453 6941
f 6941 6942 6939
f 6939 6942 6938
f 6941 1453 6943
f 6941 6943 6942
f 6938 6942 6944
f 6944 6937 6938
f 6943 6945 6942
f 6942 6945 6944
f 1453 6946 6943
f 6943 6946 6945
f 1453 6947 6946
f 1455 6947 1453
f 6946 6948 6945
f 6947 6949 6946
f 6946 6949 6948
f 6949 6947 6950
f 6951 6947 1455
f 6947 6951 6950
f 6950 6952 6949
f 6949 6952 6948
f 6951 6953 6950
f 6953 6952 6950
f 6951 1455 6954
f 6955 6953 6951
f 6954 6955 6951
f 1455 6956 6954
f 1462 6956 1455
f 6954 6957 6955
f 6956 6957 6954
f 6958 6953 6955
f 6957 6958 6955
f 6959 6956 1462
f 1464 6959 1462
f 1464 6960 6959
f 1473 6960 1464
f 6961 6956 6959
f 6961 6959 6960
f 6956 6961 6962
f 6957 6956 6962
f 6960 6963 6961
f 6960 1473 6963
f 6964 6962 6961
f 6963 6964 6961
f 6962 6964 6965
f 6962 6965 6957
f 6963 6966 6964
f 6964 6967 6965
f 6966 6967 6964
f 6968 6957 6965
f 6965 6967 6968
f 6968 6969 6957
f 6968 6967 6969
f 6969 6970 6957
f 6967 6971 6969
f 6969 6971 6970
f 6957 6970 6972
f 6957 6972 6958
f 6972 6970 6973
f 6958 6972 6973
f 6970 6971 6973
f 6958 6973 6974
f 6958 6974 6953
f 6967 6975 6971
f 6976 6953 6974
f 6952 6953 6976
f 6967 6977 6975
f 6966 6977 6967
f 6975 6978 6971
f 6971 6978 6973
f 6977 6979 6975
f 6975 6979 6978
f 6966 6980 6977
f 6979 6981 6978
f 6982 6980 6966
f 6981 6983 6978
f 6983 6973 6978
f 6984 6982 6966
f 6963 6984 6966
f 6973 6983 6985
f 6984 6963 6986
f 1473 6986 6963
f 1473 6987 6986
f 1469 6987 1473
f 1483 6987 1469
f 6988 6986 6987
f 6988 6987 1483
f 6986 6988 6984
f 6988 1483 6989
f 1488 6989 1483
f 6989 1488 1672
f 6989 6990 6988
f 6990 6984 6988
f 6989 1672 6990
f 6990 6991 6984
f 6991 6990 1672
f 6984 6991 6982
f 6991 6992 6982
f 6992 6993 6982
f 6982 6993 6980
f 6994 6992 6991
f 6993 6992 6994
f 1672 6995 6991
f 6991 6995 6994
f 1672 6996 6995
f 6995 6997 6994
f 6997 6995 6996
f 6998 6996 1672
f 1672 1671 6998
f 1671 1674 6998
f 6996 6998 6999
f 1674 6999 6998
f 7000 6996 6999
f 6996 7000 6997
f 1674 7001 6999
f 6999 7001 7000
f 1674 1683 7001
f 7001 7002 7000
f 1683 7002 7001
f 7000 7003 6997
f 7000 7002 7003
f 6997 7004 6994
f 6997 7003 7004
f 6994 7004 6993
f 7003 7005 7004
f 7004 7006 6993
f 7005 7006 7004
f 7003 7007 7005
f 7003 7008 7007
f 7007 7008 7005
f 7002 7008 7003
f 7005 7009 7006
f 7008 7009 7005
f 7010 6993 7006
f 7011 7006 7009
f 7006 7011 7010
f 7008 7012 7009
f 7009 7012 7011
f 7002 7013 7008
f 7008 7013 7012
f 7002 7014 7013
f 7002 1683 7014
f 7015 7012 7013
f 1683 7016 7014
f 1684 7016 1683
f 1684 1844 7016
f 1844 7017 7016
f 7017 7014 7016
f 1844 1850 7017
f 7018 7014 7017
f 7014 7018 7013
f 7017 1850 7019
f 7019 7018 7017
f 1850 1848 7019
f 7013 7018 7020
f 7013 7020 7015
f 7018 7019 7021
f 7020 7018 7021
f 1848 7022 7019
f 7022 7021 7019
f 1851 7022 1848
f 1873 7022 1851
f 7023 7021 7022
f 7022 1873 7023
f 7021 7024 7020
f 7021 7023 7024
f 7020 7024 7025
f 7015 7020 7025
f 7026 7024 7023
f 7023 1873 7027
f 7023 7027 7026
f 7028 7027 1873
f 1871 7028 1873
f 7028 1871 1869
f 7024 7026 7029
f 7025 7024 7029
f 1869 7030 7028
f 7028 7031 7027
f 7031 7028 7030
f 1869 7032 7030
f 1869 1867 7032
f 7031 7030 7033
f 7030 7032 7033
f 1867 7034 7032
f 1865 7034 1867
f 7032 7035 7033
f 7034 7035 7032
f 1865 7036 7034
f 1862 7036 1865
f 1862 7037 7036
f 1862 1895 7037
f 7036 7038 7034
f 7037 7038 7036
f 1895 7039 7037
f 7037 7039 7038
f 1895 5513 7039
f 7040 7034 7038
f 7040 7038 7039
f 7034 7040 7035
f 7039 5513 7041
f 7039 7041 7040
f 5513 5506 7041
f 7041 5506 5502
f 7041 7042 7040
f 7041 5502 7042
f 7043 7035 7040
f 7043 7040 7042
f 7042 5502 7044
f 7043 7042 7044
f 5502 5504 7044
f 7035 7043 7045
f 7044 7045 7043
f 7035 7045 7033
f 7044 5504 7046
f 7045 7044 7046
f 7033 7045 7047
f 7047 7045 7046
f 7033 7047 7031
f 5504 7048 7046
f 5504 5499 7048
f 7046 7049 7047
f 7050 7048 5499
f 5499 5496 7050
f 7050 5496 5495
f 5495 6590 7050
f 7048 7050 6590
f 7046 7048 7051
f 7048 6590 7051
f 7049 7046 7051
f 7051 6590 7052
f 7049 7051 7052
f 6590 6591 7052
f 6593 7052 6591
f 7053 7049 7052
f 7053 7052 6593
f 7054 7047 7049
f 7054 7049 7053
f 7031 7047 7054
f 7055 7053 6593
f 7055 7054 7053
f 7055 6593 6617
f 7054 7056 7031
f 7055 7056 7054
f 7027 7031 7056
f 7026 7027 7056
f 7055 6617 7057
f 7056 7055 7057
f 7057 6617 6619
f 7058 7026 7056
f 7056 7057 7058
f 7058 7057 6619
f 7029 7026 7058
f 7029 7058 6619
f 7029 6619 6621
f 7059 7029 6621
f 7025 7029 7059
f 7059 6621 7060
f 6613 7060 6621
f 7061 7025 7059
f 7015 7025 7061
f 7062 7059 7060
f 7061 7059 7062
f 7060 6613 7063
f 7060 7063 7062
f 6611 7063 6613
f 7064 7015 7061
f 7015 7064 7012
f 7064 7011 7012
f 7065 7063 6611
f 7011 7064 7066
f 7066 7010 7011
f 7064 7061 7067
f 7066 7064 7067
f 7061 7068 7067
f 7061 7062 7068
f 7066 7067 7069
f 7067 7068 7069
f 7062 7063 7070
f 7062 7070 7068
f 7070 7063 7065
f 7071 7069 7068
f 7070 7065 7072
f 7073 7069 7071
f 7066 7069 7073
f 7068 7070 7074
f 7074 7070 7072
f 7068 7074 7075
f 7071 7068 7075
f 7075 7074 7076
f 7077 7071 7075
f 7076 7074 7078
f 7074 7072 7078
f 7079 7075 7076
f 7077 7075 7079
f 7080 7076 7078
f 7076 7080 7079
f 7080 7078 7081
f 7079 7080 7082
f 7082 7080 7081
f 7083 7077 7079
f 7084 7079 7082
f 7084 7083 7079
f 7085 7077 7083
f 7071 7077 7085
f 7083 7084 7086
f 7087 7071 7085
f 7087 7073 7071
f 7088 7085 7083
f 7088 7083 7086
f 7089 7087 7085
f 7088 7089 7085
f 7073 7087 7090
f 7089 7090 7087
f 7066 7073 7090
f 6981 7089 7088
f 6981 7088 6983
f 6983 7088 7086
f 6979 7089 6981
f 6979 7090 7089
f 7086 6985 6983
f 7090 6979 7091
f 6977 7091 6979
f 7092 7066 7090
f 7091 7092 7090
f 7010 7066 7092
f 7093 7091 6977
f 7091 7093 7092
f 6980 7093 6977
f 7094 7010 7092
f 7094 7092 7093
f 7093 6980 7094
f 7094 6993 7010
f 6993 7094 6980
f 6985 7086 7095
f 7095 7086 7096
f 7086 7084 7096
f 6985 7095 7097
f 7095 7096 7097
f 7084 7098 7096
f 7082 7098 7084
f 7097 7096 7099
f 7098 7099 7096
f 6985 7097 7100
f 7098 7082 7101
f 7082 7081 7101
f 7100 7097 7102
f 7097 7099 7102
f 6985 7100 7103
f 7103 7100 7102
f 6973 6985 7103
f 6973 7103 6974
f 6974 7103 7104
f 6974 7104 6976
f 7103 7102 7105
f 7103 7105 7104
f 7105 7102 7106
f 7102 7099 7106
f 7104 7105 7107
f 6976 7104 7108
f 7104 7107 7108
f 7107 7105 7109
f 7105 7106 7109
f 7108 7107 7110
f 7107 7109 7110
f 6976 7108 7111
f 6952 6976 7111
f 6952 7111 6948
f 7108 7110 7112
f 7111 7108 7112
f 7110 7109 7113
f 7110 7113 7112
f 7113 7109 7114
f 7113 7114 7112
f 7109 7115 7114
f 7106 7115 7109
f 7111 7112 7116
f 6948 7111 7116
f 7112 7114 7117
f 7116 7118 6948
f 6945 6948 7118
f 7116 7112 7119
f 7117 7119 7112
f 7116 7119 7120
f 7119 7117 7120
f 7118 7116 7121
f 7116 7120 7121
f 6945 7118 7122
f 6945 7122 6944
f 7123 7118 7121
f 7118 7123 7122
f 6944 7122 7124
f 6944 7124 6937
f 7122 7123 7125
f 7124 7122 7125
f 7123 7121 7126
f 7121 7120 7126
f 7123 7127 7125
f 7126 7127 7123
f 6937 7124 7128
f 6940 6937 7128
f 6940 7128 6932
f 7125 7129 7124
f 7128 7124 7129
f 7130 7125 7127
f 7125 7131 7129
f 7125 7130 7131
f 7131 7132 7129
f 7131 7130 7132
f 7128 7129 7133
f 7129 7132 7133
f 7127 7134 7130
f 7130 7134 7132
f 7126 7134 7127
f 7128 7133 7135
f 7128 7135 6932
f 7135 7133 7136
f 6932 7135 7137
f 7137 6931 6932
f 7136 7138 7135
f 7138 7136 7133
f 7135 7138 7137
f 7133 7132 7138
f 6931 7137 7139
f 6928 6931 7139
f 7138 7140 7137
f 7137 7140 7139
f 7132 7141 7138
f 7134 7141 7132
f 7138 7142 7140
f 7138 7141 7142
f 7134 7143 7141
f 7142 7144 7140
f 7139 7140 7144
f 7134 7145 7143
f 7134 7126 7145
f 7143 7146 7141
f 7145 7146 7143
f 7146 7147 7141
f 7141 7147 7142
f 7145 7148 7146
f 7147 7146 7148
f 7126 7149 7145
f 7126 7120 7149
f 7145 7149 7150
f 7149 7120 7150
f 7150 7148 7145
f 7117 7150 7120
f 7150 7151 7148
f 7150 7117 7151
f 7147 7148 7152
f 7148 7151 7152
f 7117 7153 7151
f 7114 7153 7117
f 7114 7115 7153
f 7151 7154 7152
f 7153 7115 7155
f 7156 7151 7153
f 7151 7156 7154
f 7156 7153 7155
f 7157 7154 7156
f 7154 7157 7152
f 7156 7155 7158
f 7156 7158 7157
f 7115 7159 7155
f 7159 7158 7155
f 7106 7159 7115
f 7106 7160 7159
f 7099 7160 7106
f 7099 7161 7160
f 7099 7098 7161
f 7098 7162 7161
f 7161 7162 7160
f 7162 7098 7101
f 7160 7163 7159
f 7160 7162 7163
f 7162 7101 7164
f 7164 7165 7162
f 7101 7165 7164
f 7162 7166 7163
f 7166 7162 7165
f 7165 7101 7167
f 7167 7101 7081
f 7168 7166 7165
f 7167 7168 7165
f 7166 7168 7163
f 7081 7169 7167
f 7081 7078 7169
f 7078 7072 7169
f 7167 7169 7170
f 7072 7171 7169
f 7169 7171 7170
f 7168 7167 7172
f 7167 7170 7172
f 7163 7168 7173
f 7168 7172 7173
f 7163 7173 7174
f 7159 7163 7174
f 7170 7175 7172
f 7170 7171 7175
f 7159 7174 7176
f 7159 7176 7158
f 7174 7173 7177
f 7174 7177 7176
f 7178 7173 7172
f 7173 7178 7177
f 7158 7176 7179
f 7180 7178 7172
f 7175 7180 7172
f 7179 7176 7181
f 7176 7177 7181
f 7158 7179 7182
f 7179 7181 7182
f 7157 7158 7182
f 7177 7183 7181
f 7177 7178 7184
f 7183 7177 7184
f 7184 7178 7185
f 7185 7178 7180
f 7186 7183 7184
f 7184 7185 7186
f 7181 7183 7187
f 7183 7186 7187
f 7182 7181 7187
f 7180 7188 7185
f 7180 7189 7188
f 7175 7189 7180
f 7185 7188 7190
f 7188 7189 7190
f 7175 7191 7189
f 7175 7171 7191
f 7189 7192 7190
f 7191 7171 7193
f 7072 7193 7171
f 7193 7072 7065
f 7065 6611 7193
f 7193 6611 6609
f 7194 7193 6609
f 7193 7194 7191
f 7195 7194 6609
f 7194 7195 7191
f 6609 6608 7195
f 7191 7195 7196
f 7195 6608 7196
f 7189 7191 7196
f 7189 7196 7192
f 6608 7197 7196
f 7192 7196 7197
f 7197 6608 6605
f 7192 7197 7198
f 7198 7197 6605
f 7192 7198 7190
f 7198 6605 6610
f 7199 7190 7198
f 7185 7190 7199
f 7198 6610 7200
f 7199 7198 7200
f 7200 6610 6612
f 7185 7199 7201
f 7186 7185 7201
f 7200 7202 7199
f 7199 7202 7201
f 7200 6612 7203
f 7202 7200 7203
f 6612 7204 7203
f 7203 7205 7202
f 7204 7205 7203
f 7204 6612 7206
f 6612 6614 7206
f 7205 7204 7207
f 7207 7204 7206
f 7208 7202 7205
f 7208 7205 7207
f 7201 7202 7208
f 7206 6614 7209
f 7209 7207 7206
f 7209 6614 6707
f 7208 7207 7210
f 7209 7210 7207
f 7201 7208 7211
f 7186 7201 7211
f 7211 7208 7212
f 7210 7212 7208
f 7213 7186 7211
f 7212 7213 7211
f 7213 7187 7186
f 7212 7210 7214
f 7187 7213 7215
f 7212 7215 7213
f 7214 7210 7216
f 7216 7210 7209
f 7212 7214 7217
f 7216 7217 7214
f 7212 7217 7215
f 7216 7209 7218
f 7209 6707 7218
f 7218 6707 6708
f 6714 7218 6708
f 6834 7218 6714
f 7219 7216 7218
f 7219 7218 6834
f 7217 7216 7219
f 7219 6834 6842
f 6843 7219 6842
f 7217 7219 7220
f 7220 7219 6843
f 7215 7217 7220
f 6851 7220 6843
f 7221 7215 7220
f 6851 7221 7220
f 7222 7215 7221
f 7222 7187 7215
f 7221 7223 7222
f 7187 7222 7223
f 7223 7221 6851
f 7182 7187 7223
f 7224 7223 6851
f 7224 6851 6852
f 7225 7182 7223
f 7225 7157 7182
f 7226 7224 6852
f 7226 6852 6854
f 7227 7223 7224
f 7227 7224 7226
f 7225 7223 7228
f 7228 7223 7227
f 7225 7228 7229
f 7229 7228 7227
f 7229 7227 7226
f 7229 7157 7225
f 7230 7226 6854
f 7230 7229 7226
f 7231 7230 6854
f 6854 6853 7231
f 7230 7232 7229
f 7231 7232 7230
f 7157 7229 7233
f 7229 7232 7233
f 7234 7231 6853
f 7234 7232 7231
f 6863 7234 6853
f 7235 7157 7233
f 7235 7152 7157
f 6863 7236 7234
f 6915 7236 6863
f 7237 7152 7235
f 7147 7152 7237
f 7237 7235 7238
f 7237 7238 7147
f 7238 7235 7233
f 7238 7233 7232
f 7142 7147 7238
f 7142 7238 7239
f 7239 7238 7232
f 7144 7142 7239
f 7144 7239 7232
f 7144 7232 7234
f 7240 7234 7236
f 7240 7144 7234
f 6915 7240 7236
f 7241 7144 7240
f 7139 7144 7241
f 7242 7240 6915
f 7242 7241 7240
f 7243 7139 7241
f 7243 7241 7242
f 7139 7243 7242
f 6928 7139 7242
f 6928 7242 6919
f 7244 7242 6915
f 6915 6919 7244
f 7242 7244 6919
f 5326 5314 7245
f 5326 7245 6535
f 5315 7245 5314
f 6535 7245 7246
f 7247 7245 5315
f 7247 7246 7245
f 7247 5315 7248
f 5312 7248 5315
f 7246 7249 6535
f 7249 6536 6535
f 7248 5312 7250
f 7249 7251 6536
f 7251 6539 6536
f 7250 5312 7252
f 5312 5307 7252
f 7250 7253 7248
f 7247 7248 7253
f 5307 7254 7252
f 7254 5307 5308
f 7250 7252 7255
f 7255 7252 7254
f 7250 7256 7253
f 7250 7255 7256
f 7257 7254 5308
f 7255 7254 7258
f 7254 7257 7258
f 5308 7259 7257
f 5308 5309 7259
f 7257 7259 7260
f 7258 7257 7260
f 7259 5309 7261
f 7260 7259 7262
f 7259 7261 7262
f 5309 7263 7261
f 7260 7262 7264
f 5309 7265 7263
f 5309 5296 7265
f 5296 5293 7265
f 7264 7266 7260
f 7260 7266 7258
f 7265 5293 7267
f 5293 5290 7267
f 7263 7265 7268
f 7265 7267 7268
f 7269 7267 5290
f 5290 5289 7269
f 7269 5289 7270
f 5289 5292 7270
f 7267 7269 7271
f 7271 7269 7270
f 7272 7267 7271
f 7272 7268 7267
f 7271 7270 7273
f 7273 7270 5292
f 7271 7273 7272
f 5292 7274 7273
f 7274 5292 5211
f 7272 7273 7275
f 7274 7275 7273
f 7276 7268 7272
f 7274 5211 7277
f 5211 5205 7277
f 7277 5205 2209
f 7278 7268 7276
f 7278 7263 7268
f 7277 2209 7279
f 2209 2205 7279
f 7279 2205 2201
f 7274 7277 7280
f 7280 7277 7279
f 2201 7281 7279
f 7281 2201 2198
f 7282 7280 7279
f 7282 7279 7281
f 7274 7280 7283
f 7280 7282 7283
f 7275 7274 7283
f 7284 7281 2198
f 7281 7284 7282
f 7284 2198 2195
f 7284 2195 2490
f 7284 2490 7285
f 7285 7282 7284
f 2493 7285 2490
f 7286 7282 7285
f 7286 7283 7282
f 7287 7285 2493
f 7287 7286 7285
f 2496 7287 2493
f 7283 7286 7288
f 7288 7286 7287
f 2496 7289 7287
f 7288 7287 7289
f 2499 7289 2496
f 7283 7288 7290
f 7289 7290 7288
f 7275 7283 7290
f 7272 7275 7290
f 7276 7272 7290
f 2499 7291 7289
f 7291 7290 7289
f 2502 7291 2499
f 7290 7292 7276
f 7290 7291 7292
f 7278 7276 7292
f 7291 2502 7293
f 7292 7291 7293
f 7294 7293 2502
f 2505 7294 2502
f 7295 7292 7293
f 7295 7278 7292
f 7294 7295 7293
f 7296 7278 7295
f 7296 7263 7278
f 7261 7263 7296
f 7262 7261 7296
f 7297 7296 7295
f 7262 7296 7297
f 7297 7295 7294
f 7262 7297 7298
f 7264 7262 7298
f 7299 7297 7294
f 2505 7299 7294
f 7298 7297 7299
f 7299 2505 2506
f 7264 7298 7266
f 7300 7299 2506
f 7299 7300 7298
f 7298 7300 7266
f 2506 2511 7300
f 7300 2511 7266
f 7301 7266 2511
f 7301 2511 2512
f 7266 7301 7258
f 7302 7301 2512
f 2515 7302 2512
f 7302 2515 2518
f 7303 7258 7301
f 7301 7302 7303
f 7258 7303 7304
f 7255 7258 7304
f 7305 7303 7302
f 7304 7303 7305
f 7302 2518 7305
f 7306 7255 7304
f 7256 7255 7306
f 7305 7307 7304
f 7307 7306 7304
f 7308 7305 2518
f 7308 7307 7305
f 7256 7306 7309
f 7309 7306 7307
f 7310 7308 2518
f 7310 2518 2521
f 2524 7310 2521
f 7311 7307 7308
f 7308 7310 7311
f 7312 7310 2524
f 7312 7311 7310
f 7311 7313 7307
f 7313 7309 7307
f 7311 7312 7314
f 7311 7314 7313
f 7315 7312 2524
f 2527 7315 2524
f 7314 7312 7316
f 7315 7316 7312
f 7317 7315 2527
f 2528 7317 2527
f 7316 7318 7314
f 7319 7317 2528
f 7319 2528 2532
f 7320 7315 7317
f 7320 7317 7319
f 7315 7321 7316
f 7320 7321 7315
f 7321 7318 7316
f 7319 2532 7322
f 2536 7322 2532
f 7323 7320 7319
f 7322 7323 7319
f 7324 7322 2536
f 3746 7324 2536
f 3746 3747 7324
f 7325 7322 7324
f 7325 7323 7322
f 7326 7324 3747
f 7326 7325 7324
f 3749 7326 3747
f 7327 7320 7323
f 7321 7320 7327
f 7325 7328 7323
f 7323 7328 7327
f 7326 7329 7325
f 7328 7325 7329
f 7330 7326 3749
f 7330 3749 3751
f 7331 7329 7326
f 7331 7326 7330
f 7332 7330 3751
f 3753 7332 3751
f 714 7332 3753
f 714 713 7332
f 7333 7331 7330
f 7333 7330 7332
f 7334 7329 7331
f 7333 7334 7331
f 713 7335 7332
f 7335 7333 7332
f 713 7336 7335
f 713 715 7336
f 7335 7337 7333
f 7338 7336 715
f 716 7338 715
f 7336 7339 7335
f 7338 7339 7336
f 7335 7339 7337
f 7338 716 721
f 7338 7340 7339
f 7340 7337 7339
f 7338 721 7341
f 7340 7338 7341
f 7337 7342 7333
f 7342 7334 7333
f 7340 7343 7337
f 7337 7343 7342
f 7334 7342 7344
f 7342 7343 7344
f 7340 7345 7343
f 7341 7345 7340
f 7343 7346 7344
f 7346 7343 7345
f 7347 7334 7344
f 7329 7334 7347
f 7329 7347 7328
f 7346 7348 7344
f 7344 7349 7347
f 7344 7348 7349
f 7347 7350 7328
f 7350 7347 7349
f 7348 7346 7351
f 7345 7351 7346
f 7348 7352 7349
f 7350 7349 7352
f 7353 7348 7351
f 7353 7352 7348
f 7345 7354 7351
f 7354 7345 7341
f 7353 7351 7355
f 7356 7351 7354
f 7356 7355 7351
f 7341 7357 7354
f 7354 7358 7356
f 7354 7357 7358
f 7356 7359 7355
f 7358 7359 7356
f 7341 7360 7357
f 721 7360 7341
f 7360 721 737
f 737 7361 7360
f 7361 7357 7360
f 737 734 7361
f 7358 7357 7362
f 7361 7362 7357
f 734 7363 7361
f 7362 7361 7363
f 734 7364 7363
f 7364 734 735
f 735 781 7364
f 7363 7365 7362
f 7364 7366 7363
f 7365 7363 7366
f 781 7367 7364
f 7367 7366 7364
f 7368 7367 781
f 781 809 7368
f 7367 7369 7366
f 7370 7368 809
f 7370 809 807
f 7371 7367 7368
f 7370 7371 7368
f 7369 7367 7371
f 7370 807 7372
f 7372 807 6894
f 7373 7372 6894
f 7372 7373 7370
f 7373 6894 6892
f 6892 6888 7373
f 7373 6888 7374
f 7374 7370 7373
f 6888 6893 7374
f 7374 7375 7370
f 7374 6893 7375
f 7375 7371 7370
f 7375 6893 7376
f 6883 7376 6893
f 6883 6818 7376
f 6818 6809 7376
f 6809 6807 7376
f 7377 7371 7375
f 7375 7376 7377
f 6807 7377 7376
f 7377 7369 7371
f 7377 6807 6806
f 6806 7369 7377
f 7378 7369 6806
f 6806 6810 7378
f 7379 7369 7378
f 7369 7379 7366
f 7365 7366 7379
f 7380 7378 6810
f 7378 7380 7379
f 7381 7365 7379
f 7379 7380 7381
f 7365 7381 7362
f 6810 7382 7380
f 6810 6808 7382
f 7381 7383 7362
f 7362 7383 7358
f 7359 7358 7383
f 7381 7380 7384
f 7383 7381 7385
f 7385 7381 7384
f 7383 7386 7359
f 7383 7385 7387
f 7386 7383 7387
f 7388 7385 7384
f 7387 7385 7388
f 7380 7389 7384
f 7388 7384 7389
f 7380 7390 7389
f 7382 7390 7380
f 7388 7389 7391
f 7382 7392 7390
f 6808 7392 7382
f 7390 7393 7389
f 7390 7392 7393
f 7393 7391 7389
f 6808 7394 7392
f 6804 7394 6808
f 6804 6799 7394
f 7393 7392 7395
f 7396 7394 6799
f 6799 6798 7396
f 7394 7397 7392
f 7392 7397 7395
f 7394 7398 7397
f 7396 7398 7394
f 7398 7399 7397
f 7397 7399 7395
f 7398 7396 7400
f 7399 7398 7400
f 7400 7396 7401
f 7401 7399 7400
f 7396 6798 7401
f 6797 7401 6798
f 7401 7402 7399
f 7399 7402 7395
f 7401 6797 7403
f 7401 7403 7402
f 7403 6797 7404
f 7404 7402 7403
f 7404 6797 7405
f 6797 6796 7405
f 7406 7402 7404
f 7402 7406 7395
f 7404 7405 7407
f 6796 7408 7405
f 7405 7408 7407
f 7408 6796 7409
f 6796 6764 7409
f 7408 7410 7407
f 7411 7409 6764
f 6759 7411 6764
f 7408 7409 7412
f 7408 7412 7410
f 7409 7411 7413
f 7409 7413 7412
f 6759 7414 7411
f 7411 7415 7413
f 7411 7414 7415
f 7413 7416 7412
f 7415 7416 7413
f 6759 7417 7414
f 6759 6744 7417
f 7414 7418 7415
f 7414 7417 7418
f 7415 7419 7416
f 7415 7418 7419
f 7420 7412 7416
f 7420 7410 7412
f 7421 7416 7419
f 7416 7421 7420
f 7417 7422 7418
f 6744 7422 7417
f 7418 7423 7419
f 7422 7423 7418
f 6744 7424 7422
f 7424 6744 6675
f 7422 7424 7425
f 7422 7425 7423
f 7424 6675 7426
f 7424 7426 7425
f 7425 7426 7423
f 6667 7426 6675
f 7426 6667 7423
f 6667 6666 7423
f 6666 7419 7423
f 7419 6666 7421
f 7421 6666 7427
f 6661 7427 6666
f 6659 7427 6661
f 7428 7421 7427
f 7428 7420 7421
f 7427 6659 7429
f 7420 7428 7430
f 7410 7420 7430
f 7428 7427 7431
f 7431 7427 7429
f 7430 7428 7432
f 7432 7428 7431
f 7410 7430 7433
f 7434 7430 7432
f 7434 7433 7430
f 7435 7410 7433
f 7436 7410 7435
f 7410 7436 7407
f 7404 7407 7436
f 7437 7435 7433
f 7435 7437 7436
f 7404 7436 7438
f 7438 7436 7437
f 7438 7406 7404
f 7439 7437 7433
f 7433 7434 7439
f 7438 7437 7440
f 7406 7438 7440
f 7441 7437 7439
f 7441 7440 7437
f 7442 7406 7440
f 7395 7406 7442
f 7440 7441 7443
f 7442 7444 7395
f 7393 7395 7444
f 7442 7440 7445
f 7445 7440 7443
f 7444 7442 7445
f 7393 7444 7391
f 7445 7443 7446
f 7443 7441 7446
f 7447 7444 7445
f 7391 7444 7448
f 7448 7444 7447
f 7449 7391 7448
f 7388 7391 7449
f 7449 7387 7388
f 7449 7448 7450
f 7448 7447 7450
f 7449 7451 7387
f 7450 7451 7449
f 7387 7451 7452
f 7386 7387 7452
f 7453 7451 7450
f 7450 7447 7453
f 7452 7451 7454
f 7451 7453 7454
f 7386 7452 7455
f 7452 7454 7455
f 7447 7456 7453
f 7456 7447 7445
f 7446 7456 7445
f 7453 7457 7454
f 7453 7456 7457
f 7456 7446 7458
f 7456 7458 7457
f 7458 7446 7459
f 7454 7457 7460
f 7455 7454 7460
f 7461 7457 7458
f 7458 7459 7461
f 7459 7446 7462
f 7462 7461 7459
f 7446 7441 7462
f 7441 7439 7462
f 7462 7439 7463
f 7462 7463 7461
f 7439 7434 7463
f 7457 7461 7464
f 7464 7460 7457
f 7463 7465 7461
f 7463 7434 7465
f 7461 7466 7464
f 7465 7466 7461
f 7464 7466 7460
f 7467 7465 7434
f 7434 7432 7467
f 7468 7466 7465
f 7468 7460 7466
f 7468 7465 7467
f 7468 7469 7460
f 7467 7432 7470
f 7470 7432 7431
f 7471 7468 7467
f 7469 7468 7471
f 7470 7472 7467
f 7467 7472 7471
f 7469 7473 7460
f 7455 7460 7473
f 7469 7471 7474
f 7475 7455 7473
f 7386 7455 7475
f 7473 7469 7476
f 7475 7473 7476
f 7474 7476 7469
f 7386 7475 7477
f 7359 7386 7477
f 7359 7477 7355
f 7475 7478 7477
f 7355 7477 7478
f 7475 7476 7478
f 7478 7353 7355
f 7478 7476 7479
f 7476 7474 7479
f 7480 7353 7478
f 7479 7480 7478
f 7353 7480 7352
f 7481 7479 7474
f 7352 7480 7482
f 7352 7482 7350
f 7483 7480 7479
f 7483 7479 7481
f 7480 7483 7482
f 7484 7481 7474
f 7481 7485 7483
f 7481 7484 7485
f 7474 7486 7484
f 7486 7474 7471
f 7472 7486 7471
f 7485 7484 7487
f 7487 7484 7486
f 7488 7485 7487
f 7487 7486 7489
f 7488 7487 7489
f 7472 7490 7486
f 7490 7489 7486
f 7485 7488 7491
f 7491 7483 7485
f 7490 7492 7489
f 7491 7493 7483
f 7482 7483 7493
f 7472 7494 7490
f 7490 7494 7492
f 7482 7493 7495
f 7494 7472 7496
f 7496 7472 7470
f 7495 7497 7482
f 7497 7350 7482
f 7470 7498 7496
f 7431 7498 7470
f 7350 7497 7499
f 7350 7499 7328
f 7328 7499 7327
f 7327 7499 7321
f 7500 7499 7497
f 7499 7500 7321
f 7497 7495 7500
f 7500 7501 7321
f 7500 7495 7501
f 7321 7501 7318
f 7493 7502 7495
f 7495 7502 7501
f 7491 7502 7493
f 7318 7501 7503
f 7503 7314 7318
f 7503 7313 7314
f 7501 7502 7504
f 7504 7503 7501
f 7505 7502 7491
f 7505 7504 7502
f 7503 7506 7313
f 7313 7506 7309
f 7504 7507 7503
f 7506 7503 7507
f 7506 7508 7309
f 7507 7508 7506
f 7256 7309 7508
f 7508 7253 7256
f 7508 7509 7253
f 7509 7508 7507
f 7509 7247 7253
f 7510 7507 7504
f 7505 7510 7504
f 7507 7511 7509
f 7511 7507 7510
f 7512 7247 7509
f 7512 7509 7511
f 7246 7247 7512
f 7512 7511 7513
f 7510 7513 7511
f 7246 7512 7514
f 7512 7513 7514
f 7246 7514 7249
f 7513 7515 7514
f 7515 7249 7514
f 7516 7513 7510
f 7516 7515 7513
f 7510 7505 7517
f 7517 7516 7510
f 7491 7517 7505
f 7491 7488 7517
f 7488 7516 7517
f 7489 7516 7488
f 7489 7518 7516
f 7515 7516 7518
f 7518 7489 7492
f 7519 7249 7515
f 7519 7515 7518
f 7251 7249 7519
f 7520 7518 7492
f 7518 7520 7519
f 7251 7519 7521
f 7520 7521 7519
f 6539 7251 7521
f 7520 7492 7522
f 7492 7494 7522
f 7520 7523 7521
f 7522 7523 7520
f 7521 7524 6539
f 7523 7524 7521
f 7524 6541 6539
f 7524 6543 6541
f 7523 7522 7525
f 7494 7525 7522
f 7523 7526 7524
f 7525 7526 7523
f 6543 7524 7527
f 7526 7527 7524
f 6545 6543 7527
f 7528 7527 7526
f 7528 6545 7527
f 7529 7526 7525
f 7529 7528 7526
f 7525 7494 7530
f 7530 7529 7525
f 7531 7530 7494
f 7496 7531 7494
f 7496 7498 7531
f 7530 7532 7529
f 7530 7531 7532
f 7533 7528 7529
f 7529 7532 7533
f 7498 7534 7531
f 7531 7534 7532
f 7532 7535 7533
f 7534 7535 7532
f 7536 7528 7533
f 7535 7536 7533
f 7534 7498 7537
f 7431 7537 7498
f 7431 7429 7537
f 7534 7538 7535
f 7535 7538 7536
f 7537 7539 7534
f 7538 7534 7539
f 7539 7537 7429
f 7540 7538 7539
f 7429 7540 7539
f 7538 7540 7536
f 7429 6659 7540
f 7540 6659 7541
f 6659 6656 7541
f 7540 7541 7542
f 7541 6656 7542
f 7540 7542 7536
f 6656 6657 7542
f 7542 6657 7536
f 7543 7536 6657
f 6657 6552 7543
f 7544 7536 7543
f 7536 7544 7528
f 7528 7544 6545
f 7543 6552 7545
f 7543 7545 7544
f 7545 6545 7544
f 6552 6547 7545
f 6547 6545 7545
f 7546 5734 2019
f 7546 5739 5734
f 2022 7546 2019
f 7546 7547 5739
f 7547 5748 5739
f 7546 2022 7548
f 7548 7547 7546
f 2023 7548 2022
f 7547 7549 5748
f 7548 7549 7547
f 7550 5748 7549
f 7550 5749 5748
f 7551 7549 7548
f 7550 7549 7551
f 2023 7552 7548
f 7548 7552 7551
f 7552 2023 2025
f 7553 7550 7551
f 7552 7553 7551
f 7554 5749 7550
f 7553 7554 7550
f 5751 5749 7554
f 7555 7552 2025
f 7555 2025 2028
f 7556 5751 7554
f 5773 5751 7556
f 7557 7555 2028
f 7557 2028 2038
f 7558 7552 7555
f 7552 7558 7553
f 7555 7557 7559
f 7559 7558 7555
f 2038 7560 7557
f 7560 7559 7557
f 2040 7560 2038
f 7559 7561 7558
f 7560 2040 7562
f 2043 7562 2040
f 7563 7559 7560
f 7563 7561 7559
f 7560 7564 7563
f 7564 7560 7562
f 7563 7565 7561
f 7564 7565 7563
f 7561 7566 7558
f 7558 7566 7553
f 7553 7566 7554
f 7556 7554 7566
f 7556 7566 7567
f 7567 5773 7556
f 7561 7568 7566
f 7568 7567 7566
f 7568 5773 7567
f 7565 7568 7561
f 7569 5773 7568
f 7565 7569 7568
f 5773 7569 5774
f 5774 7569 5785
f 7570 7569 7565
f 5785 7569 7571
f 7570 7571 7569
f 7572 7570 7565
f 7572 7571 7570
f 7572 7565 7573
f 7564 7573 7565
f 7574 7573 7564
f 7573 7574 7572
f 7562 7574 7564
f 7575 7571 7572
f 7576 7572 7574
f 7576 7575 7572
f 7562 7577 7574
f 7577 7576 7574
f 7578 7577 7562
f 2043 7578 7562
f 2043 2046 7578
f 7579 7576 7577
f 7578 2046 7580
f 7578 7581 7577
f 7578 7580 7581
f 7579 7577 7581
f 7582 7580 2046
f 7582 2046 2051
f 7580 7583 7581
f 7582 7583 7580
f 2051 7584 7582
f 7584 7583 7582
f 2054 7584 2051
f 7585 7581 7583
f 7579 7581 7585
f 7584 7586 7583
f 7585 7583 7586
f 7584 2054 7587
f 2058 7587 2054
f 2064 7587 2058
f 7588 7587 2064
f 2065 7588 2064
f 7589 7584 7587
f 7588 7589 7587
f 7586 7584 7590
f 7584 7589 7590
f 7585 7586 7591
f 7586 7590 7591
f 7591 7592 7585
f 7585 7592 7579
f 7593 7591 7590
f 7594 7592 7591
f 7593 7594 7591
f 7592 7595 7579
f 7592 7594 7595
f 7596 7593 7590
f 7590 7589 7596
f 7597 7596 7589
f 7589 7588 7597
f 7598 7593 7596
f 7598 7596 7597
f 7599 7597 7588
f 7588 2065 7599
f 7600 7598 7597
f 7599 7600 7597
f 7601 7599 2065
f 7602 7599 7601
f 7602 7600 7599
f 7603 7601 2065
f 7603 7602 7601
f 7604 7603 2065
f 144 7604 2065
f 7605 7602 7603
f 7605 7600 7602
f 7606 7603 7604
f 7606 7604 144
f 7607 7605 7603
f 7607 7603 7606
f 7606 144 7608
f 142 7608 144
f 141 7608 142
f 7609 7607 7606
f 7609 7606 7608
f 7610 7608 141
f 7610 7609 7608
f 7610 141 138
f 7607 7609 7611
f 7609 7610 7611
f 7605 7607 7611
f 138 7612 7610
f 7610 7613 7611
f 7612 7613 7610
f 7611 7614 7605
f 7613 7614 7611
f 7615 7612 138
f 135 7615 138
f 7616 7613 7612
f 7616 7614 7613
f 7612 7615 7616
f 7605 7614 7617
f 7600 7605 7617
f 7614 7616 7618
f 7617 7614 7618
f 7617 7619 7600
f 7600 7619 7598
f 7618 7620 7617
f 7620 7619 7617
f 7621 7618 7616
f 7622 7620 7618
f 7622 7618 7621
f 7616 7615 7623
f 7623 7621 7616
f 7624 7623 7615
f 7625 7621 7623
f 7625 7623 7624
f 7626 7615 135
f 7624 7615 7626
f 130 7626 135
f 7624 7626 7627
f 7628 7626 130
f 7626 7628 7627
f 130 129 7628
f 7629 7624 7627
f 7629 7625 7624
f 7630 7627 7628
f 7630 7629 7627
f 7631 7628 129
f 7628 7631 7630
f 7631 129 7632
f 7632 129 126
f 121 7632 126
f 7631 7632 7633
f 7633 7630 7631
f 7634 7632 121
f 7632 7634 7633
f 118 7634 121
f 7630 7633 7635
f 7633 7634 7636
f 7636 7635 7633
f 7637 7634 118
f 7634 7637 7636
f 7635 7638 7630
f 7629 7630 7638
f 7635 7636 7639
f 7635 7640 7638
f 7640 7635 7639
f 7629 7638 7641
f 7639 7636 7642
f 7642 7636 7637
f 7639 7643 7640
f 7643 7639 7642
f 7640 7644 7638
f 7643 7644 7640
f 7638 7644 7641
f 7629 7641 7645
f 7629 7645 7625
f 7641 7646 7645
f 7647 7625 7645
f 7646 7647 7645
f 7621 7625 7647
f 7648 7646 7641
f 7648 7641 7644
f 7649 7646 7648
f 7647 7646 7649
f 7644 7650 7648
f 7649 7648 7650
f 7647 7651 7621
f 7649 7652 7647
f 7652 7651 7647
f 7651 7653 7621
f 7653 7622 7621
f 7652 7654 7651
f 7653 7651 7654
f 7649 7655 7652
f 7655 7654 7652
f 7654 7656 7653
f 7656 7622 7653
f 7657 7654 7655
f 7654 7657 7656
f 7649 7658 7655
f 7655 7658 7657
f 7659 7658 7649
f 7649 7650 7659
f 7658 7660 7657
f 7657 7660 7656
f 7659 7661 7658
f 7658 7661 7660
f 7662 7622 7656
f 7656 7663 7662
f 7663 7656 7660
f 7662 7664 7622
f 7662 7663 7664
f 7622 7664 7620
f 7660 7665 7663
f 7663 7666 7664
f 7665 7666 7663
f 7664 7667 7620
f 7668 7665 7660
f 7661 7668 7660
f 7665 7669 7666
f 7669 7665 7668
f 7670 7664 7666
f 7666 7669 7670
f 7664 7670 7667
f 7667 7671 7620
f 7671 7619 7620
f 7667 7672 7671
f 7667 7670 7672
f 7671 7673 7619
f 7671 7672 7673
f 7673 7674 7619
f 7619 7674 7598
f 7672 7675 7673
f 7673 7675 7674
f 7670 7676 7672
f 7676 7675 7672
f 7674 7677 7598
f 7598 7677 7593
f 7675 7678 7674
f 7677 7674 7678
f 7679 7593 7677
f 7593 7679 7594
f 7677 7678 7680
f 7677 7680 7679
f 7675 7681 7678
f 7678 7681 7680
f 7679 7682 7594
f 7679 7680 7683
f 7683 7682 7679
f 7684 7680 7681
f 7684 7683 7680
f 7685 7594 7682
f 7594 7685 7595
f 7682 7686 7685
f 7685 7687 7595
f 7687 7685 7686
f 7688 7595 7687
f 7595 7688 7579
f 7688 7576 7579
f 7688 7575 7576
f 7688 7689 7575
f 7687 7689 7688
f 7689 7571 7575
f 7687 7690 7689
f 7687 7686 7690
f 7689 7691 7571
f 7571 7691 5785
f 7691 5783 5785
f 7692 7689 7690
f 7689 7692 7691
f 7693 5783 7691
f 7692 7693 7691
f 7693 5781 5783
f 7692 7690 7694
f 7694 7690 7686
f 7693 7692 7695
f 7694 7695 7692
f 7695 5781 7693
f 7686 7696 7694
f 7695 7697 5781
f 7686 7698 7696
f 7682 7698 7686
f 7683 7698 7682
f 7697 7699 5781
f 5781 7699 5778
f 5778 7699 5957
f 7697 5957 7699
f 5969 5957 7697
f 7700 5969 7697
f 7697 7695 7700
f 5971 5969 7700
f 7695 7701 7700
f 7701 7695 7694
f 7700 7702 5971
f 7702 7700 7701
f 7703 7701 7694
f 7703 7702 7701
f 7694 7696 7703
f 5971 7702 7704
f 7703 7704 7702
f 5974 5971 7704
f 7705 7703 7696
f 7706 5974 7704
f 5974 7706 5976
f 6017 5976 7706
f 7707 7704 7703
f 7705 7707 7703
f 7707 7708 7704
f 7707 7705 7708
f 7704 7708 7706
f 7705 7696 7709
f 7709 7696 7698
f 7710 7705 7709
f 7698 7710 7709
f 7705 7710 7708
f 7698 7683 7710
f 7708 7710 7711
f 7710 7683 7711
f 7711 7712 7708
f 7712 7711 7683
f 7708 7712 7706
f 7683 7684 7712
f 7713 7706 7712
f 7712 7684 7713
f 6017 7706 7713
f 7713 6021 6017
f 7714 7713 7684
f 6021 7713 7714
f 7714 7684 7681
f 7715 7714 7681
f 7715 6021 7714
f 7681 7675 7715
f 7716 6021 7715
f 7716 6023 6021
f 7717 7715 7675
f 7676 7717 7675
f 7715 7718 7716
f 7717 7718 7715
f 6023 7716 7719
f 7719 7716 7718
f 6025 6023 7719
f 7720 7717 7676
f 7718 7717 7720
f 7721 7720 7676
f 7676 7670 7721
f 7669 7721 7670
f 7722 7718 7720
f 7721 7722 7720
f 7721 7669 7723
f 7723 7722 7721
f 7668 7723 7669
f 7718 7722 7724
f 7718 7724 7719
f 7723 7725 7722
f 7668 7725 7723
f 7726 7724 7722
f 7726 7722 7725
f 7727 7719 7724
f 7724 7726 7727
f 7727 6025 7719
f 7728 7726 7725
f 7727 7729 6025
f 6025 7729 6029
f 7730 7727 7726
f 7730 7729 7727
f 7726 7728 7730
f 7731 6029 7729
f 7730 7732 7729
f 7729 7732 7731
f 7733 7730 7728
f 7733 7732 7730
f 7731 7734 6029
f 6029 7734 6033
f 7732 7735 7731
f 7734 7731 7735
f 7736 7732 7733
f 7736 7735 7732
f 6033 7734 7737
f 6035 6033 7737
f 7735 7738 7734
f 7738 7737 7734
f 7738 7735 7739
f 7735 7736 7739
f 7740 6035 7737
f 6038 6035 7740
f 7741 7737 7738
f 7742 6038 7740
f 6044 6038 7742
f 7740 7737 7743
f 7737 7741 7743
f 7742 7744 6044
f 7744 6050 6044
f 7742 7740 7745
f 7740 7743 7745
f 7744 7742 7746
f 7746 7742 7745
f 7747 6050 7744
f 7747 7744 7746
f 7748 6050 7747
f 6050 7748 6076
f 7747 7746 7749
f 7749 7748 7747
f 7745 7750 7746
f 7749 7746 7750
f 7748 7751 6076
f 7751 6078 6076
f 272 7749 7750
f 272 7750 270
f 275 7749 272
f 7750 7752 270
f 7750 7745 7752
f 267 270 7752
f 7752 7745 7743
f 7753 267 7752
f 7743 7753 7752
f 266 267 7753
f 7754 7749 275
f 7749 7754 7748
f 279 7754 275
f 7754 279 282
f 7754 7755 7748
f 7748 7755 7751
f 7756 7754 282
f 7755 7754 7756
f 282 285 7756
f 7757 7751 7755
f 7751 7757 6078
f 7756 7758 7755
f 7756 285 7758
f 7757 7755 7758
f 285 288 7758
f 7757 7759 6078
f 6078 7759 6077
f 7758 7760 7757
f 7759 7757 7760
f 288 7761 7758
f 7760 7758 7761
f 288 291 7761
f 7762 7761 291
f 7761 7762 7760
f 291 294 7762
f 7763 7760 7762
f 7760 7763 7759
f 7762 294 7764
f 7762 7764 7763
f 7759 7763 7765
f 7764 7765 7763
f 6077 7759 7766
f 7759 7765 7766
f 6077 7766 6079
f 7765 7767 7766
f 7767 6079 7766
f 7765 7764 7768
f 7765 7768 7767
f 7764 294 7769
f 7764 7769 7768
f 294 296 7769
f 7767 7770 6079
f 6079 7770 6081
f 7767 7768 7771
f 7771 7770 7767
f 7772 6081 7770
f 7770 7771 7772
f 7772 6089 6081
f 7771 7768 7773
f 7771 7773 7772
f 7768 7769 7773
f 7774 6089 7772
f 7774 6099 6089
f 7775 7772 7773
f 7772 7775 7774
f 7769 7776 7773
f 7769 296 7776
f 7773 7777 7775
f 7773 7776 7777
f 296 7778 7776
f 296 299 7778
f 299 311 7778
f 7778 7779 7776
f 7776 7779 7777
f 7778 311 7780
f 7778 7780 7779
f 7779 7781 7777
f 7781 7779 7780
f 7777 7781 7782
f 7782 7775 7777
f 7780 7783 7781
f 7783 7782 7781
f 7784 7780 311
f 7784 7783 7780
f 313 7784 311
f 313 7785 7784
f 7784 7785 7783
f 7785 313 319
f 7775 7782 7786
f 7775 7786 7774
f 319 7787 7785
f 322 7787 319
f 7782 7788 7786
f 7783 7788 7782
f 322 7789 7787
f 322 328 7789
f 7787 7790 7785
f 7783 7785 7790
f 7787 7789 7791
f 7790 7787 7791
f 328 7792 7789
f 330 7792 328
f 7793 7791 7789
f 7793 7789 7792
f 330 7794 7792
f 7792 7794 7793
f 330 334 7794
f 7791 7793 7795
f 7795 7790 7791
f 7796 7794 334
f 338 7796 334
f 7794 7797 7793
f 338 7798 7796
f 7794 7799 7797
f 7799 7794 7796
f 7798 338 7800
f 338 342 7800
f 7798 7801 7796
f 342 7802 7800
f 343 7802 342
f 7803 7798 7800
f 7798 7803 7801
f 7802 343 349
f 7800 7804 7803
f 7804 7800 7802
f 7805 7801 7803
f 7803 7804 7805
f 7796 7801 7806
f 7806 7799 7796
f 7807 7806 7801
f 7807 7801 7805
f 7808 7799 7806
f 7807 7808 7806
f 7809 7799 7808
f 7797 7799 7809
f 7810 7808 7807
f 7811 7797 7809
f 7793 7797 7811
f 7812 7809 7808
f 7793 7811 7813
f 7813 7795 7793
f 7809 7814 7811
f 7813 7811 7814
f 7812 7814 7809
f 7815 7813 7814
f 7815 7814 7812
f 7816 7795 7813
f 7815 7817 7813
f 7813 7817 7816
f 7818 7815 7812
f 7818 7817 7815
f 7819 7812 7808
f 7810 7819 7808
f 7818 7812 7820
f 7812 7819 7820
f 7821 7819 7810
f 7822 7820 7819
f 7822 7819 7821
f 7820 7823 7818
f 7822 7823 7820
f 7821 7810 7824
f 7825 7822 7821
f 7821 7824 7825
f 7822 7825 7826
f 7824 7810 7827
f 7827 7810 7807
f 7827 7807 7805
f 7828 7825 7824
f 7825 7828 7826
f 7829 7824 7827
f 7828 7824 7829
f 7827 7805 7830
f 7831 7829 7827
f 7827 7830 7831
f 7829 7832 7828
f 7829 7831 7832
f 7830 7805 7833
f 7805 7804 7833
f 7831 7830 7834
f 7833 7804 7835
f 7802 7835 7804
f 7830 7833 7836
f 7834 7830 7836
f 7833 7835 7837
f 7833 7837 7836
f 7838 7835 7802
f 349 7838 7802
f 7835 7839 7837
f 7835 7838 7839
f 349 7840 7838
f 7839 7838 7840
f 350 7840 349
f 7841 7840 350
f 7839 7840 7841
f 7841 350 549
f 7837 7839 7842
f 7842 7836 7837
f 7841 7843 7839
f 7839 7843 7842
f 7844 7841 549
f 7845 7843 7841
f 7841 7844 7845
f 549 7846 7844
f 549 551 7846
f 7847 7844 7846
f 7844 7847 7845
f 551 7848 7846
f 7848 7847 7846
f 7849 7843 7845
f 7842 7843 7849
f 7845 7847 7850
f 7850 7849 7845
f 7851 7847 7848
f 7850 7847 7851
f 7852 7848 551
f 551 554 7852
f 7848 7853 7851
f 7852 7853 7848
f 7852 554 7854
f 7852 7855 7853
f 7854 7855 7852
f 554 7856 7854
f 554 560 7856
f 7855 7854 7857
f 7856 7857 7854
f 7853 7855 7858
f 7855 7857 7858
f 7856 560 7859
f 560 563 7859
f 7860 7856 7859
f 7860 7859 563
f 7861 7857 7856
f 7861 7856 7860
f 563 7862 7860
f 563 566 7862
f 7863 7861 7860
f 7862 7863 7860
f 7861 7864 7857
f 566 7865 7862
f 566 571 7865
f 7866 7857 7864
f 7858 7857 7866
f 7864 7861 7867
f 7867 7866 7864
f 7861 7868 7867
f 7863 7868 7861
f 7867 7868 7869
f 7870 7868 7863
f 7868 7870 7869
f 7862 7871 7863
f 7863 7871 7870
f 7871 7862 7872
f 7872 7862 7865
f 7871 7873 7870
f 7872 7873 7871
f 7870 7874 7869
f 7865 7875 7872
f 7870 7876 7874
f 7870 7873 7876
f 7865 7877 7875
f 571 7877 7865
f 571 574 7877
f 7877 574 7878
f 7877 7878 7875
f 574 656 7878
f 7878 656 7879
f 656 659 7879
f 7878 7880 7875
f 7878 7879 7880
f 7879 659 7881
f 665 7881 659
f 7879 7882 7880
f 7881 7882 7879
f 7880 7883 7875
f 7880 7882 7883
f 7884 7875 7883
f 7875 7884 7872
f 7873 7872 7884
f 7884 7883 7885
f 7884 7885 7873
f 7886 7883 7882
f 7883 7886 7885
f 7882 7887 7886
f 7882 7881 7887
f 7888 7885 7886
f 7889 7873 7885
f 7885 7888 7889
f 7886 7890 7888
f 7886 7887 7890
f 7891 7889 7888
f 7888 7890 7891
f 7873 7889 7892
f 7892 7876 7873
f 7889 7891 7893
f 7893 7892 7889
f 7892 7894 7876
f 7874 7876 7894
f 7892 7893 3683
f 7894 7892 3683
f 7894 3683 3678
f 3683 7893 3685
f 7894 3678 3677
f 7893 7895 3685
f 3685 7895 3686
f 7895 3695 3686
f 7874 7894 7896
f 7896 7894 3677
f 7869 7874 7896
f 7896 3677 7897
f 7897 3677 3676
f 7896 7898 7869
f 7896 7897 7898
f 7898 7867 7869
f 3676 3679 7897
f 7898 7866 7867
f 7899 7898 7897
f 7899 7897 3679
f 7866 7898 7899
f 3679 7900 7899
f 7900 3679 3681
f 7866 7899 7901
f 7899 7900 7901
f 7902 7866 7901
f 7866 7902 7858
f 3681 7903 7900
f 3675 7903 3681
f 7900 7904 7901
f 7900 7903 7904
f 7902 7901 7905
f 7904 7905 7901
f 7902 7906 7858
f 7902 7905 7906
f 7853 7858 7906
f 7851 7853 7906
f 7906 7907 7851
f 7907 7906 7905
f 7907 7850 7851
f 7905 7908 7907
f 7909 7850 7907
f 7907 7908 7909
f 7908 7905 7910
f 7908 7910 7909
f 7904 7911 7905
f 7911 7910 7905
f 7912 7911 7904
f 7903 7912 7904
f 7913 7910 7911
f 7911 7912 7913
f 7903 7914 7912
f 7903 3675 7914
f 7915 7910 7913
f 7910 7915 7909
f 7914 3675 7916
f 3675 3674 7916
f 7912 7914 7917
f 7916 3674 7918
f 3670 7918 3674
f 7916 7919 7914
f 7914 7919 7917
f 7916 7918 7920
f 7920 7919 7916
f 7918 3670 7921
f 7920 7918 7921
f 7922 7912 7917
f 7913 7912 7922
f 7917 7919 7923
f 7923 7922 7917
f 7913 7922 7924
f 7915 7913 7924
f 7925 7922 7923
f 7924 7922 7925
f 7923 7919 7926
f 7923 7927 7925
f 7927 7923 7926
f 7924 7925 7928
f 7927 7929 7925
f 7925 7929 7928
f 7930 7927 7926
f 7927 7930 7929
f 7919 7931 7926
f 7919 7920 7931
f 7926 7931 7932
f 7926 7932 7930
f 7931 7920 7933
f 7933 7932 7931
f 7920 7921 7933
f 7934 7930 7932
f 7932 7933 7935
f 7934 7932 7935
f 7936 7933 7921
f 7930 7934 7937
f 7929 7930 7937
f 7933 7936 7938
f 7938 7935 7933
f 7921 7939 7936
f 7940 7938 7936
f 7936 7939 7940
f 7938 7941 7935
f 7938 7940 7941
f 7921 7942 7939
f 7921 3670 7942
f 3649 7942 3670
f 7942 3649 3650
f 7943 7939 7942
f 3650 7943 7942
f 7944 7940 7939
f 7939 7943 7944
f 7943 3650 7945
f 7943 7945 7944
f 7945 3650 3647
f 7940 7944 7946
f 7941 7940 7946
f 7944 7945 7947
f 7947 7946 7944
f 3647 7948 7945
f 7947 7945 7948
f 7948 3647 3646
f 7949 7948 3646
f 3618 7949 3646
f 7949 3618 6393
f 7948 7949 7950
f 7950 7949 6393
f 7948 7951 7947
f 7950 7951 7948
f 7947 7951 7952
f 7951 7950 7952
f 7953 7947 7952
f 7947 7953 7946
f 7952 7950 7954
f 7950 6393 7955
f 7950 7955 7954
f 7955 6393 6391
f 7955 6391 6389
f 7955 6389 6387
f 6387 7956 7955
f 7954 7955 7956
f 6384 7956 6387
f 7954 7957 7952
f 7957 7954 7956
f 7953 7952 7957
f 7956 6384 7958
f 7957 7956 7958
f 7958 6384 6385
f 7959 7953 7957
f 7946 7953 7959
f 7958 7960 7957
f 7957 7960 7959
f 7959 7961 7946
f 7941 7946 7961
f 7960 7962 7959
f 7961 7959 7962
f 7963 7960 7958
f 7960 7963 7962
f 7962 7964 7961
f 7964 7962 7963
f 7961 7965 7941
f 7941 7965 7935
f 7961 7964 7966
f 7965 7961 7966
f 7964 7967 7966
f 7967 7964 7963
f 7965 7968 7935
f 7968 7934 7935
f 7965 7966 7969
f 7969 7966 7967
f 7968 7965 7970
f 7970 7965 7969
f 7934 7968 7970
f 7969 7967 7971
f 7972 7934 7970
f 7969 7971 6344
f 6345 7969 6344
f 7970 7969 6345
f 6346 6344 7971
f 7973 7970 6345
f 7970 7973 7972
f 7971 7974 6346
f 7974 6348 6346
f 7971 7967 7975
f 7974 7971 7975
f 7967 7963 7975
f 7974 7976 6348
f 7976 6354 6348
f 6364 6354 7976
f 7975 7977 7974
f 7974 7977 7976
f 6364 7976 7978
f 7977 7978 7976
f 7978 6385 6364
f 7977 7975 7979
f 7977 7979 7978
f 7979 6385 7978
f 7975 7963 7979
f 7979 7958 6385
f 7963 7958 7979
f 7980 7973 6345
f 6345 6339 7980
f 7981 7973 7980
f 7973 7981 7972
f 6339 7982 7980
f 7982 6339 6336
f 7983 7981 7980
f 7983 7980 7982
f 7984 7972 7981
f 7984 7981 7983
f 6336 7985 7982
f 7985 6336 6332
f 7983 7982 7986
f 7986 7982 7985
f 6332 7987 7985
f 7987 7986 7985
f 7987 6332 6330
f 7988 7983 7986
f 7988 7984 7983
f 7986 7987 7989
f 7989 7988 7986
f 7990 7987 6330
f 7987 7990 7989
f 7990 6330 7991
f 7991 6330 6125
f 7991 6125 6123
f 6123 7992 7991
f 7992 7990 7991
f 6123 6122 7992
f 7992 7993 7990
f 7994 7992 6122
f 7994 7993 7992
f 7993 7995 7990
f 7993 7994 7995
f 7995 7989 7990
f 7994 6122 7996
f 6119 7996 6122
f 7997 7995 7994
f 7996 7997 7994
f 7998 7989 7995
f 7995 7997 7998
f 7998 7999 7989
f 7999 7988 7989
f 8000 7998 7997
f 8000 7999 7998
f 8001 7997 7996
f 7997 8001 8000
f 8002 7996 6119
f 8002 6119 6118
f 7996 8003 8001
f 7996 8002 8003
f 7828 8001 8003
f 7826 8003 8002
f 8003 7826 7828
f 8002 8004 7826
f 8004 8002 6118
f 7822 7826 8004
f 7823 7822 8004
f 6118 7823 8004
f 6118 6117 7823
f 7823 6117 8005
f 7818 7823 8005
f 6117 6108 8005
f 7818 8005 6108
f 6108 8006 7818
f 8006 6108 6103
f 7818 8006 7817
f 8007 8006 6103
f 8007 6103 6101
f 7817 8006 8008
f 8006 8007 8008
f 7816 7817 8008
f 8009 8007 6101
f 8007 8009 8008
f 6101 6098 8009
f 7816 8008 8010
f 8009 6098 8011
f 6098 6096 8011
f 8008 8009 8012
f 8009 8011 8012
f 8010 8008 8012
f 8013 8011 6096
f 6099 8013 6096
f 8013 6099 7774
f 8011 8014 8012
f 8013 8014 8011
f 8015 8013 7774
f 8015 8014 8013
f 8015 7774 7786
f 8012 8014 8016
f 8016 8014 8015
f 8012 8016 8010
f 7786 8017 8015
f 7786 7788 8017
f 8015 8017 8018
f 8017 7788 8018
f 8015 8018 8016
f 7783 8018 7788
f 8018 7783 7790
f 8016 8018 8019
f 8019 8018 7790
f 8010 8016 8019
f 8010 8019 7816
f 8019 7790 7795
f 8019 7795 7816
f 8020 7934 7972
f 7972 7984 8020
f 8020 7937 7934
f 7984 8021 8020
f 8020 8021 7937
f 7988 8021 7984
f 8022 7937 8021
f 7929 7937 8022
f 8023 8021 7988
f 8023 8022 8021
f 7999 8023 7988
f 8024 7929 8022
f 8024 7928 7929
f 8023 8025 8022
f 8024 8022 8025
f 8026 8023 7999
f 8026 7999 8000
f 8025 8023 8027
f 8026 8027 8023
f 8025 8028 8024
f 8025 8027 8028
f 8024 8029 7928
f 8028 8029 8024
f 8029 7924 7928
f 7915 7924 8029
f 8028 8027 8030
f 8030 8027 8026
f 8028 8031 8029
f 8026 8032 8030
f 8032 8026 8000
f 8001 8032 8000
f 8033 8028 8030
f 8033 8031 8028
f 8001 8034 8032
f 8034 8001 7828
f 7828 7832 8034
f 7832 8032 8034
f 8032 8035 8030
f 8032 7832 8035
f 8030 8035 8033
f 7831 8035 7832
f 8036 8035 7831
f 8033 8035 8036
f 8036 7831 7834
f 8036 8037 8033
f 8031 8033 8037
f 8038 8036 7834
f 8037 8036 8038
f 7836 8038 7834
f 7842 8038 7836
f 7842 8039 8038
f 8038 8039 8037
f 8039 7842 7849
f 8037 8040 8031
f 8029 8031 8040
f 8040 7915 8029
f 8040 8037 8041
f 8040 8041 7915
f 8041 8037 8039
f 7915 8041 7909
f 8039 8042 8041
f 8041 8042 7909
f 7849 8042 8039
f 8042 7850 7909
f 7849 7850 8042
f 8043 7895 7893
f 7891 8043 7893
f 8043 8044 7895
f 7895 8044 3695
f 3695 8044 3696
f 7891 8045 8043
f 8045 8044 8043
f 7890 8045 7891
f 8044 8046 3696
f 3696 8046 3698
f 7890 8047 8045
f 7887 8047 7890
f 8048 3698 8046
f 8048 3700 3698
f 3700 8048 3703
f 8049 8046 8044
f 8049 8048 8046
f 8045 8049 8044
f 8050 3703 8048
f 8049 8050 8048
f 3703 8050 3713
f 8045 8051 8049
f 8047 8051 8045
f 8052 8050 8049
f 8051 8052 8049
f 3713 8050 8052
f 8047 8053 8051
f 8053 8047 7887
f 7881 8053 7887
f 8052 8051 8054
f 8053 8054 8051
f 8052 8055 3713
f 8054 8055 8052
f 7881 8056 8053
f 7881 665 8056
f 665 668 8056
f 8054 8053 8057
f 8056 8057 8053
f 8055 8054 8057
f 8056 668 8058
f 8056 8058 8057
f 668 669 8058
f 8059 8055 8057
f 8058 8059 8057
f 3713 8055 8059
f 8059 3710 3713
f 3717 3710 8059
f 8058 669 8060
f 8058 8060 8059
f 8060 3717 8059
f 669 689 8060
f 3717 8060 689
f 16 20 8061
f 27 8061 20
f 8061 8062 16
f 13 16 8062
f 8061 27 8063
f 8062 8061 8063
f 8063 27 8064
f 8064 27 30
f 8062 8065 13
f 8064 30 8066
f 8066 30 34
f 8063 8067 8062
f 8062 8067 8065
f 8068 8063 8064
f 8068 8067 8063
f 8069 8064 8066
f 8064 8069 8068
f 8070 8066 34
f 8070 8069 8066
f 34 38 8070
f 38 8071 8070
f 8070 8071 8069
f 8071 38 41
f 41 44 8071
f 8068 8069 8072
f 8067 8068 8072
f 8073 8069 8071
f 8074 8071 44
f 8073 8071 8074
f 8074 44 8075
f 44 226 8075
f 8076 8069 8073
f 8072 8069 8076
f 8075 226 8077
f 8074 8075 8077
f 229 8077 226
f 8078 8073 8074
f 8074 8077 8078
f 8076 8073 8078
f 8077 229 8079
f 8076 8078 8080
f 229 8081 8079
f 8081 229 230
f 8078 8077 8082
f 8082 8080 8078
f 8081 230 8083
f 8083 230 234
f 8084 8081 8083
f 8079 8081 8084
f 8083 234 8085
f 8083 8085 8084
f 234 235 8085
f 8077 8079 8086
f 8086 8079 8084
f 8077 8086 8082
f 8085 235 8087
f 266 8087 235
f 266 7753 8087
f 8087 8088 8085
f 8084 8085 8088
f 7753 8089 8087
f 8088 8087 8089
f 7753 7743 8089
f 8090 8089 7743
f 8090 7743 7741
f 8090 8091 8089
f 8090 7741 8091
f 8089 8092 8088
f 8091 8092 8089
f 8093 8088 8092
f 8091 8093 8092
f 8084 8088 8094
f 8094 8088 8093
f 8094 8095 8084
f 8086 8084 8095
f 8094 8093 8096
f 8095 8094 8097
f 8096 8097 8094
f 8098 8086 8095
f 8095 8097 8099
f 8097 8096 8099
f 8098 8095 8100
f 8095 8099 8100
f 8098 8101 8086
f 8101 8098 8100
f 8101 8082 8086
f 8101 8102 8082
f 8080 8082 8102
f 8102 8101 8103
f 8100 8103 8101
f 8080 8102 8104
f 8102 8103 8104
f 8104 8105 8080
f 8106 8104 8103
f 8104 8106 8105
f 8107 8103 8100
f 8106 8103 8107
f 8108 8107 8100
f 8100 8099 8108
f 8107 8108 8109
f 8108 8099 8110
f 8109 8108 8110
f 8111 8107 8109
f 8111 8106 8107
f 8110 8112 8109
f 8109 8112 8111
f 8110 8099 8113
f 8099 8096 8113
f 8112 8110 8114
f 8113 8114 8110
f 8115 8111 8112
f 8096 8116 8113
f 8115 8117 8111
f 8111 8117 8106
f 8118 8116 8096
f 8096 8093 8118
f 8093 8119 8118
f 8093 8091 8119
f 8116 8118 8120
f 8120 8118 8119
f 8121 8119 8091
f 8120 8119 8121
f 8121 8091 7741
f 8116 8120 8122
f 8116 8122 8113
f 8120 8121 8123
f 8123 8122 8120
f 7741 8124 8121
f 8123 8121 8124
f 7741 7738 8124
f 7739 8124 7738
f 8124 7739 8125
f 8124 8125 8123
f 8125 7739 7736
f 8126 8123 8125
f 8126 8122 8123
f 8125 7736 8127
f 8126 8125 8127
f 8122 8126 8128
f 8128 8126 8127
f 8122 8129 8113
f 8129 8122 8128
f 8129 8114 8113
f 8129 8128 8130
f 8129 8130 8114
f 8127 8131 8128
f 8130 8128 8131
f 8132 8127 7736
f 8127 8132 8131
f 8132 7736 7733
f 8132 7733 7728
f 8131 8132 8133
f 8130 8131 8133
f 8132 7728 8134
f 8132 8134 8133
f 7728 7725 8134
f 8134 7725 7668
f 8134 7668 8135
f 8133 8134 8135
f 7661 8135 7668
f 8135 7661 7659
f 8136 8133 8135
f 8136 8135 7659
f 8130 8133 8136
f 7659 8137 8136
f 8137 7659 7650
f 8130 8136 8138
f 8138 8136 8137
f 8138 8114 8130
f 7650 8139 8137
f 8139 7650 7644
f 8114 8138 8140
f 8112 8114 8140
f 8139 7644 8141
f 7643 8141 7644
f 8142 8137 8139
f 8141 8142 8139
f 8137 8142 8138
f 8143 8141 7643
f 8143 8142 8141
f 8144 8138 8142
f 8140 8138 8144
f 8145 8142 8143
f 8144 8142 8145
f 8144 8146 8140
f 8140 8146 8112
f 8146 8144 8145
f 8112 8146 8115
f 7643 8147 8143
f 7643 7642 8147
f 8145 8143 8148
f 8143 8147 8148
f 8146 8145 8149
f 8149 8145 8148
f 8146 8150 8115
f 8146 8149 8150
f 8150 8117 8115
f 8151 8149 8148
f 8149 8151 8150
f 8152 8148 8147
f 8151 8148 8152
f 8152 8147 7642
f 8151 8153 8150
f 8150 8153 8117
f 8152 8154 8151
f 8155 8117 8153
f 8155 8106 8117
f 8153 8151 8156
f 8155 8153 8156
f 8156 8151 8154
f 8106 8155 8157
f 8106 8157 8105
f 8156 8158 8155
f 8157 8155 8158
f 8156 8154 8159
f 8158 8156 8159
f 8154 8152 8160
f 8152 7642 8160
f 8159 8154 8160
f 7642 7637 8160
f 8157 8158 8161
f 8160 7637 8162
f 8163 8157 8161
f 8163 8105 8157
f 8162 8164 8160
f 8159 8160 8164
f 8163 8165 8105
f 8080 8105 8165
f 8165 8076 8080
f 8165 8072 8076
f 8165 8166 8072
f 8072 8166 8067
f 8165 8163 8167
f 8165 8167 8166
f 8167 8067 8166
f 8161 8167 8163
f 8067 8167 8168
f 8161 8168 8167
f 8065 8067 8168
f 8161 8158 8169
f 8168 8161 8169
f 8169 8158 8159
f 8065 8168 8170
f 13 8065 8170
f 8170 10 13
f 8170 6 10
f 8171 8170 8168
f 6 8170 8172
f 8172 8170 8171
f 8171 8168 8173
f 8168 8169 8173
f 8171 8174 8172
f 8174 8171 8173
f 8175 6 8172
f 8 6 8175
f 8 8175 109
f 8176 8175 8172
f 8172 8174 8176
f 109 8175 8177
f 8175 8176 8177
f 8174 8173 8178
f 8173 8169 8178
f 8178 8179 8174
f 8176 8174 8179
f 8180 8178 8169
f 8180 8179 8178
f 8169 8159 8180
f 8181 8176 8179
f 8180 8181 8179
f 8180 8159 8182
f 8182 8181 8180
f 8159 8164 8182
f 8183 8176 8181
f 8183 8177 8176
f 8164 8184 8182
f 8182 8184 8181
f 8162 8184 8164
f 8185 8183 8181
f 8184 8185 8181
f 8183 8186 8177
f 8185 8186 8183
f 8187 8185 8184
f 8185 8187 8186
f 8184 8162 8187
f 8186 8188 8177
f 109 8177 8188
f 111 109 8188
f 8187 8162 8189
f 8162 7637 8189
f 8187 8190 8186
f 8189 8190 8187
f 8188 8186 8190
f 8189 7637 8191
f 8189 8191 8190
f 118 8191 7637
f 8191 118 114
f 111 8188 8192
f 114 111 8192
f 8192 8188 8190
f 114 8193 8191
f 114 8192 8193
f 8193 8190 8191
f 8190 8193 8192

